指标名称,USDCNH:即期汇率
2012-04-30,6.3004999999999995
2012-05-01,6.3
2012-05-02,6.3058
2012-05-03,6.3034
2012-05-04,6.305
2012-05-07,6.309
2012-05-08,6.3082
2012-05-09,6.3146
2012-05-10,6.313
2012-05-11,6.3148
2012-05-14,6.3225
2012-05-15,6.3212
2012-05-16,6.323
2012-05-17,6.3256
2012-05-18,6.3246
2012-05-21,6.323
2012-05-22,6.3262
2012-05-23,6.333900000000001
2012-05-24,6.343100000000001
2012-05-25,6.346499999999999
2012-05-28,6.3426
2012-05-29,6.347
2012-05-30,6.3596
2012-05-31,6.3706
2012-06-01,6.368099999999999
2012-06-04,6.3652
2012-06-05,6.366
2012-06-06,6.358
2012-06-07,6.358
2012-06-08,6.374099999999999
2012-06-11,6.3712
2012-06-12,6.371100000000001
2012-06-13,6.37
2012-06-14,6.368
2012-06-15,6.373100000000001
2012-06-18,6.365
2012-06-19,6.357
2012-06-20,6.36
2012-06-21,6.3706
2012-06-22,6.3698
2012-06-25,6.373
2012-06-26,6.3666
2012-06-27,6.363
2012-06-28,6.3646
2012-06-29,6.355100000000001
2012-07-02,6.354
2012-07-03,6.352
2012-07-04,6.3485
2012-07-05,6.3616
2012-07-06,6.3726
2012-07-09,6.3616
2012-07-10,6.3616
2012-07-11,6.3616
2012-07-12,6.3738
2012-07-13,6.3728
2012-07-16,6.375100000000001
2012-07-17,6.375100000000001
2012-07-18,6.372
2012-07-19,6.3726
2012-07-20,6.3736
2012-07-23,6.386899999999999
2012-07-24,6.3886
2012-07-25,6.388
2012-07-26,6.381
2012-07-27,6.382499999999999
2012-07-30,6.381
2012-07-31,6.3798
2012-08-01,6.3808
2012-08-02,6.3900999999999994
2012-08-03,6.3779
2012-08-06,6.375500000000001
2012-08-07,6.376
2012-08-08,6.3713
2012-08-09,6.365
2012-08-10,6.366300000000001
2012-08-13,6.3649
2012-08-14,6.3648
2012-08-15,6.3698
2012-08-16,6.3696
2012-08-17,6.3645
2012-08-20,6.364
2012-08-21,6.357500000000001
2012-08-22,6.3574
2012-08-23,6.3576
2012-08-24,6.361
2012-08-27,6.361
2012-08-28,6.361
2012-08-29,6.3576
2012-08-30,6.3552
2012-08-31,6.3557
2012-09-03,6.351100000000001
2012-09-04,6.349
2012-09-05,6.3496
2012-09-06,6.346
2012-09-07,6.3444
2012-09-10,6.345
2012-09-11,6.3382
2012-09-12,6.338
2012-09-13,6.3291
2012-09-14,6.3258
2012-09-17,6.324
2012-09-18,6.3314
2012-09-19,6.3166
2012-09-20,6.315
2012-09-21,6.3136
2012-09-24,6.3166
2012-09-25,6.315
2012-09-26,6.3055
2012-09-27,6.3056
2012-09-28,6.3063
2012-10-01,6.3046
2012-10-02,6.303100000000001
2012-10-03,6.3076
2012-10-04,6.301699999999999
2012-10-05,6.295699999999999
2012-10-08,6.2938
2012-10-09,6.2936
2012-10-10,6.2916
2012-10-11,6.2807
2012-10-12,6.2736
2012-10-15,6.267
2012-10-16,6.2624
2012-10-17,6.2526
2012-10-18,6.256
2012-10-19,6.257
2012-10-22,6.2494
2012-10-23,6.254
2012-10-24,6.249
2012-10-25,6.2374
2012-10-26,6.245299999999999
2012-10-29,6.2476
2012-10-30,6.2444
2012-10-31,6.2421
2012-11-01,6.242
2012-11-02,6.2425
2012-11-05,6.2416
2012-11-06,6.2408
2012-11-07,6.2366
2012-11-08,6.2344
2012-11-09,6.2358
2012-11-12,6.222
2012-11-13,6.218700000000001
2012-11-14,6.2142
2012-11-15,6.2324
2012-11-16,6.2418
2012-11-19,6.231
2012-11-20,6.2346
2012-11-21,6.2322
2012-11-22,6.228
2012-11-23,6.229
2012-11-26,6.2246
2012-11-27,6.225
2012-11-28,6.2218
2012-11-29,6.2083
2012-11-30,6.21
2012-12-03,6.2114
2012-12-04,6.2074
2012-12-05,6.2109
2012-12-06,6.2128
2012-12-07,6.2095
2012-12-10,6.21
2012-12-11,6.227900000000001
2012-12-12,6.2246
2012-12-13,6.2216
2012-12-14,6.218700000000001
2012-12-17,6.2164
2012-12-18,6.2088
2012-12-19,6.2078
2012-12-20,6.2122
2012-12-21,6.223699999999999
2012-12-24,6.2235000000000005
2012-12-25,6.2248
2012-12-26,6.2306
2012-12-27,6.228
2012-12-28,6.226300000000001
2012-12-31,6.224
2013-01-02,6.2056
2013-01-03,6.212700000000001
2013-01-04,6.2132
2013-01-08,6.2096
2013-01-11,6.187
2013-01-16,6.1866
2013-01-17,6.1838
2013-01-18,6.189100000000001
2013-01-21,6.195
2013-01-22,6.1964999999999995
2013-01-23,6.2006
2013-01-24,6.204
2013-01-25,6.224
2013-01-28,6.234700000000001
2013-01-29,6.219500000000001
2013-01-30,6.212
2013-01-31,6.21
2013-02-01,6.2108
2013-02-04,6.2176
2013-02-05,6.2146
2013-02-06,6.2151000000000005
2013-02-07,6.225
2013-02-08,6.2204
2013-02-11,6.2200999999999995
2013-02-12,6.2196
2013-02-13,6.2193
2013-02-14,6.22
2013-02-15,6.2196
2013-02-18,6.2334
2013-02-19,6.2376
2013-02-20,6.239
2013-02-21,6.2407
2013-02-22,6.2346
2013-02-25,6.2336
2013-02-26,6.2261
2013-02-27,6.2226
2013-02-28,6.221100000000001
2013-03-01,6.220700000000001
2013-03-04,6.224099999999999
2013-03-05,6.2166
2013-03-06,6.2101
2013-03-07,6.2018
2013-03-08,6.206
2013-03-11,6.2056
2013-03-12,6.206
2013-03-13,6.2148
2013-03-14,6.209299999999999
2013-03-15,6.2026
2013-03-18,6.2076
2013-03-19,6.213500000000001
2013-03-20,6.206099999999999
2013-03-21,6.205699999999999
2013-03-22,6.2036
2013-03-25,6.2046
2013-03-26,6.2044999999999995
2013-03-27,6.210700000000001
2013-03-28,6.2075000000000005
2013-03-29,6.2068
2013-04-01,6.203100000000001
2013-04-02,6.1935
2013-04-03,6.1952
2013-04-04,6.200499999999999
2013-04-05,6.199
2013-04-08,6.197699999999999
2013-04-09,6.190499999999999
2013-04-10,6.1861
2013-04-11,6.1843
2013-04-12,6.1864
2013-04-15,6.195500000000001
2013-04-16,6.1843
2013-04-17,6.1767
2013-04-18,6.1758
2013-04-19,6.181
2013-04-22,6.1796999999999995
2013-04-23,6.1792
2013-04-24,6.1713
2013-04-25,6.167299999999999
2013-04-26,6.1668
2013-04-29,6.164300000000001
2013-04-30,6.163100000000001
2013-05-01,6.1626
2013-05-02,6.159699999999999
2013-05-03,6.1546
2013-05-06,6.1755
2013-05-07,6.156300000000001
2013-05-08,6.1367
2013-05-09,6.1427000000000005
2013-05-10,6.1532
2013-05-13,6.144099999999999
2013-05-14,6.141699999999999
2013-05-15,6.143699999999999
2013-05-16,6.1447
2013-05-17,6.1454
2013-05-20,6.130300000000001
2013-05-21,6.132899999999999
2013-05-22,6.135
2013-05-23,6.1297
2013-05-24,6.123500000000001
2013-05-27,6.115100000000001
2013-05-28,6.1207
2013-05-29,6.1322
2013-05-30,6.135
2013-05-31,6.148700000000001
2013-06-03,6.126499999999999
2013-06-04,6.1292
2013-06-05,6.1287
2013-06-06,6.1282
2013-06-07,6.138700000000001
2013-06-10,6.148700000000001
2013-06-11,6.1418
2013-06-12,6.146300000000001
2013-06-13,6.139100000000001
2013-06-14,6.1338
2013-06-17,6.1312999999999995
2013-06-18,6.1371
2013-06-19,6.132499999999999
2013-06-20,6.1292
2013-06-21,6.1309
2013-06-24,6.1412
2013-06-25,6.1416
2013-06-26,6.1476999999999995
2013-06-27,6.1447
2013-06-28,6.1371
2013-07-01,6.1297
2013-07-02,6.130700000000001
2013-07-03,6.1302
2013-07-04,6.1298
2013-07-05,6.138700000000001
2013-07-08,6.1373
2013-07-09,6.138300000000001
2013-07-10,6.1366
2013-07-11,6.1363
2013-07-12,6.142
2013-07-15,6.140700000000001
2013-07-16,6.135699999999999
2013-07-17,6.137500000000001
2013-07-18,6.140899999999999
2013-07-19,6.1367
2013-07-22,6.1355
2013-07-23,6.134
2013-07-24,6.1356
2013-07-25,6.136499999999999
2013-07-26,6.1352
2013-07-29,6.1352
2013-07-30,6.1347000000000005
2013-07-31,6.1328
2013-08-01,6.132899999999999
2013-08-02,6.1264
2013-08-05,6.1217
2013-08-06,6.120499999999999
2013-08-07,6.117900000000001
2013-08-08,6.1132
2013-08-09,6.1194
2013-08-12,6.1178
2013-08-13,6.1192
2013-08-14,6.1145
2013-08-15,6.1102
2013-08-16,6.1096
2013-08-19,6.116499999999999
2013-08-20,6.1149
2013-08-21,6.1186
2013-08-22,6.115
2013-08-23,6.1114
2013-08-26,6.113
2013-08-27,6.1164
2013-08-28,6.117
2013-08-29,6.117500000000001
2013-08-30,6.116499999999999
2013-09-02,6.1148
2013-09-03,6.1148
2013-09-04,6.113100000000001
2013-09-05,6.115100000000001
2013-09-06,6.1142
2013-09-09,6.107500000000001
2013-09-10,6.110499999999999
2013-09-11,6.109699999999999
2013-09-12,6.109
2013-09-13,6.1146
2013-09-16,6.1088
2013-09-17,6.11
2013-09-18,6.105100000000001
2013-09-19,6.109699999999999
2013-09-20,6.111
2013-09-23,6.113
2013-09-24,6.1178
2013-09-25,6.1178
2013-09-26,6.1192
2013-09-27,6.117100000000001
2013-09-30,6.117299999999999
2013-10-01,6.1145
2013-10-02,6.1116
2013-10-03,6.109
2013-10-04,6.1065
2013-10-07,6.1096
2013-10-08,6.1114
2013-10-09,6.1126
2013-10-10,6.1052
2013-10-11,6.1064
2013-10-14,6.1012
2013-10-15,6.0968
2013-10-16,6.097100000000001
2013-10-17,6.0906
2013-10-18,6.0887
2013-10-21,6.0872
2013-10-22,6.0832
2013-10-23,6.085100000000001
2013-10-24,6.077299999999999
2013-10-25,6.0748999999999995
2013-10-28,6.075100000000001
2013-10-29,6.081900000000001
2013-10-30,6.0826
2013-10-31,6.09
2013-11-01,6.085100000000001
2013-11-04,6.0866
2013-11-05,6.0875
2013-11-06,6.0842
2013-11-07,6.085500000000001
2013-11-08,6.0804
2013-11-11,6.079299999999999
2013-11-12,6.076499999999999
2013-11-13,6.0762
2013-11-14,6.078099999999999
2013-11-15,6.0741
2013-11-18,6.07
2013-11-19,6.0624
2013-11-20,6.069
2013-11-21,6.0708
2013-11-22,6.0744
2013-11-25,6.0786
2013-11-26,6.081
2013-11-27,6.086
2013-11-28,6.0856
2013-11-29,6.0848
2013-12-02,6.0858
2013-12-03,6.0836
2013-12-04,6.0792
2013-12-05,6.0782
2013-12-06,6.0692
2013-12-09,6.0638
2013-12-10,6.0654
2013-12-11,6.0762
2013-12-12,6.0752
2013-12-13,6.0734
2013-12-16,6.0704
2013-12-17,6.0704
2013-12-18,6.0736
2013-12-19,6.0742
2013-12-20,6.0704
2013-12-23,6.0714
2013-12-24,6.074
2013-12-25,6.0722
2013-12-26,6.0754
2013-12-27,6.073
2013-12-30,6.067
2013-12-31,6.0568
2014-01-02,6.0516
2014-01-03,6.0494
2014-01-06,6.0444
2014-01-07,6.0396
2014-01-08,6.0392
2014-01-09,6.0396
2014-01-10,6.033
2014-01-13,6.027900000000001
2014-01-14,6.0194
2014-01-15,6.0232
2014-01-16,6.0246
2014-01-17,6.0235
2014-01-20,6.0196
2014-01-21,6.0322
2014-01-22,6.0295000000000005
2014-01-23,6.0382
2014-01-24,6.043
2014-01-27,6.038099999999999
2014-01-28,6.0304
2014-01-29,6.0312
2014-01-30,6.035100000000001
2014-01-31,6.0352
2014-02-03,6.0337
2014-02-04,6.028
2014-02-05,6.0274
2014-02-06,6.0256
2014-02-07,6.027500000000001
2014-02-10,6.0358
2014-02-11,6.035900000000001
2014-02-12,6.037100000000001
2014-02-13,6.0405
2014-02-14,6.035299999999999
2014-02-17,6.035500000000001
2014-02-18,6.0376
2014-02-19,6.0498
2014-02-20,6.071699999999999
2014-02-21,6.092899999999999
2014-02-24,6.0956
2014-02-25,6.1164
2014-02-26,6.119299999999999
2014-02-27,6.100300000000001
2014-02-28,6.12
2014-03-03,6.1268
2014-03-04,6.1305
2014-03-05,6.121
2014-03-06,6.100499999999999
2014-03-07,6.1115
2014-03-10,6.1372
2014-03-11,6.141
2014-03-12,6.1416
2014-03-13,6.1439
2014-03-14,6.1564
2014-03-17,6.159
2014-03-18,6.1775
2014-03-19,6.1918
2014-03-20,6.206899999999999
2014-03-21,6.2015
2014-03-24,6.181100000000001
2014-03-25,6.1852
2014-03-26,6.2021
2014-03-27,6.208
2014-03-28,6.204300000000001
2014-03-31,6.2154
2014-04-01,6.2056
2014-04-02,6.2048
2014-04-03,6.2156
2014-04-04,6.213100000000001
2014-04-07,6.2104
2014-04-08,6.190899999999999
2014-04-09,6.1914
2014-04-10,6.210300000000001
2014-04-11,6.209900000000001
2014-04-14,6.2232
2014-04-15,6.224899999999999
2014-04-16,6.2254
2014-04-17,6.221100000000001
2014-04-18,6.2231000000000005
2014-04-21,6.228700000000001
2014-04-22,6.2376
2014-04-23,6.2386
2014-04-24,6.2524
2014-04-25,6.2578
2014-04-28,6.251500000000001
2014-04-29,6.2586
2014-04-30,6.2524999999999995
2014-05-01,6.2524999999999995
2014-05-02,6.255699999999999
2014-05-05,6.2436
2014-05-06,6.2218
2014-05-07,6.234300000000001
2014-05-08,6.2315000000000005
2014-05-09,6.235500000000001
2014-05-12,6.2419
2014-05-13,6.2357
2014-05-14,6.2264
2014-05-15,6.2316
2014-05-16,6.233299999999999
2014-05-19,6.2366
2014-05-20,6.2368999999999994
2014-05-21,6.2342
2014-05-22,6.2322
2014-05-23,6.2341
2014-05-26,6.236700000000001
2014-05-27,6.2544
2014-05-28,6.265
2014-05-29,6.2476
2014-05-30,6.247699999999999
2014-06-02,6.2559000000000005
2014-06-03,6.2509
2014-06-04,6.255
2014-06-05,6.2559000000000005
2014-06-06,6.245100000000001
2014-06-09,6.2284
2014-06-10,6.2166
2014-06-11,6.2218
2014-06-12,6.213500000000001
2014-06-13,6.212899999999999
2014-06-16,6.219900000000001
2014-06-17,6.2323
2014-06-18,6.2284
2014-06-19,6.229500000000001
2014-06-20,6.2280999999999995
2014-06-23,6.2236
2014-06-24,6.232899999999999
2014-06-25,6.2284
2014-06-26,6.2252
2014-06-27,6.2151000000000005
2014-06-30,6.2056
2014-07-01,6.2034
2014-07-02,6.215
2014-07-03,6.2116
2014-07-04,6.2067000000000005
2014-07-07,6.2025
2014-07-08,6.2038
2014-07-09,6.1968
2014-07-10,6.2032
2014-07-11,6.2044
2014-07-14,6.209299999999999
2014-07-15,6.2152
2014-07-16,6.2074
2014-07-17,6.2068
2014-07-18,6.206899999999999
2014-07-21,6.2052
2014-07-22,6.2034
2014-07-23,6.1922
2014-07-24,6.1918
2014-07-25,6.1886
2014-07-28,6.181299999999999
2014-07-29,6.181900000000001
2014-07-30,6.1738
2014-07-31,6.1808
2014-08-01,6.1746
2014-08-04,6.174499999999999
2014-08-05,6.1697
2014-08-06,6.1604
2014-08-07,6.1662
2014-08-08,6.1554
2014-08-11,6.1538
2014-08-12,6.1603
2014-08-13,6.158899999999999
2014-08-14,6.1519
2014-08-15,6.147900000000001
2014-08-18,6.141299999999999
2014-08-19,6.144499999999999
2014-08-20,6.1447
2014-08-21,6.154700000000001
2014-08-22,6.155900000000001
2014-08-25,6.155100000000001
2014-08-26,6.1507000000000005
2014-08-27,6.144
2014-08-28,6.150499999999999
2014-08-29,6.1494
2014-09-01,6.1461
2014-09-02,6.1524
2014-09-03,6.146
2014-09-04,6.1468
2014-09-05,6.144899999999999
2014-09-11,6.137
2014-09-12,6.140700000000001
2014-09-15,6.1704
2014-09-16,6.1562
2014-09-17,6.1582
2014-09-18,6.146
2014-09-19,6.1444
2014-09-22,6.1533
2014-09-23,6.1424
2014-09-24,6.1396
2014-09-25,6.1476
2014-09-26,6.1447
2014-09-29,6.179
2014-09-30,6.1792
2014-10-01,6.170700000000001
2014-10-02,6.1611
2014-10-03,6.166499999999999
2014-10-06,6.153
2014-10-07,6.1472
2014-10-08,6.1398
2014-10-09,6.139100000000001
2014-10-10,6.1414
2014-10-13,6.1362
2014-10-14,6.1414
2014-10-15,6.1356
2014-10-16,6.1431000000000004
2014-10-17,6.141500000000001
2014-10-20,6.1332
2014-10-21,6.1274
2014-10-22,6.124899999999999
2014-10-23,6.1262
2014-10-24,6.1238
2014-10-27,6.120099999999999
2014-10-28,6.1142
2014-10-29,6.1174
2014-10-30,6.117699999999999
2014-10-31,6.128099999999999
2014-11-03,6.1298
2014-11-04,6.1182
2014-11-05,6.1202
2014-11-06,6.1218
2014-11-07,6.136099999999999
2014-11-10,6.1244
2014-11-11,6.1292
2014-11-12,6.1356
2014-11-13,6.1294
2014-11-17,6.1262
2014-11-18,6.1178
2014-11-19,6.125
2014-11-20,6.1256
2014-11-21,6.1346
2014-11-24,6.1595
2014-11-25,6.147
2014-11-26,6.1532
2014-11-27,6.1472
2014-11-28,6.16
2014-12-01,6.1582
2014-12-02,6.156899999999999
2014-12-03,6.1472999999999995
2014-12-04,6.1519
2014-12-05,6.1595
2014-12-08,6.1736
2014-12-09,6.1876
2014-12-10,6.1876
2014-12-11,6.1966
2014-12-12,6.1956
2014-12-15,6.1994
2014-12-16,6.193
2014-12-17,6.201900000000001
2014-12-18,6.221
2014-12-22,6.223
2014-12-23,6.2189
2014-12-24,6.2268
2014-12-25,6.224899999999999
2014-12-26,6.207
2014-12-29,6.2189
2014-12-30,6.2338
2014-12-31,6.2128
2015-01-05,6.228700000000001
2015-01-06,6.227500000000001
2015-01-07,6.2124999999999995
2015-01-08,6.2166
2015-01-09,6.2184
2015-01-12,6.2056
2015-01-13,6.197
2015-01-14,6.1964
2015-01-15,6.1944
2015-01-16,6.21
2015-01-19,6.2242
2015-01-20,6.221
2015-01-21,6.2168
2015-01-22,6.2214
2015-01-26,6.2528
2015-01-27,6.255
2015-01-28,6.243
2015-01-29,6.2593
2015-01-30,6.262
2015-02-02,6.2728
2015-02-03,6.256899999999999
2015-02-04,6.2562
2015-02-05,6.2424
2015-02-06,6.2484
2015-02-09,6.254
2015-02-10,6.2566
2015-02-11,6.246499999999999
2015-02-12,6.2403
2015-02-13,6.243100000000001
2015-02-16,6.2661
2015-02-17,6.2758
2015-02-18,6.2738
2015-02-19,6.2778
2015-02-20,6.2782
2015-02-24,6.2631000000000006
2015-02-25,6.271100000000001
2015-02-26,6.2786
2015-02-27,6.287100000000001
2015-03-02,6.2904
2015-03-03,6.286700000000001
2015-03-04,6.288099999999999
2015-03-05,6.2744
2015-03-06,6.2852
2015-03-09,6.2734
2015-03-10,6.2819
2015-03-11,6.2788
2015-03-12,6.2756
2015-03-13,6.285500000000001
2015-03-16,6.268700000000001
2015-03-17,6.2458
2015-03-18,6.2234
2015-03-19,6.2166
2015-03-20,6.2036
2015-03-23,6.2046
2015-03-24,6.210300000000001
2015-03-25,6.2120999999999995
2015-03-26,6.2155000000000005
2015-03-27,6.2124999999999995
2015-03-30,6.208
2015-03-31,6.207
2015-04-01,6.204700000000001
2015-04-02,6.199699999999999
2015-04-06,6.1948
2015-04-07,6.200499999999999
2015-04-08,6.207
2015-04-09,6.218
2015-04-10,6.2168
2015-04-13,6.2262
2015-04-14,6.214099999999999
2015-04-15,6.2004
2015-04-16,6.1886
2015-04-17,6.1942
2015-04-20,6.1966
2015-04-21,6.1976
2015-04-22,6.1944
2015-04-23,6.192499999999999
2015-04-24,6.1978
2015-04-27,6.2156
2015-04-28,6.2052
2015-04-29,6.2011
2015-04-30,6.2084
2015-05-01,6.211
2015-05-04,6.211100000000001
2015-05-05,6.2067000000000005
2015-05-06,6.2018
2015-05-07,6.2116
2015-05-08,6.2092
2015-05-11,6.2124999999999995
2015-05-12,6.209299999999999
2015-05-13,6.2
2015-05-14,6.204899999999999
2015-05-15,6.2024
2015-05-18,6.2062
2015-05-19,6.2095
2015-05-20,6.206499999999999
2015-05-21,6.197299999999999
2015-05-22,6.2004
2015-05-25,6.2028
2015-05-26,6.2094
2015-05-27,6.205900000000001
2015-05-28,6.204300000000001
2015-06-01,6.205100000000001
2015-06-02,6.200899999999999
2015-06-03,6.1998
2015-06-04,6.2058
2015-06-05,6.2118
2015-06-08,6.2082
2015-06-09,6.2114
2015-06-10,6.209
2015-06-11,6.212
2015-06-12,6.2162
2015-06-15,6.2132
2015-06-16,6.2102
2015-06-17,6.2064
2015-06-18,6.2044
2015-06-19,6.2075000000000005
2015-06-22,6.2042
2015-06-23,6.201
2015-06-24,6.2022
2015-06-25,6.2046
2015-06-26,6.2066
2015-06-29,6.2082
2015-06-30,6.2062
2015-07-01,6.205900000000001
2015-07-02,6.2034
2015-07-03,6.2058
2015-07-06,6.2124
2015-07-07,6.222700000000001
2015-07-08,6.222
2015-07-09,6.2184
2015-07-10,6.2166
2015-07-13,6.2171
2015-07-14,6.214
2015-07-15,6.2162
2015-07-16,6.2142
2015-07-17,6.2128
2015-07-20,6.2144
2015-07-21,6.209299999999999
2015-07-22,6.2124999999999995
2015-07-23,6.214099999999999
2015-07-24,6.2276
2015-07-27,6.220700000000001
2015-07-28,6.217
2015-07-29,6.2182
2015-07-30,6.2204
2015-07-31,6.2218
2015-08-03,6.219500000000001
2015-08-04,6.2198
2015-08-05,6.2178
2015-08-06,6.217299999999999
2015-08-07,6.2166
2015-08-10,6.2148
2015-08-11,6.4027
2015-08-12,6.4488
2015-08-13,6.463
2015-08-14,6.445500000000001
2015-08-17,6.4453
2015-08-18,6.438899999999999
2015-08-19,6.4591
2015-08-20,6.4411000000000005
2015-08-21,6.4536999999999995
2015-08-24,6.4971000000000005
2015-08-25,6.51
2015-08-26,6.4921
2015-08-27,6.479699999999999
2015-08-28,6.4618
2015-08-31,6.4418
2015-09-01,6.417699999999999
2015-09-02,6.449
2015-09-03,6.4491000000000005
2015-09-04,6.4672
2015-09-07,6.478899999999999
2015-09-08,6.454899999999999
2015-09-09,6.4668
2015-09-10,6.3874
2015-09-11,6.4092
2015-09-14,6.4031
2015-09-15,6.4107
2015-09-16,6.4045
2015-09-17,6.4011000000000005
2015-09-18,6.3874
2015-09-21,6.4008
2015-09-22,6.415900000000001
2015-09-23,6.4426
2015-09-24,6.4209
2015-09-25,6.4008
2015-09-28,6.368899999999999
2015-09-29,6.347
2015-09-30,6.362099999999999
2015-10-01,6.367900000000001
2015-10-02,6.3568
2015-10-05,6.3476
2015-10-06,6.350099999999999
2015-10-07,6.3452
2015-10-08,6.3416999999999994
2015-10-09,6.339
2015-10-12,6.3226
2015-10-13,6.3426
2015-10-14,6.3408
2015-10-15,6.3502
2015-10-16,6.3645
2015-10-19,6.3871
2015-10-20,6.371100000000001
2015-10-21,6.3672
2015-10-22,6.391299999999999
2015-10-23,6.3976
2015-10-26,6.389500000000001
2015-10-27,6.3958
2015-10-28,6.394099999999999
2015-10-29,6.35
2015-10-30,6.3215
2015-11-02,6.346099999999999
2015-11-03,6.3447000000000005
2015-11-04,6.3547
2015-11-05,6.3726
2015-11-06,6.391699999999999
2015-11-09,6.3912
2015-11-10,6.394
2015-11-11,6.390499999999999
2015-11-12,6.3914
2015-11-13,6.4052
2015-11-16,6.4
2015-11-17,6.4112
2015-11-18,6.4178
2015-11-19,6.4036
2015-11-20,6.4201
2015-11-23,6.4312
2015-11-24,6.4271
2015-11-25,6.4226
2015-11-26,6.4348
2015-11-27,6.4468
2015-11-30,6.4246
2015-12-01,6.4472
2015-12-02,6.4472
2015-12-03,6.4224
2015-12-04,6.444700000000001
2015-12-07,6.4718
2015-12-08,6.4878
2015-12-09,6.5071
2015-12-10,6.496300000000001
2015-12-11,6.5375000000000005
2015-12-14,6.555299999999999
2015-12-15,6.5398
2015-12-16,6.5236
2015-12-17,6.5682
2015-12-18,6.5574
2015-12-21,6.551900000000001
2015-12-22,6.5264
2015-12-23,6.5446
2015-12-24,6.543699999999999
2015-12-25,6.542300000000001
2015-12-28,6.560499999999999
2015-12-29,6.575900000000001
2015-12-30,6.5674
2015-12-31,6.568700000000001
2016-01-04,6.6291
2016-01-05,6.644899999999999
2016-01-06,6.695900000000001
2016-01-07,6.682899999999999
2016-01-08,6.6832
2016-01-11,6.5842
2016-01-12,6.578
2016-01-13,6.5672999999999995
2016-01-14,6.601299999999999
2016-01-15,6.6146
2016-01-18,6.584300000000001
2016-01-19,6.591100000000001
2016-01-20,6.6032
2016-01-21,6.6036
2016-01-22,6.6122
2016-01-25,6.6096
2016-01-26,6.6116
2016-01-27,6.618
2016-01-28,6.615100000000001
2016-01-29,6.594
2016-02-01,6.6203
2016-02-02,6.6284
2016-02-03,6.6132
2016-02-04,6.5787
2016-02-05,6.5688
2016-02-08,6.5724
2016-02-09,6.565500000000001
2016-02-10,6.5462
2016-02-11,6.5295000000000005
2016-02-12,6.5086
2016-02-15,6.5006
2016-02-16,6.5184
2016-02-17,6.5248
2016-02-18,6.522899999999999
2016-02-19,6.5264999999999995
2016-02-22,6.5282
2016-02-23,6.5334
2016-02-24,6.535
2016-02-25,6.5348999999999995
2016-02-26,6.5475
2016-02-29,6.5522
2016-03-01,6.549500000000001
2016-03-02,6.5489
2016-03-03,6.5223
2016-03-04,6.502300000000001
2016-03-07,6.5093
2016-03-08,6.5086
2016-03-09,6.5116
2016-03-10,6.504
2016-03-11,6.4827
2016-03-14,6.4942
2016-03-15,6.5108
2016-03-16,6.4852
2016-03-17,6.4579
2016-03-18,6.4596
2016-03-21,6.4838
2016-03-22,6.4948999999999995
2016-03-23,6.507
2016-03-24,6.5235
2016-03-25,6.5249
2016-03-28,6.518300000000001
2016-03-29,6.4902
2016-03-30,6.4761
2016-03-31,6.464300000000001
2016-04-01,6.4726
2016-04-04,6.4696
2016-04-05,6.4858
2016-04-06,6.483299999999999
2016-04-07,6.4862
2016-04-08,6.4798
2016-04-11,6.469100000000001
2016-04-12,6.473699999999999
2016-04-13,6.4854
2016-04-14,6.4928
2016-04-15,6.4860999999999995
2016-04-18,6.483299999999999
2016-04-19,6.4689
2016-04-20,6.4831
2016-04-21,6.4878
2016-04-22,6.5062
2016-04-25,6.507
2016-04-26,6.503
2016-04-27,6.5051000000000005
2016-04-28,6.486
2016-04-29,6.4860999999999995
2016-05-03,6.504099999999999
2016-05-04,6.5159
2016-05-05,6.5162
2016-05-06,6.5146
2016-05-09,6.5162
2016-05-10,6.5417
2016-05-11,6.5162
2016-05-12,6.5476
2016-05-13,6.5528
2016-05-16,6.549100000000001
2016-05-17,6.5484
2016-05-18,6.5774
2016-05-19,6.562099999999999
2016-05-20,6.5648
2016-05-23,6.561699999999999
2016-05-24,6.5665
2016-05-25,6.5638
2016-05-26,6.56
2016-05-27,6.5772
2016-05-30,6.5902
2016-05-31,6.587
2016-06-01,6.588499999999999
2016-06-02,6.587
2016-06-03,6.5428
2016-06-06,6.5666
2016-06-07,6.576
2016-06-08,6.5665
2016-06-09,6.584300000000001
2016-06-10,6.6036
2016-06-13,6.5968
2016-06-14,6.6133
2016-06-15,6.5932
2016-06-16,6.5985
2016-06-17,6.597
2016-06-20,6.5904
2016-06-21,6.5958
2016-06-22,6.5809
2016-06-23,6.5808
2016-06-24,6.6378
2016-06-27,6.681299999999999
2016-06-28,6.6856
2016-06-29,6.6556
2016-06-30,6.6698
2016-07-01,6.6774
2016-07-04,6.6744
2016-07-05,6.6902
2016-07-06,6.6972
2016-07-07,6.7016
2016-07-08,6.7018
2016-07-11,6.707
2016-07-12,6.6974
2016-07-13,6.687900000000001
2016-07-14,6.691699999999999
2016-07-15,6.7116
2016-07-18,6.7048
2016-07-19,6.710700000000001
2016-07-20,6.68
2016-07-21,6.6778
2016-07-22,6.6826
2016-07-25,6.6876
2016-07-26,6.6800999999999995
2016-07-27,6.671100000000001
2016-07-28,6.6606
2016-07-29,6.6304
2016-08-01,6.646
2016-08-02,6.6332
2016-08-03,6.6427000000000005
2016-08-04,6.647
2016-08-05,6.6336
2016-08-08,6.6691
2016-08-09,6.6603
2016-08-10,6.6603
2016-08-11,6.6442
2016-08-12,6.65
2016-08-15,6.6472
2016-08-16,6.6306
2016-08-17,6.6354
2016-08-18,6.6332
2016-08-19,6.656
2016-08-22,6.6598
2016-08-23,6.658
2016-08-24,6.6714
2016-08-25,6.6714
2016-08-26,6.6938
2016-08-29,6.69
2016-08-30,6.693
2016-08-31,6.6922
2016-09-01,6.6854
2016-09-02,6.698
2016-09-05,6.692099999999999
2016-09-06,6.6742
2016-09-07,6.6718
2016-09-08,6.6804
2016-09-09,6.6956
2016-09-12,6.6912
2016-09-13,6.6918
2016-09-14,6.667
2016-09-15,6.649699999999999
2016-09-16,6.6554
2016-09-19,6.668
2016-09-20,6.6842
2016-09-21,6.671
2016-09-22,6.680899999999999
2016-09-23,6.6798
2016-09-26,6.6842
2016-09-27,6.6842
2016-09-28,6.6844
2016-09-29,6.6742
2016-09-30,6.6752
2016-10-03,6.6777
2016-10-04,6.6942
2016-10-05,6.6978
2016-10-06,6.7096
2016-10-07,6.7092
2016-10-10,6.7198
2016-10-11,6.7288
2016-10-12,6.7266
2016-10-13,6.7346
2016-10-14,6.738499999999999
2016-10-17,6.7476
2016-10-18,6.7442
2016-10-19,6.741299999999999
2016-10-20,6.7488
2016-10-21,6.764
2016-10-24,6.7848
2016-10-25,6.7766
2016-10-26,6.785500000000001
2016-10-27,6.795
2016-10-28,6.7887
2016-10-31,6.7778
2016-11-01,6.7735
2016-11-02,6.7677
2016-11-03,6.7704
2016-11-04,6.7736
2016-11-07,6.794
2016-11-08,6.7979
2016-11-09,6.834
2016-11-10,6.8306
2016-11-11,6.8226
2016-11-14,6.8546
2016-11-15,6.873
2016-11-16,6.89
2016-11-17,6.9042
2016-11-18,6.9064
2016-11-21,6.905
2016-11-22,6.9126
2016-11-23,6.9544
2016-11-24,6.946
2016-11-25,6.9486
2016-11-28,6.9255
2016-11-29,6.9138
2016-11-30,6.916099999999999
2016-12-01,6.8793
2016-12-02,6.8742
2016-12-05,6.862099999999999
2016-12-06,6.8876
2016-12-07,6.8962
2016-12-08,6.912700000000001
2016-12-09,6.9268
2016-12-12,6.924099999999999
2016-12-13,6.9212
2016-12-14,6.9272
2016-12-15,6.9336
2016-12-16,6.9666
2016-12-19,6.9322
2016-12-20,6.9392
2016-12-21,6.9306
2016-12-22,6.949
2016-12-23,6.9558
2016-12-26,6.9526
2016-12-27,6.9588
2016-12-28,6.9712
2016-12-29,6.9646
2016-12-30,6.969500000000001
2017-01-02,6.974
2017-01-03,6.9588
2017-01-04,6.8662
2017-01-05,6.7886
2017-01-06,6.8488
2017-01-09,6.8802
2017-01-10,6.911
2017-01-11,6.8876
2017-01-12,6.8594
2017-01-13,6.8396
2017-01-16,6.8594
2017-01-17,6.8024
2017-01-18,6.8404
2017-01-19,6.846499999999999
2017-01-20,6.8376
2017-01-23,6.816
2017-01-24,6.8292
2017-01-25,6.8292
2017-01-26,6.8508
2017-01-27,6.8706
2017-01-30,6.8634
2017-01-31,6.8276
2017-02-01,6.8294
2017-02-02,6.8104
2017-02-03,6.8024
2017-02-06,6.8004
2017-02-07,6.8354
2017-02-08,6.8424
2017-02-09,6.8638
2017-02-10,6.8646
2017-02-13,6.8724
2017-02-14,6.8584
2017-02-15,6.8442
2017-02-16,6.8492
2017-02-17,6.8488
2017-02-20,6.8574
2017-02-21,6.8624
2017-02-22,6.857
2017-02-23,6.8484
2017-02-24,6.853
2017-02-27,6.8622
2017-02-28,6.8556
2017-03-01,6.869
2017-03-02,6.8852
2017-03-03,6.896
2017-03-06,6.9012
2017-03-07,6.8934
2017-03-08,6.9164
2017-03-09,6.9032
2017-03-10,6.887
2017-03-13,6.8972
2017-03-14,6.901
2017-03-15,6.8476
2017-03-16,6.8704
2017-03-17,6.8846
2017-03-20,6.889
2017-03-21,6.8742
2017-03-22,6.8636
2017-03-23,6.87
2017-03-24,6.8728
2017-03-27,6.856
2017-03-28,6.8734
2017-03-29,6.868
2017-03-30,6.8842
2017-03-31,6.8716
2017-04-03,6.8744
2017-04-04,6.879
2017-04-05,6.8828
2017-04-06,6.8896
2017-04-07,6.886499999999999
2017-04-10,6.9064
2017-04-11,6.9008
2017-04-12,6.8836
2017-04-13,6.8856
2017-04-14,6.8822
2017-04-17,6.8782
2017-04-18,6.876
2017-04-19,6.8852
2017-04-20,6.8848
2017-04-21,6.8894
2017-04-24,6.8838
2017-04-25,6.8886
2017-04-26,6.8974
2017-04-27,6.9022
2017-04-28,6.8976
2017-05-01,6.8978
2017-05-02,6.8898
2017-05-03,6.8946
2017-05-04,6.8924
2017-05-05,6.9026
2017-05-08,6.909
2017-05-09,6.9154
2017-05-10,6.9134
2017-05-11,6.904
2017-05-12,6.8974
2017-05-15,6.8912
2017-05-16,6.8754
2017-05-17,6.8712
2017-05-18,6.8832
2017-05-19,6.877
2017-05-22,6.8786
2017-05-23,6.8808
2017-05-24,6.8746
2017-05-25,6.8498
2017-05-26,6.8224
2017-05-29,6.8218
2017-05-30,6.8244
2017-05-31,6.7464
2017-06-01,6.75
2017-06-02,6.7758
2017-06-05,6.7826
2017-06-06,6.758
2017-06-07,6.7744
2017-06-08,6.7828
2017-06-09,6.7864
2017-06-12,6.7956
2017-06-13,6.7882
2017-06-14,6.7864
2017-06-15,6.8072
2017-06-16,6.8144
2017-06-19,6.829
2017-06-20,6.8234
2017-06-21,6.8314
2017-06-22,6.8372
2017-06-23,6.8366
2017-06-26,6.8584
2017-06-27,6.8146
2017-06-28,6.8036
2017-06-29,6.7936
2017-06-30,6.7798
2017-07-03,6.7962
2017-07-04,6.806
2017-07-05,6.8
2017-07-06,6.8004
2017-07-07,6.8038
2017-07-10,6.8062
2017-07-11,6.7996
2017-07-12,6.7876
2017-07-13,6.782
2017-07-14,6.767
2017-07-17,6.7642
2017-07-18,6.7498
2017-07-19,6.7596
2017-07-20,6.7558
2017-07-21,6.7584
2017-07-24,6.7496
2017-07-25,6.7588
2017-07-26,6.7432
2017-07-27,6.7438
2017-07-28,6.7374
2017-07-31,6.727
2017-08-01,6.7302
2017-08-02,6.7304
2017-08-03,6.729500000000001
2017-08-04,6.7356
2017-08-07,6.7314
2017-08-08,6.7105
2017-08-09,6.6924
2017-08-10,6.666499999999999
2017-08-11,6.674499999999999
2017-08-14,6.690300000000001
2017-08-15,6.6962
2017-08-16,6.6886
2017-08-17,6.686300000000001
2017-08-18,6.6818
2017-08-21,6.671100000000001
2017-08-22,6.6688
2017-08-23,6.6634
2017-08-24,6.6611
2017-08-25,6.643299999999999
2017-08-28,6.6183000000000005
2017-08-29,6.6078
2017-08-30,6.5988999999999995
2017-08-31,6.595699999999999
2017-09-01,6.560700000000001
2017-09-04,6.529
2017-09-05,6.540099999999999
2017-09-06,6.5413
2017-09-07,6.4866
2017-09-08,6.503
2017-09-11,6.539
2017-09-12,6.536899999999999
2017-09-13,6.547699999999999
2017-09-14,6.543
2017-09-15,6.5485
2017-09-18,6.5738
2017-09-19,6.584700000000001
2017-09-20,6.5864
2017-09-21,6.568099999999999
2017-09-22,6.580499999999999
2017-09-25,6.6118
2017-09-26,6.6286
2017-09-27,6.6398
2017-09-28,6.6541
2017-09-29,6.6476999999999995
2017-10-02,6.673
2017-10-03,6.667
2017-10-04,6.6476999999999995
2017-10-05,6.6542
2017-10-06,6.6512
2017-10-09,6.6152
2017-10-10,6.5668999999999995
2017-10-11,6.573500000000001
2017-10-12,6.5783000000000005
2017-10-13,6.567699999999999
2017-10-16,6.5832999999999995
2017-10-17,6.6074
2017-10-18,6.6196
2017-10-19,6.6058
2017-10-20,6.6238
2017-10-23,6.639
2017-10-24,6.642899999999999
2017-10-25,6.6378
2017-10-26,6.653900000000001
2017-10-27,6.6476999999999995
2017-10-30,6.6372
2017-10-31,6.632700000000001
2017-11-01,6.608899999999999
2017-11-02,6.6068
2017-11-03,6.6371
2017-11-06,6.624099999999999
2017-11-07,6.6426
2017-11-08,6.631900000000001
2017-11-09,6.6486
2017-11-10,6.6608
2017-11-13,6.6574
2017-11-14,6.636499999999999
2017-11-15,6.6328
2017-11-16,6.633
2017-11-17,6.6372
2017-11-20,6.647
2017-11-21,6.6275
2017-11-22,6.5972
2017-11-23,6.5788
2017-11-24,6.5882
2017-11-27,6.5972
2017-11-28,6.6082
2017-11-29,6.6123
2017-11-30,6.611699999999999
2017-12-01,6.5969
2017-12-04,6.6156999999999995
2017-12-05,6.6168
2017-12-06,6.617900000000001
2017-12-07,6.6248
2017-12-08,6.6238
2017-12-11,6.6218
2017-12-12,6.627
2017-12-13,6.613
2017-12-14,6.608
2017-12-15,6.6058
2017-12-18,6.6102
2017-12-19,6.6057
2017-12-20,6.5646
2017-12-21,6.565500000000001
2017-12-22,6.5646
2017-12-25,6.551900000000001
2017-12-26,6.541500000000001
2017-12-27,6.5543000000000005
2017-12-28,6.530899999999999
2017-12-29,6.5136
2018-01-01,6.5136
2018-01-02,6.5017
2018-01-03,6.4958
2018-01-04,6.491699999999999
2018-01-05,6.479100000000001
2018-01-08,6.4972
2018-01-09,6.536300000000001
2018-01-10,6.523
2018-01-11,6.4906
2018-01-12,6.458099999999999
2018-01-15,6.4304
2018-01-16,6.4372
2018-01-17,6.4328
2018-01-18,6.421900000000001
2018-01-19,6.400499999999999
2018-01-22,6.4028
2018-01-23,6.3988
2018-01-24,6.3492
2018-01-25,6.330099999999999
2018-01-26,6.3262
2018-01-29,6.338099999999999
2018-01-30,6.32875
2018-01-31,6.29915
2018-02-01,6.29085
2018-02-02,6.313350000000001
2018-02-05,6.31195
2018-02-06,6.28205
2018-02-07,6.319699999999999
2018-02-08,6.366499999999999
2018-02-09,6.3114
2018-02-12,6.32395
2018-02-13,6.333699999999999
2018-02-14,6.311299999999999
2018-02-15,6.2818
2018-02-16,6.2994
2018-02-19,6.30525
2018-02-20,6.3406
2018-02-21,6.3383
2018-02-22,6.333950000000001
2018-02-23,6.3264
2018-02-26,6.2955000000000005
2018-02-27,6.326300000000001
2018-02-28,6.3309
2018-03-01,6.34765
2018-03-02,6.3286
2018-03-05,6.3351500000000005
2018-03-06,6.30975
2018-03-07,6.32035
2018-03-08,6.344049999999999
2018-03-09,6.32575
2018-03-12,6.324700000000001
2018-03-13,6.32665
2018-03-14,6.3072
2018-03-15,6.32955
2018-03-16,6.326
2018-03-19,6.318849999999999
2018-03-20,6.33365
2018-03-21,6.30465
2018-03-22,6.3397
2018-03-23,6.312550000000001
2018-03-26,6.25425
2018-03-27,6.2684
2018-03-28,6.28525
2018-03-29,6.272899999999999
2018-03-30,6.2628
2018-04-02,6.268750000000001
2018-04-03,6.27315
2018-04-04,6.28615
2018-04-05,6.2928
2018-04-06,6.31305
2018-04-09,6.30395
2018-04-10,6.277699999999999
2018-04-11,6.2735
2018-04-12,6.2776
2018-04-13,6.27325
2018-04-16,6.266249999999999
2018-04-17,6.2822
2018-04-18,6.27185
2018-04-19,6.2772
2018-04-20,6.2791500000000005
2018-04-23,6.309100000000001
2018-04-24,6.29635
2018-04-25,6.322
2018-04-26,6.3276
2018-04-27,6.320049999999999
2018-04-30,6.3158
2018-05-01,6.33805
2018-05-02,6.374899999999999
2018-05-03,6.344
2018-05-04,6.3548
2018-05-07,6.35995
2018-05-08,6.366099999999999
2018-05-09,6.36485
2018-05-10,6.3296
2018-05-11,6.335299999999999
2018-05-14,6.3372
2018-05-15,6.3660499999999995
2018-05-16,6.350499999999999
2018-05-17,6.3576
2018-05-18,6.36245
2018-05-21,6.35735
2018-05-22,6.35315
2018-05-23,6.377
2018-05-24,6.374350000000001
2018-05-25,6.3889
2018-05-28,6.39725
2018-05-29,6.4244
2018-05-30,6.40055
2018-05-31,6.40905
2018-06-01,6.41405
2018-06-04,6.4052999999999995
2018-06-05,6.3950499999999995
2018-06-06,6.377350000000001
2018-06-07,6.38945
2018-06-08,6.3996
2018-06-11,6.39805
2018-06-12,6.40585
2018-06-13,6.38885
2018-06-14,6.41735
2018-06-15,6.4366
2018-06-18,6.45465
2018-06-19,6.4773
2018-06-20,6.48115
2018-06-21,6.50045
2018-06-22,6.510300000000001
2018-06-25,6.54155
2018-06-26,6.5822
2018-06-27,6.617649999999999
2018-06-28,6.635750000000001
2018-06-29,6.635350000000001
2018-07-02,6.6854499999999994
2018-07-03,6.666049999999999
2018-07-04,6.6431000000000004
2018-07-05,6.6579500000000005
2018-07-06,6.6622
2018-07-09,6.6225
2018-07-10,6.64945
2018-07-11,6.72345
2018-07-12,6.69285
2018-07-13,6.7118
2018-07-16,6.70275
2018-07-17,6.722700000000001
2018-07-18,6.7463500000000005
2018-07-19,6.790700000000001
2018-07-20,6.778300000000001
2018-07-23,6.80555
2018-07-24,6.81095
2018-07-25,6.75645
2018-07-26,6.825550000000001
2018-07-27,6.824
2018-07-30,6.8313500000000005
2018-07-31,6.80525
2018-08-01,6.8262
2018-08-02,6.88255
2018-08-03,6.847500000000001
2018-08-06,6.86565
2018-08-07,6.8216
2018-08-08,6.8238
2018-08-09,6.84605
2018-08-10,6.8688
2018-08-13,6.895500000000001
2018-08-14,6.89655
2018-08-15,6.946700000000001
2018-08-16,6.8615
2018-08-17,6.83495
2018-08-20,6.835249999999999
2018-08-21,6.828449999999999
2018-08-22,6.8469500000000005
2018-08-23,6.893699999999999
2018-08-24,6.8055
2018-08-27,6.794899999999999
2018-08-28,6.8022
2018-08-29,6.819500000000001
2018-08-30,6.867299999999999
2018-08-31,6.84475
2018-09-03,6.8351500000000005
2018-09-04,6.8496
2018-09-05,6.8422
2018-09-06,6.8447000000000005
2018-09-07,6.8691
2018-09-10,6.870150000000001
2018-09-11,6.8751500000000005
2018-09-12,6.834899999999999
2018-09-13,6.844950000000001
2018-09-14,6.88015
2018-09-17,6.8702499999999995
2018-09-18,6.86105
2018-09-19,6.85215
2018-09-20,6.835649999999999
2018-09-21,6.84815
2018-09-24,6.8688
2018-09-25,6.86865
2018-09-26,6.876099999999999
2018-09-27,6.8878
2018-09-28,6.87875
2018-10-01,6.88815
2018-10-02,6.88555
2018-10-03,6.8896
2018-10-04,6.8954
2018-10-05,6.8948
2018-10-08,6.9193
2018-10-09,6.91635
2018-10-10,6.924300000000001
2018-10-11,6.878550000000001
2018-10-12,6.9212
2018-10-15,6.92305
2018-10-16,6.913100000000001
2018-10-17,6.9304
2018-10-18,6.93845
2018-10-19,6.934550000000001
2018-10-22,6.937449999999999
2018-10-23,6.93845
2018-10-24,6.944
2018-10-25,6.956
2018-10-26,6.9528
2018-10-29,6.9752
2018-10-30,6.9698
2018-10-31,6.9742
2018-11-01,6.917
2018-11-02,6.9002
2018-11-05,6.914
2018-11-06,6.922750000000001
2018-11-07,6.918099999999999
2018-11-08,6.94075
2018-11-09,6.9484
2018-11-12,6.9643500000000005
2018-11-13,6.946300000000001
2018-11-14,6.9445
2018-11-15,6.928700000000001
2018-11-16,6.92185
2018-11-19,6.9339
2018-11-20,6.945
2018-11-21,6.9264
2018-11-22,6.92595
2018-11-23,6.9444
2018-11-26,6.95035
2018-11-27,6.953950000000001
2018-11-28,6.94065
2018-11-29,6.9358
2018-11-30,6.951350000000001
2018-12-03,6.87615
2018-12-04,6.8492999999999995
2018-12-05,6.859299999999999
2018-12-06,6.8816
2018-12-07,6.88645
2018-12-10,6.91455
2018-12-11,6.907100000000001
2018-12-12,6.869350000000001
2018-12-13,6.878099999999999
2018-12-14,6.90235
2018-12-17,6.90075
2018-12-18,6.892499999999999
2018-12-19,6.905900000000001
2018-12-20,6.8931000000000004
2018-12-21,6.923900000000001
2018-12-24,6.90275
2018-12-25,6.89635
2018-12-26,6.89445
2018-12-27,6.874350000000001
2018-12-28,6.88185
2018-12-31,6.870150000000001
2019-01-01,6.87575
2019-01-02,6.87965
2019-01-03,6.882099999999999
2019-01-04,6.8652999999999995
2019-01-07,6.845750000000001
2019-01-08,6.8542
2019-01-09,6.812449999999999
2019-01-10,6.793150000000001
2019-01-11,6.7608999999999995
2019-01-14,6.76305
2019-01-15,6.773750000000001
2019-01-16,6.7631000000000006
2019-01-17,6.777150000000001
2019-01-18,6.80265
2019-01-21,6.80055
2019-01-22,6.81615
2019-01-23,6.79335
2019-01-24,6.7952
2019-01-25,6.75295
2019-01-28,6.75495
2019-01-29,6.7475000000000005
2019-01-30,6.7116
2019-01-31,6.709350000000001
2019-02-01,6.756950000000001
2019-02-04,6.77825
2019-02-05,6.7627500000000005
2019-02-06,6.778499999999999
2019-02-07,6.7848
2019-02-08,6.7854
2019-02-11,6.80145
2019-02-12,6.77365
2019-02-13,6.78325
2019-02-14,6.779100000000001
2019-02-15,6.770300000000001
2019-02-18,6.773350000000001
2019-02-19,6.74585
2019-02-20,6.71895
2019-02-21,6.72565
2019-02-22,6.702249999999999
2019-02-25,6.6835
2019-02-26,6.6864
2019-02-27,6.6864
2019-02-28,6.70335
2019-03-01,6.713900000000001
2019-03-04,6.707249999999999
2019-03-05,6.7044999999999995
2019-03-06,6.7166
2019-03-07,6.7341
2019-03-08,6.7311000000000005
2019-03-11,6.73225
2019-03-12,6.7068
2019-03-13,6.701350000000001
2019-03-14,6.72185
2019-03-15,6.713500000000001
2019-03-18,6.7208499999999995
2019-03-19,6.7177
2019-03-20,6.6886
2019-03-21,6.707249999999999
2019-03-22,6.72355
2019-03-25,6.7172
2019-03-26,6.7236
2019-03-27,6.7382
2019-03-28,6.7395000000000005
2019-03-29,6.72315
2019-04-01,6.719100000000001
2019-04-02,6.72565
2019-04-03,6.714899999999999
2019-04-04,6.7164
2019-04-05,6.71095
2019-04-08,6.7174
2019-04-09,6.7193
2019-04-10,6.7188
2019-04-11,6.728750000000001
2019-04-12,6.7096
2019-04-15,6.707249999999999
2019-04-16,6.71265
2019-04-17,6.6766499999999995
2019-04-18,6.70785
2019-04-19,6.70245
2019-04-22,6.71255
2019-04-23,6.72935
2019-04-24,6.7345
2019-04-25,6.75045
2019-04-26,6.7384
2019-04-29,6.7388
2019-04-30,6.7378
2019-05-01,6.733
2019-05-02,6.747299999999999
2019-05-03,6.7344
2019-05-06,6.7738499999999995
2019-05-07,6.795
2019-05-08,6.808
2019-05-09,6.837750000000001
2019-05-10,6.844950000000001
2019-05-13,6.912
2019-05-14,6.90445
2019-05-15,6.903449999999999
2019-05-16,6.929100000000001
2019-05-17,6.94855
2019-05-20,6.939649999999999
2019-05-21,6.9335
2019-05-22,6.9361
2019-05-23,6.9268
2019-05-24,6.9175
2019-05-27,6.908499999999999
2019-05-28,6.92145
2019-05-29,6.93315
2019-05-30,6.929049999999999
2019-05-31,6.9369
2019-06-03,6.921950000000001
2019-06-04,6.9212
2019-06-05,6.929100000000001
2019-06-06,6.9281
2019-06-07,6.943900000000001
2019-06-10,6.9437
2019-06-11,6.9254
2019-06-12,6.928649999999999
2019-06-13,6.9292
2019-06-14,6.929950000000001
2019-06-17,6.930350000000001
2019-06-18,6.90245
2019-06-19,6.8944
2019-06-20,6.8611
2019-06-21,6.863500000000001
2019-06-24,6.8755500000000005
2019-06-25,6.8843000000000005
2019-06-26,6.888
2019-06-27,6.8709
2019-06-28,6.8687000000000005
2019-07-01,6.8576999999999995
2019-07-02,6.8877500000000005
2019-07-03,6.88525
2019-07-04,6.8744
2019-07-05,6.8953500000000005
2019-07-08,6.888700000000001
2019-07-09,6.8956
2019-07-10,6.87255
2019-07-11,6.87665
2019-07-12,6.878899999999999
2019-07-15,6.8736
2019-07-16,6.8816
2019-07-17,6.8784
2019-07-18,6.873500000000001
2019-07-19,6.8834
2019-07-22,6.88425
2019-07-23,6.88465
2019-07-24,6.8764
2019-07-25,6.87375
2019-07-26,6.882750000000001
2019-07-29,6.893
2019-07-30,6.889500000000001
2019-07-31,6.909699999999999
2019-08-01,6.954899999999999
2019-08-02,6.97635
2019-08-05,7.0985
2019-08-06,7.053649999999999
2019-08-07,7.082700000000001
2019-08-08,7.077100000000001
2019-08-09,7.098300000000001
2019-08-12,7.10285
2019-08-13,7.010700000000001
2019-08-14,7.05415
2019-08-15,7.048649999999999
2019-08-16,7.04375
2019-08-19,7.075550000000001
2019-08-20,7.070899999999999
2019-08-21,7.068099999999999
2019-08-22,7.0894
2019-08-23,7.13545
2019-08-26,7.1683
2019-08-27,7.16735
2019-08-28,7.16995
2019-08-29,7.14355
2019-08-30,7.16165
2019-09-02,7.194700000000001
2019-09-03,7.1778
2019-09-04,7.1472
2019-09-05,7.138
2019-09-06,7.106300000000001
2019-09-09,7.117
2019-09-10,7.10935
2019-09-11,7.10855
2019-09-12,7.068700000000001
2019-09-13,7.04635
2019-09-16,7.0622
2019-09-17,7.08615
2019-09-18,7.083150000000001
2019-09-19,7.10285
2019-09-20,7.120499999999999
2019-09-23,7.1103000000000005
2019-09-24,7.1066
2019-09-25,7.1284
2019-09-26,7.12415
2019-09-27,7.1374
2019-09-30,7.14105
2019-10-01,7.14635
2019-10-02,7.147
2019-10-03,7.1282499999999995
2019-10-04,7.1128
2019-10-07,7.134499999999999
2019-10-08,7.164700000000001
2019-10-09,7.13815
2019-10-10,7.10395
2019-10-11,7.0882499999999995
2019-10-14,7.07
2019-10-15,7.08335
2019-10-16,7.101100000000001
2019-10-17,7.08125
2019-10-18,7.072550000000001
2019-10-21,7.0695500000000004
2019-10-22,7.0767500000000005
2019-10-23,7.061
2019-10-24,7.072700000000001
2019-10-25,7.051100000000001
2019-10-28,7.0645
2019-10-29,7.065500000000001
2019-10-30,7.044300000000001
2019-10-31,7.046550000000001
2019-11-01,7.041500000000001
2019-11-04,7.033049999999999
2019-11-05,7.0022
2019-11-06,7.011950000000001
2019-11-07,6.9712
2019-11-08,6.988300000000001
2019-11-11,7.0075
2019-11-12,7.024249999999999
2019-11-13,7.02995
2019-11-14,7.01885
2019-11-15,7.005299999999999
2019-11-18,7.02535
2019-11-19,7.0276
2019-11-20,7.0394
2019-11-21,7.0325500000000005
2019-11-22,7.0426
2019-11-25,7.030950000000001
2019-11-26,7.0131000000000006
2019-11-27,7.01635
2019-11-28,7.031699999999999
2019-11-29,7.03235
2019-12-02,7.0436499999999995
2019-12-03,7.068
2019-12-04,7.052350000000001
2019-12-05,7.041
2019-12-06,7.02395
2019-12-09,7.0366
2019-12-10,7.027100000000001
2019-12-11,7.027950000000001
2019-12-12,6.94445
2019-12-13,7.0054
2019-12-16,6.9915
2019-12-17,6.998899999999999
2019-12-18,7.002750000000001
2019-12-19,6.99885
2019-12-20,7.001100000000001
2019-12-23,7.0081
2019-12-24,7.00345
2019-12-25,6.99785
2019-12-26,6.9915
2019-12-27,6.9914
2019-12-30,6.984649999999999
2019-12-31,6.9616999999999996
2020-01-01,6.9655000000000005
2020-01-02,6.9594499999999995
2020-01-03,6.9670499999999995
2020-01-06,6.9693
2020-01-07,6.94245
2020-01-08,6.93675
2020-01-09,6.92475
2020-01-10,6.9138
2020-01-13,6.88225
2020-01-14,6.889500000000001
2020-01-15,6.8919500000000005
2020-01-16,6.876899999999999
2020-01-17,6.8668499999999995
2020-01-20,6.8668499999999995
2020-01-21,6.9095
2020-01-22,6.9098
2020-01-23,6.9292
2020-01-24,6.930350000000001
2020-01-27,6.985449999999999
2020-01-28,6.965699999999999
2020-01-29,6.96975
2020-01-30,6.9824
2020-01-31,7.0001
2020-02-03,7.0132
2020-02-04,6.9911
2020-02-05,6.9756
2020-02-06,6.9788499999999996
2020-02-07,7.0068
2020-02-10,6.98495
2020-02-11,6.9708
2020-02-12,6.974
2020-02-13,6.98935
2020-02-14,6.993
2020-02-17,6.985
2020-02-18,7.0078
2020-02-19,7.0132
2020-02-20,7.045100000000001
2020-02-21,7.0356499999999995
2020-02-24,7.036
2020-02-25,7.027699999999999
2020-02-26,7.022049999999999
2020-02-27,7.0104
2020-02-28,6.978750000000001
2020-03-02,6.9626
2020-03-03,6.94935
2020-03-04,6.9232
2020-03-05,6.94115
2020-03-06,6.929950000000001
2020-03-09,6.9524
2020-03-10,6.96385
2020-03-11,6.969
2020-03-12,7.0274
2020-03-13,7.02145
2020-03-16,7.0120499999999995
2020-03-17,7.030899999999999
2020-03-18,7.075
2020-03-19,7.15745
2020-03-20,7.1278
2020-03-23,7.1198
2020-03-24,7.0852
2020-03-25,7.128550000000001
2020-03-26,7.081049999999999
2020-03-27,7.088
2020-03-30,7.115
2020-03-31,7.0939000000000005
2020-04-01,7.1228
2020-04-02,7.0926
2020-04-03,7.1102
2020-04-06,7.10725
2020-04-07,7.067150000000001
2020-04-08,7.0687500000000005
2020-04-09,7.059900000000001
2020-04-10,7.044449999999999
2020-04-13,7.05415
2020-04-14,7.0468
2020-04-15,7.071
2020-04-16,7.0882
2020-04-17,7.078449999999999
2020-04-20,7.09095
2020-04-21,7.10345
2020-04-22,7.101
2020-04-23,7.09415
2020-04-24,7.09055
2020-04-27,7.0922
2020-04-28,7.0886499999999995
2020-04-29,7.073100000000001
2020-04-30,7.0813
2020-05-01,7.1368
2020-05-04,7.1306
2020-05-05,7.1216
2020-05-06,7.12995
2020-05-07,7.0924
2020-05-08,7.094099999999999
2020-05-11,7.107550000000001
2020-05-12,7.1080499999999995
2020-05-13,7.1114
2020-05-14,7.1106
2020-05-15,7.134099999999999
2020-05-18,7.1192
2020-05-19,7.117900000000001
2020-05-20,7.10675
2020-05-21,7.1335500000000005
2020-05-22,7.1492
2020-05-25,7.14825
2020-05-26,7.146249999999999
2020-05-27,7.1766
2020-05-28,7.1702
2020-05-29,7.133699999999999
2020-06-01,7.126049999999999
2020-06-02,7.107100000000001
2020-06-03,7.1186
2020-06-04,7.108750000000001
2020-06-05,7.0707
2020-06-08,7.0569
2020-06-09,7.07795
2020-06-10,7.05395
2020-06-11,7.0802
2020-06-12,7.076
2020-06-15,7.0729500000000005
2020-06-16,7.0826
2020-06-17,7.0762
2020-06-18,7.08235
2020-06-19,7.077500000000001
2020-06-22,7.0581
2020-06-23,7.06055
2020-06-24,7.08085
2020-06-25,7.0816
2020-06-26,7.0872
2020-06-29,7.07695
2020-06-30,7.0708
2020-07-01,7.06745
2020-07-02,7.0674
2020-07-03,7.068700000000001
2020-07-06,7.0134
2020-07-07,7.02285
2020-07-08,6.998499999999999
2020-07-09,6.996899999999999
2020-07-10,7.01105
2020-07-13,7.0036
2020-07-14,7.011150000000001
2020-07-15,6.98225
2020-07-16,6.995100000000001
2020-07-17,6.99125
2020-07-20,6.98735
2020-07-21,6.9734
2020-07-22,7.018
2020-07-23,7.01175
2020-07-24,7.016
2020-07-27,7.00005
2020-07-28,7.00665
2020-07-29,6.99745
2020-07-30,7.00295
2020-07-31,6.9903
2020-08-03,6.982499999999999
2020-08-04,6.9742
2020-08-05,6.944
2020-08-06,6.9435
2020-08-07,6.9674
2020-08-10,6.960700000000001
2020-08-11,6.9428
2020-08-12,6.933
2020-08-13,6.949
2020-08-14,6.94205
2020-08-17,6.93265
2020-08-18,6.9060999999999995
2020-08-19,6.9232
2020-08-20,6.906499999999999
2020-08-21,6.92115
2020-08-24,6.91245
2020-08-25,6.904300000000001
2020-08-26,6.8805
2020-08-27,6.8884
2020-08-28,6.85945
2020-08-31,6.847849999999999
2020-09-01,6.83685
2020-09-02,6.83325
2020-09-03,6.84765
2020-09-04,6.836
2020-09-07,6.83285
2020-09-08,6.85365
2020-09-09,6.83195
2020-09-10,6.8451
2020-09-11,6.83245
2020-09-14,6.8084999999999996
2020-09-15,6.78025
2020-09-16,6.7454
2020-09-17,6.754
2020-09-18,6.7792
2020-09-21,6.792750000000001
2020-09-22,6.78425
2020-09-23,6.8258
2020-09-24,6.826899999999999
2020-09-25,6.8233500000000005
2020-09-28,6.81105
2020-09-29,6.816300000000001
2020-09-30,6.7844999999999995
2020-10-01,6.7492
2020-10-02,6.7528
2020-10-05,6.72015
2020-10-06,6.7484
2020-10-07,6.735500000000001
2020-10-08,6.7387500000000005
2020-10-09,6.69065
2020-10-12,6.743
2020-10-13,6.73915
2020-10-14,6.713299999999999
2020-10-15,6.712700000000001
2020-10-16,6.6964999999999995
2020-10-19,6.679100000000001
2020-10-20,6.6640999999999995
2020-10-21,6.64265
2020-10-22,6.671100000000001
2020-10-23,6.6668
2020-10-26,6.70045
2020-10-27,6.71385
2020-10-28,6.728350000000001
2020-10-29,6.70885
2020-10-30,6.6964
2020-11-02,6.687900000000001
2020-11-03,6.680300000000001
2020-11-04,6.6213500000000005
2020-11-05,6.6066
2020-11-06,6.5926
2020-11-09,6.615900000000001
2020-11-10,6.599
2020-11-11,6.618499999999999
2020-11-12,6.617249999999999
2020-11-13,6.5939000000000005
2020-11-16,6.5718
2020-11-17,6.54765
2020-11-18,6.562550000000001
2020-11-19,6.57535
2020-11-20,6.55145
2020-11-23,6.582249999999999
2020-11-24,6.5752
2020-11-25,6.56305
2020-11-26,6.569649999999999
2020-11-27,6.5752999999999995
2020-11-30,6.5846
2020-12-01,6.5516
2020-12-02,6.5424999999999995
2020-12-03,6.5358
2020-12-04,6.5169500000000005
2020-12-07,6.51935
2020-12-08,6.5204
2020-12-09,6.5286
2020-12-10,6.5356
2020-12-11,6.53955
2020-12-14,6.52905
2020-12-15,6.51685
2020-12-16,6.512700000000001
2020-12-17,6.51635
2020-12-18,6.5188999999999995
2020-12-21,6.5352
2020-12-22,6.54
2020-12-23,6.53275
2020-12-24,6.5188999999999995
2020-12-25,6.5196
2020-12-28,6.53195
2020-12-29,6.51765
2020-12-30,6.506
2020-12-31,6.50295
2021-01-04,6.454899999999999
2021-01-05,6.437
2021-01-06,6.44955
2021-01-07,6.47145
2021-01-08,6.464849999999999
2021-01-11,6.4792499999999995
2021-01-12,6.44245
2021-01-13,6.467
2021-01-14,6.464849999999999
2021-01-15,6.4845
2021-01-18,6.4954
2021-01-19,6.481249999999999
2021-01-20,6.462350000000001
2021-01-21,6.46495
2021-01-22,6.49735
2021-01-25,6.48775
2021-01-26,6.472700000000001
2021-01-27,6.497249999999999
2021-01-28,6.4752
2021-01-29,6.448849999999999
2021-02-01,6.475350000000001
2021-02-02,6.457699999999999
2021-02-03,6.458099999999999
2021-02-04,6.472899999999999
2021-02-05,6.458899999999999
2021-02-08,6.44185
2021-02-09,6.4198
2021-02-10,6.4288
2021-02-11,6.423
2021-02-12,6.4206
2021-02-15,6.40615
2021-02-16,6.42535
2021-02-17,6.4358
2021-02-18,6.46005
2021-02-19,6.459350000000001
2021-02-22,6.4664
2021-02-23,6.46045
2021-02-24,6.447699999999999
2021-02-25,6.4896
2021-02-26,6.481249999999999
2021-03-01,6.46955
2021-03-02,6.474899999999999
2021-03-03,6.47715
2021-03-04,6.4916
2021-03-05,6.517049999999999
2021-03-08,6.5516
2021-03-09,6.5192499999999995
2021-03-10,6.494750000000001
2021-03-11,6.47855
2021-03-12,6.49715
2021-03-15,6.4979000000000005
2021-03-16,6.5012
2021-03-17,6.48615
2021-03-18,6.5071
2021-03-19,6.50755
2021-03-22,6.507350000000001
2021-03-23,6.51985
2021-03-24,6.529249999999999
2021-03-25,6.5482499999999995
2021-03-26,6.5394
2021-03-29,6.57495
2021-03-30,6.5724
2021-03-31,6.5649
2021-04-01,6.5752999999999995
2021-04-02,6.5766
2021-04-05,6.556700000000001
2021-04-06,6.54265
2021-04-07,6.5489
2021-04-08,6.5565500000000005
2021-04-09,6.55855
2021-04-12,6.548
2021-04-13,6.5438
2021-04-14,6.532
2021-04-15,6.527
2021-04-16,6.52695
2021-04-19,6.509049999999999
2021-04-20,6.5006
2021-04-21,6.48985
2021-04-22,6.494700000000001
2021-04-23,6.489699999999999
2021-04-26,6.472499999999999
2021-04-27,6.4802
2021-04-28,6.47595
2021-04-29,6.4642
2021-04-30,6.474150000000001
2021-05-03,6.470300000000001
2021-05-04,6.483750000000001
2021-05-05,6.4876
2021-05-06,6.464449999999999
2021-05-07,6.415900000000001
2021-05-10,6.42265
2021-05-11,6.4286
2021-05-12,6.459
2021-05-13,6.4484
2021-05-14,6.43985
2021-05-17,6.4428
2021-05-18,6.4232499999999995
2021-05-19,6.4396
2021-05-20,6.431649999999999
2021-05-21,6.435350000000001
2021-05-24,6.40965
2021-05-25,6.4121500000000005
2021-05-26,6.38015
2021-05-27,6.371449999999999
2021-05-28,6.35975
2021-05-31,6.37255
2021-06-01,6.38435
2021-06-02,6.3838
2021-06-03,6.399649999999999
2021-06-04,6.3902
2021-06-07,6.3868
2021-06-08,6.4003000000000005
2021-06-09,6.38685
2021-06-10,6.38635
2021-06-11,6.396300000000001
2021-06-14,6.405950000000001
2021-06-15,6.4056
2021-06-16,6.439699999999999
2021-06-17,6.45715
2021-06-18,6.463299999999999
2021-06-21,6.4652
2021-06-22,6.4804
2021-06-23,6.47865
2021-06-24,6.470750000000001
2021-06-25,6.461500000000001
2021-06-28,6.4605
2021-06-29,6.465249999999999
2021-06-30,6.467849999999999
2021-07-01,6.472849999999999
2021-07-02,6.4718
2021-07-05,6.462350000000001
2021-07-06,6.4784
2021-07-07,6.474550000000001
2021-07-08,6.49245
2021-07-09,6.478750000000001
2021-07-12,6.47555
2021-07-13,6.4802
2021-07-14,6.4586
2021-07-15,6.461100000000001
2021-07-16,6.4768
2021-07-19,6.4936
2021-07-20,6.4882
2021-07-21,6.46425
2021-07-22,6.476
2021-07-23,6.47595
2021-07-26,6.48355
2021-07-27,6.5280499999999995
2021-07-28,6.4857
2021-07-29,6.4572
2021-07-30,6.462700000000001
2021-08-02,6.4644
2021-08-03,6.4664
2021-08-04,6.462350000000001
2021-08-05,6.4624999999999995
2021-08-06,6.47845
2021-08-09,6.487299999999999
2021-08-10,6.48815
2021-08-11,6.4761500000000005
2021-08-12,6.47715
2021-08-13,6.47715
2021-08-16,6.4766
2021-08-17,6.49155
2021-08-18,6.48495
2021-08-19,6.50155
2021-08-20,6.4996
2021-08-23,6.4764
2021-08-24,6.4694
2021-08-25,6.47025
2021-08-26,6.48395
2021-08-27,6.462700000000001
2021-08-30,6.46535
2021-08-31,6.4544
2021-09-01,6.45155
2021-09-02,6.448300000000001
2021-09-03,6.4388
2021-09-06,6.450950000000001
2021-09-07,6.461500000000001
2021-09-08,6.458
2021-09-09,6.450899999999999
2021-09-10,6.445
2021-09-13,6.4419
2021-09-14,6.4348
2021-09-15,6.4274
2021-09-16,6.45425
2021-09-17,6.472499999999999
2021-09-20,6.4834499999999995
2021-09-21,6.48105
2021-09-22,6.4668
2021-09-23,6.4624
2021-09-24,6.461500000000001
2021-09-27,6.4591
2021-09-28,6.4664
2021-09-29,6.4772
2021-09-30,6.4491000000000005
2021-10-01,6.4354
2021-10-04,6.4506
2021-10-05,6.449249999999999
2021-10-06,6.454
2021-10-07,6.452649999999999
2021-10-08,6.4456
2021-10-11,6.45925
2021-10-12,6.4556499999999994
2021-10-13,6.4284
2021-10-14,6.4358
2021-10-15,6.43445
2021-10-18,6.4284
2021-10-19,6.376449999999999
2021-10-20,6.39485
2021-10-21,6.39445
2021-10-22,6.38385
2021-10-25,6.38425
2021-10-26,6.3782499999999995
2021-10-27,6.39365
2021-10-28,6.3888
2021-10-29,6.4056999999999995
2021-11-01,6.3944
2021-11-02,6.4028
2021-11-03,6.39485
2021-11-04,6.39725
2021-11-05,6.39435
2021-11-08,6.389100000000001
2021-11-09,6.38975
2021-11-10,6.399150000000001
2021-11-11,6.391500000000001
2021-11-12,6.37955
2021-11-15,6.383
2021-11-16,6.3908499999999995
2021-11-17,6.3746
2021-11-18,6.381100000000001
2021-11-19,6.391
2021-11-22,6.3902
2021-11-23,6.390700000000001
2021-11-24,6.39565
2021-11-25,6.3877500000000005
2021-11-26,6.3972
2021-11-29,6.38605
2021-11-30,6.36475
2021-12-01,6.373150000000001
2021-12-02,6.3726
2021-12-03,6.3732999999999995
2021-12-06,6.37495
2021-12-07,6.3637500000000005
2021-12-08,6.345750000000001
2021-12-09,6.37795
2021-12-10,6.376449999999999
2021-12-13,6.375500000000001
2021-12-14,6.374
2021-12-15,6.3754
2021-12-16,6.380649999999999
2021-12-17,6.38855
2021-12-20,6.38345
2021-12-21,6.37625
2021-12-22,6.3764
2021-12-23,6.37545
2021-12-24,6.374
2021-12-27,6.375299999999999
2021-12-28,6.374750000000001
2021-12-29,6.370150000000001
2021-12-30,6.3756
2021-12-31,6.36435
2022-01-03,6.375
2022-01-04,6.3752
2022-01-05,6.3754
2022-01-06,6.3944
2022-01-07,6.382899999999999
2022-01-10,6.38135
2022-01-11,6.3772
2022-01-12,6.36185
2022-01-13,6.36445
2022-01-14,6.358
2022-01-17,6.3512
2022-01-18,6.36
2022-01-19,6.3511500000000005
2022-01-20,6.3478
2022-01-21,6.34165
2022-01-24,6.33345
2022-01-25,6.331100000000001
2022-01-26,6.335100000000001
2022-01-27,6.368499999999999
2022-01-28,6.370950000000001
2022-01-31,6.370950000000001
2022-02-01,6.36965
2022-02-02,6.35765
2022-02-03,6.3532
2022-02-04,6.36185
2022-02-07,6.36155
2022-02-08,6.366350000000001
2022-02-09,6.36235
2022-02-10,6.36365
2022-02-11,6.3676
2022-02-14,6.35695
2022-02-15,6.338099999999999
2022-02-16,6.3326
2022-02-17,6.3340499999999995
2022-02-18,6.32525
2022-02-21,6.3262
2022-02-22,6.32395
2022-02-23,6.312449999999999
2022-02-24,6.3214
2022-02-25,6.310899999999999
2022-02-28,6.313350000000001
2022-03-01,6.3180499999999995
2022-03-02,6.3246
2022-03-03,6.3226
2022-03-04,6.32665
2022-03-07,6.325699999999999
2022-03-08,6.3252999999999995
2022-03-09,6.32315
2022-03-10,6.3283000000000005
2022-03-11,6.3588
2022-03-14,6.39445
2022-03-15,6.381550000000001
2022-03-16,6.368
2022-03-17,6.36445
2022-03-18,6.367100000000001
2022-03-21,6.371
2022-03-22,6.3764
2022-03-23,6.38915
2022-03-24,6.3832
2022-03-25,6.383649999999999
2022-03-28,6.3864
2022-03-29,6.3740499999999995
2022-03-30,6.359699999999999
2022-03-31,6.35475
2022-04-01,6.36775
2022-04-04,6.374499999999999
2022-04-05,6.37795
2022-04-06,6.35905
2022-04-07,6.36365
2022-04-08,6.368849999999999
2022-04-11,6.3885
2022-04-12,6.3767000000000005
2022-04-13,6.3775
2022-04-14,6.38925
2022-04-15,6.381550000000001
2022-04-18,6.37885
2022-04-19,6.4184
2022-04-20,6.445
2022-04-21,6.4803500000000005
2022-04-22,6.52735
2022-04-25,6.57155
2022-04-26,6.5898
2022-04-27,6.58705
2022-04-28,6.6594
2022-04-29,6.6414
2022-05-02,6.677
2022-05-03,6.6468
2022-05-04,6.619350000000001
2022-05-05,6.681699999999999
2022-05-06,6.718249999999999
2022-05-09,6.7576
2022-05-10,6.74835
2022-05-11,6.764
2022-05-12,6.827500000000001
2022-05-13,6.79925
2022-05-16,6.7992
2022-05-17,6.73975
2022-05-18,6.78365
2022-05-19,6.72865
2022-05-20,6.7
2022-05-23,6.661849999999999
2022-05-24,6.65735
2022-05-25,6.7132499999999995
2022-05-26,6.76725
2022-05-27,6.720350000000001
2022-05-30,6.6714
2022-05-31,6.677299999999999
2022-06-01,6.6982
2022-06-02,6.65395
2022-06-03,6.6537
2022-06-06,6.656499999999999
2022-06-07,6.6713
2022-06-08,6.7008
2022-06-09,6.700950000000001
2022-06-10,6.731299999999999
2022-06-13,6.7826
2022-06-14,6.756499999999999
2022-06-15,6.6688
2022-06-16,6.68345
2022-06-17,6.708150000000001
2022-06-20,6.6902
2022-06-21,6.6922
2022-06-22,6.71035
2022-06-23,6.6982
2022-06-24,6.6826
2022-06-27,6.69275
2022-06-28,6.7025500000000005
2022-06-29,6.70785
2022-06-30,6.6937500000000005
2022-07-01,6.69665
2022-07-04,6.693900000000001
2022-07-05,6.71175
2022-07-06,6.7170499999999995
2022-07-07,6.692950000000001
2022-07-08,6.683699999999999
2022-07-11,6.72595
2022-07-12,6.7364999999999995
2022-07-13,6.7250499999999995
2022-07-14,6.76435
2022-07-15,6.75875
2022-07-18,6.76005
2022-07-19,6.7456
2022-07-20,6.77525
2022-07-21,6.771649999999999
2022-07-22,6.7585
2022-07-25,6.751900000000001
2022-07-26,6.767849999999999
2022-07-27,6.74445
2022-07-28,6.74295
2022-07-29,6.75295
2022-08-01,6.784300000000001
2022-08-02,6.7784
2022-08-03,6.759500000000001
2022-08-04,6.75085
2022-08-05,6.7672
2022-08-08,6.7624
2022-08-09,6.755299999999999
2022-08-10,6.72335
2022-08-11,6.743900000000001
2022-08-12,6.7382
2022-08-15,6.816300000000001
2022-08-16,6.792300000000001
2022-08-17,6.791849999999999
2022-08-18,6.803299999999999
2022-08-19,6.83635
2022-08-22,6.86705
2022-08-23,6.854550000000001
2022-08-24,6.87745
2022-08-25,6.851500000000001
2022-08-26,6.895449999999999
2022-08-29,6.915500000000001
2022-08-30,6.92345
2022-08-31,6.9068499999999995
2022-09-01,6.9156
2022-09-02,6.9186
2022-09-05,6.94235
2022-09-06,6.970300000000001
2022-09-07,6.95695
2022-09-08,6.961
2022-09-09,6.937049999999999
2022-09-12,6.918099999999999
2022-09-13,6.98205
2022-09-14,6.973
2022-09-15,7.01335
2022-09-16,6.99845
2022-09-19,7.004700000000001
2022-09-20,7.0304
2022-09-21,7.0754
2022-09-22,7.08165
2022-09-23,7.1385
2022-09-26,7.174
2022-09-27,7.18
2022-09-28,7.162249999999999
2022-09-29,7.09795
2022-09-30,7.141249999999999
2022-10-03,7.1052
2022-10-04,7.0413
2022-10-05,7.068300000000001
2022-10-06,7.08245
2022-10-07,7.13305
2022-10-10,7.15355
2022-10-11,7.17455
2022-10-12,7.17455
2022-10-13,7.177900000000001
2022-10-14,7.21725
2022-10-17,7.209900000000001
2022-10-18,7.2238
2022-10-19,7.26845
2022-10-20,7.25585
2022-10-21,7.22945
2022-10-24,7.32665
2022-10-25,7.3135
2022-10-26,7.187049999999999
2022-10-27,7.25155
2022-10-28,7.27
2022-10-31,7.33665
2022-11-01,7.3081
2022-11-02,7.343649999999999
2022-11-03,7.3321
2022-11-04,7.178
2022-11-07,7.22895
2022-11-08,7.2284
2022-11-09,7.2718
2022-11-10,7.1526
2022-11-11,7.09225
2022-11-14,7.04165
2022-11-15,7.0484
2022-11-16,7.10775
2022-11-17,7.14785
2022-11-18,7.1254
2022-11-21,7.182049999999999
2022-11-22,7.1368
2022-11-23,7.1537500000000005
2022-11-24,7.169500000000001
2022-11-25,7.1934499999999995
2022-11-28,7.2474
2022-11-29,7.13985
2022-11-30,7.0458
2022-12-01,7.037
2022-12-02,7.0256
2022-12-05,6.9755
2022-12-06,6.98115
2022-12-07,6.961950000000001
2022-12-08,6.961
2022-12-09,6.973699999999999
2022-12-12,6.989299999999999
2022-12-13,6.9636
2022-12-14,6.942
2022-12-15,6.9914
2022-12-16,6.97755
2022-12-19,6.986700000000001
2022-12-20,6.9605500000000005
2022-12-21,6.986350000000001
2022-12-22,7.009500000000001
2022-12-23,7.0009
2022-12-26,6.97595
2022-12-27,6.967350000000001
2022-12-28,6.99705
2022-12-29,6.97295
2022-12-30,6.92095
2023-01-02,6.92675
2023-01-03,6.924049999999999
2023-01-04,6.900899999999999
2023-01-05,6.889
2023-01-06,6.8288
2023-01-09,6.78
2023-01-10,6.78455
2023-01-11,6.7666
2023-01-12,6.72635
2023-01-13,6.70755
2023-01-16,6.74295
2023-01-17,6.769699999999999
2023-01-18,6.769299999999999
2023-01-19,6.770849999999999
2023-01-20,6.784
2023-01-23,6.776350000000001
2023-01-24,6.783849999999999
2023-01-25,6.77065
2023-01-26,6.73735
2023-01-27,6.75635
2023-01-30,6.7563
2023-01-31,6.75535
2023-02-01,6.7185500000000005
2023-02-02,6.738300000000001
2023-02-03,6.80795
2023-02-06,6.802300000000001
2023-02-07,6.78445
2023-02-08,6.79625
2023-02-09,6.7954
2023-02-10,6.8234
2023-02-13,6.82395
2023-02-14,6.83765
2023-02-15,6.8632
2023-02-16,6.86815
2023-02-17,6.87425
2023-02-20,6.859249999999999
2023-02-21,6.8873
2023-02-22,6.9060999999999995
2023-02-23,6.9172
2023-02-24,6.98
2023-02-27,6.960300000000001
2023-02-28,6.954700000000001
2023-03-01,6.879449999999999
2023-03-02,6.921
2023-03-03,6.89715
2023-03-06,6.9503
2023-03-07,6.99405
2023-03-08,6.9682
2023-03-09,6.9762
2023-03-10,6.938899999999999
2023-03-13,6.855100000000001
2023-03-14,6.882700000000001
2023-03-15,6.892899999999999
2023-03-16,6.89555
2023-03-17,6.88975
2023-03-20,6.8738
2023-03-21,6.8766
2023-03-22,6.8611
2023-03-23,6.8298499999999995
2023-03-24,6.8707
2023-03-27,6.88255
2023-03-28,6.87875
2023-03-29,6.89555
2023-03-30,6.87455
2023-03-31,6.874099999999999
2023-04-03,6.876099999999999
2023-04-04,6.878550000000001
2023-04-05,6.8843000000000005
2023-04-06,6.88205
2023-04-07,6.8763000000000005
2023-04-10,6.89275
2023-04-11,6.8942
2023-04-12,6.8824499999999995
2023-04-13,6.8722
2023-04-14,6.87195
2023-04-17,6.8834
2023-04-18,6.882700000000001
2023-04-19,6.8952
2023-04-20,6.884449999999999
2023-04-21,6.900449999999999
2023-04-24,6.90105
2023-04-25,6.940849999999999
2023-04-26,6.94155
2023-04-27,6.9304499999999996
2023-04-28,6.927299999999999
2023-05-01,6.961449999999999
2023-05-02,6.9346499999999995
2023-05-03,6.921950000000001
2023-05-04,6.91635
2023-05-05,6.9197
2023-05-08,6.92095
2023-05-09,6.9244
2023-05-10,6.9392
2023-05-11,6.959849999999999
2023-05-12,6.971
2023-05-15,6.9601
2023-05-16,6.99885
2023-05-17,7.008
2023-05-18,7.050700000000001
2023-05-19,7.024150000000001
2023-05-22,7.04885
2023-05-23,7.0649
2023-05-24,7.064700000000001
2023-05-25,7.09225
2023-05-26,7.0733500000000005
2023-05-29,7.0844499999999995
2023-05-30,7.09105
2023-05-31,7.1192
2023-06-01,7.104150000000001
2023-06-02,7.1103000000000005
2023-06-05,7.118499999999999
2023-06-06,7.128950000000001
2023-06-07,7.1472
2023-06-08,7.1208
2023-06-09,7.1442499999999995
2023-06-12,7.155950000000001
2023-06-13,7.1759
2023-06-14,7.175699999999999
2023-06-15,7.120499999999999
2023-06-16,7.128150000000001
2023-06-19,7.164300000000001
2023-06-20,7.1824
2023-06-21,7.176550000000001
2023-06-22,7.19605
2023-06-23,7.21665
2023-06-26,7.24535
2023-06-27,7.22385
2023-06-28,7.243100000000001
2023-06-29,7.268750000000001
2023-06-30,7.2677
2023-07-03,7.2544
2023-07-04,7.22975
2023-07-05,7.261950000000001
2023-07-06,7.2559000000000005
2023-07-07,7.232099999999999
2023-07-10,7.229150000000001
2023-07-11,7.214099999999999
2023-07-12,7.16635
2023-07-13,7.15035
2023-07-14,7.15785
2023-07-17,7.1786
2023-07-18,7.1926
2023-07-19,7.232099999999999
2023-07-20,7.174849999999999
2023-07-21,7.18945
2023-07-24,7.18565
2023-07-25,7.1373
2023-07-26,7.1531
2023-07-27,7.171500000000001
2023-07-28,7.1534
2023-07-31,7.14635
2023-08-01,7.185299999999999
2023-08-02,7.2025500000000005
2023-08-03,7.1814
