指标名称,上证综合指数
2010-01-04,3243.76
2010-01-05,3282.179
2010-01-06,3254.215
2010-01-07,3192.776
2010-01-08,3195.997
2010-01-11,3212.75
2010-01-12,3273.966
2010-01-13,3172.658
2010-01-14,3215.55
2010-01-15,3224.152
2010-01-18,3237.098
2010-01-19,3246.874
2010-01-20,3151.85
2010-01-21,3158.863
2010-01-22,3128.588
2010-01-25,3094.411
2010-01-26,3019.394
2010-01-27,2986.607
2010-01-28,2994.143
2010-01-29,2989.292
2010-02-01,2941.36
2010-02-02,2934.713
2010-02-03,3003.835
2010-02-04,2995.308
2010-02-05,2939.402
2010-02-08,2935.174
2010-02-09,2948.842
2010-02-10,2982.5
2010-02-11,2985.499
2010-02-12,3018.133
2010-02-22,3003.398
2010-02-23,2982.575
2010-02-24,3022.177
2010-02-25,3060.618
2010-02-26,3051.943
2010-03-01,3087.842
2010-03-02,3073.108
2010-03-03,3097.005
2010-03-04,3023.373
2010-03-05,3031.065
2010-03-08,3053.232
2010-03-09,3069.141
2010-03-10,3048.927
2010-03-11,3051.282
2010-03-12,3013.412
2010-03-15,2976.939
2010-03-16,2992.841
2010-03-17,3050.479
2010-03-18,3046.089
2010-03-19,3067.75
2010-03-22,3074.576
2010-03-23,3053.125
2010-03-24,3056.808
2010-03-25,3019.176
2010-03-26,3059.715
2010-03-29,3123.798
2010-03-30,3128.468
2010-03-31,3109.105
2010-04-01,3147.416
2010-04-02,3157.957
2010-04-06,3158.681
2010-04-07,3148.222
2010-04-08,3118.709
2010-04-09,3145.347
2010-04-12,3129.263
2010-04-13,3161.251
2010-04-14,3166.183
2010-04-15,3164.966
2010-04-16,3130.302
2010-04-19,2980.297
2010-04-20,2979.533
2010-04-21,3033.278
2010-04-22,2999.484
2010-04-23,2983.537
2010-04-26,2969.503
2010-04-27,2907.928
2010-04-28,2900.331
2010-04-29,2868.432
2010-04-30,2870.611
2010-05-04,2835.277
2010-05-05,2857.151
2010-05-06,2739.702
2010-05-07,2688.383
2010-05-10,2698.757
2010-05-11,2647.574
2010-05-12,2655.714
2010-05-13,2710.507
2010-05-14,2696.629
2010-05-17,2559.931
2010-05-18,2594.783
2010-05-19,2587.807
2010-05-20,2555.94
2010-05-21,2583.522
2010-05-24,2673.423
2010-05-25,2622.63
2010-05-26,2625.793
2010-05-27,2655.918
2010-05-28,2655.767
2010-05-31,2592.147
2010-06-01,2568.283
2010-06-02,2571.423
2010-06-03,2552.656
2010-06-04,2553.593
2010-06-07,2511.729
2010-06-08,2513.947
2010-06-09,2583.87
2010-06-10,2562.58
2010-06-11,2569.942
2010-06-17,2560.245
2010-06-18,2513.222
2010-06-21,2586.21
2010-06-22,2588.698
2010-06-23,2569.872
2010-06-24,2566.745
2010-06-25,2552.817
2010-06-28,2535.278
2010-06-29,2427.053
2010-06-30,2398.37
2010-07-01,2373.792
2010-07-02,2382.901
2010-07-05,2363.947
2010-07-06,2409.424
2010-07-07,2421.117
2010-07-08,2415.15
2010-07-09,2470.923
2010-07-12,2490.718
2010-07-13,2450.286
2010-07-14,2470.44
2010-07-15,2424.304
2010-07-16,2424.271
2010-07-19,2475.421
2010-07-20,2528.73
2010-07-21,2535.394
2010-07-22,2562.406
2010-07-23,2572.028
2010-07-26,2588.683
2010-07-27,2575.368
2010-07-28,2633.663
2010-07-29,2648.116
2010-07-30,2637.503
2010-08-02,2672.516
2010-08-03,2627.002
2010-08-04,2638.522
2010-08-05,2620.757
2010-08-06,2658.392
2010-08-09,2672.533
2010-08-10,2595.274
2010-08-11,2607.497
2010-08-12,2575.475
2010-08-13,2606.7
2010-08-16,2661.708
2010-08-17,2671.893
2010-08-18,2666.301
2010-08-19,2687.979
2010-08-20,2642.307
2010-08-23,2639.366
2010-08-24,2650.307
2010-08-25,2596.58
2010-08-26,2603.481
2010-08-27,2610.742
2010-08-30,2652.664
2010-08-31,2638.798
2010-09-01,2622.882
2010-09-02,2655.776
2010-09-03,2655.394
2010-09-06,2696.25
2010-09-07,2698.363
2010-09-08,2695.291
2010-09-09,2656.352
2010-09-10,2663.209
2010-09-13,2688.32
2010-09-14,2688.522
2010-09-15,2652.503
2010-09-16,2602.465
2010-09-17,2598.689
2010-09-20,2588.713
2010-09-21,2591.55
2010-09-27,2627.967
2010-09-28,2611.354
2010-09-29,2610.678
2010-09-30,2655.658
2010-10-08,2738.744
2010-10-11,2806.942
2010-10-12,2841.407
2010-10-13,2861.361
2010-10-14,2879.636
2010-10-15,2971.16
2010-10-18,2955.227
2010-10-19,3001.853
2010-10-20,3003.951
2010-10-21,2983.533
2010-10-22,2975.043
2010-10-25,3051.419
2010-10-26,3041.543
2010-10-27,2997.048
2010-10-28,2992.579
2010-10-29,2978.835
2010-11-01,3054.021
2010-11-02,3045.434
2010-11-03,3030.988
2010-11-04,3086.939
2010-11-05,3129.497
2010-11-08,3159.512
2010-11-09,3135.0
2010-11-10,3115.356
2010-11-11,3147.744
2010-11-12,2985.435
2010-11-15,3014.413
2010-11-16,2894.538
2010-11-17,2838.857
2010-11-18,2865.452
2010-11-19,2888.566
2010-11-22,2884.371
2010-11-23,2828.282
2010-11-24,2859.936
2010-11-25,2898.261
2010-11-26,2871.698
2010-11-29,2866.356
2010-11-30,2820.181
2010-12-01,2823.449
2010-12-02,2843.607
2010-12-03,2842.431
2010-12-06,2857.178
2010-12-07,2875.861
2010-12-08,2848.546
2010-12-09,2810.949
2010-12-10,2841.04
2010-12-13,2922.954
2010-12-14,2927.077
2010-12-15,2911.414
2010-12-16,2898.138
2010-12-17,2893.74
2010-12-20,2852.916
2010-12-21,2904.115
2010-12-22,2877.9
2010-12-23,2855.22
2010-12-24,2835.157
2010-12-27,2781.402
2010-12-28,2732.99
2010-12-29,2751.527
2010-12-30,2759.575
2010-12-31,2808.077
2011-01-04,2852.648
2011-01-05,2838.593
2011-01-06,2824.197
2011-01-07,2838.801
2011-01-10,2791.809
2011-01-11,2804.047
2011-01-12,2821.305
2011-01-13,2827.713
2011-01-14,2791.344
2011-01-17,2706.66
2011-01-18,2708.979
2011-01-19,2758.097
2011-01-20,2677.652
2011-01-21,2715.294
2011-01-24,2695.72
2011-01-25,2677.432
2011-01-26,2708.814
2011-01-27,2749.15
2011-01-28,2752.75
2011-01-31,2790.694
2011-02-01,2798.96
2011-02-09,2774.065
2011-02-10,2818.163
2011-02-11,2827.328
2011-02-14,2899.134
2011-02-15,2899.237
2011-02-16,2923.896
2011-02-17,2926.964
2011-02-18,2899.792
2011-02-21,2932.246
2011-02-22,2855.516
2011-02-23,2862.634
2011-02-24,2878.603
2011-02-25,2878.565
2011-02-28,2905.053
2011-03-01,2918.92
2011-03-02,2913.808
2011-03-03,2902.978
2011-03-04,2942.306
2011-03-07,2996.211
2011-03-08,2999.942
2011-03-09,3002.154
2011-03-10,2957.143
2011-03-11,2933.796
2011-03-14,2937.627
2011-03-15,2896.256
2011-03-16,2930.804
2011-03-17,2897.298
2011-03-18,2906.886
2011-03-21,2909.137
2011-03-22,2919.142
2011-03-23,2948.477
2011-03-24,2946.706
2011-03-25,2977.814
2011-03-28,2984.005
2011-03-29,2958.077
2011-03-30,2955.771
2011-03-31,2928.111
2011-04-01,2967.41
2011-04-06,3001.36
2011-04-07,3007.909
2011-04-08,3030.021
2011-04-11,3022.746
2011-04-12,3021.369
2011-04-13,3050.398
2011-04-14,3042.635
2011-04-15,3050.526
2011-04-18,3057.329
2011-04-19,2999.041
2011-04-20,3007.037
2011-04-21,3026.668
2011-04-22,3010.517
2011-04-25,2964.951
2011-04-26,2938.981
2011-04-27,2925.408
2011-04-28,2887.044
2011-04-29,2911.511
2011-05-03,2932.188
2011-05-04,2866.017
2011-05-05,2872.404
2011-05-06,2863.886
2011-05-09,2872.46
2011-05-10,2890.634
2011-05-11,2883.42
2011-05-12,2844.083
2011-05-13,2871.031
2011-05-16,2849.067
2011-05-17,2852.773
2011-05-18,2872.771
2011-05-19,2859.574
2011-05-20,2858.459
2011-05-23,2774.569
2011-05-24,2767.056
2011-05-25,2741.741
2011-05-26,2736.527
2011-05-27,2709.947
2011-05-30,2706.361
2011-05-31,2743.472
2011-06-01,2743.572
2011-06-02,2705.181
2011-06-03,2728.02
2011-06-07,2744.3
2011-06-08,2750.288
2011-06-09,2703.345
2011-06-10,2705.143
2011-06-13,2700.379
2011-06-14,2730.04
2011-06-15,2705.431
2011-06-16,2664.283
2011-06-17,2642.818
2011-06-20,2621.253
2011-06-21,2646.483
2011-06-22,2649.321
2011-06-23,2688.249
2011-06-24,2746.211
2011-06-27,2758.23
2011-06-28,2759.202
2011-06-29,2728.483
2011-06-30,2762.076
2011-07-01,2759.362
2011-07-04,2812.818
2011-07-05,2816.355
2011-07-06,2810.479
2011-07-07,2794.267
2011-07-08,2797.774
2011-07-11,2802.692
2011-07-12,2754.582
2011-07-13,2795.476
2011-07-14,2810.444
2011-07-15,2820.169
2011-07-18,2816.688
2011-07-19,2796.983
2011-07-20,2794.205
2011-07-21,2765.894
2011-07-22,2770.79
2011-07-25,2688.746
2011-07-26,2703.026
2011-07-27,2723.492
2011-07-28,2708.777
2011-07-29,2701.729
2011-08-01,2703.783
2011-08-02,2679.259
2011-08-03,2678.485
2011-08-04,2684.039
2011-08-05,2626.423
2011-08-08,2526.816
2011-08-09,2526.07
2011-08-10,2549.176
2011-08-11,2581.508
2011-08-12,2593.173
2011-08-15,2626.77
2011-08-16,2608.166
2011-08-17,2601.261
2011-08-18,2559.472
2011-08-19,2534.358
2011-08-22,2515.863
2011-08-23,2554.019
2011-08-24,2541.091
2011-08-25,2615.261
2011-08-26,2612.188
2011-08-29,2576.413
2011-08-30,2566.595
2011-08-31,2567.34
2011-09-01,2556.042
2011-09-02,2528.28
2011-09-05,2478.739
2011-09-06,2470.524
2011-09-07,2516.09
2011-09-08,2498.943
2011-09-09,2497.753
2011-09-13,2471.305
2011-09-14,2484.827
2011-09-15,2479.055
2011-09-16,2482.343
2011-09-19,2437.795
2011-09-20,2447.755
2011-09-21,2512.963
2011-09-22,2443.057
2011-09-23,2433.159
2011-09-26,2393.183
2011-09-27,2415.054
2011-09-28,2392.062
2011-09-29,2365.343
2011-09-30,2359.22
2011-10-10,2344.787
2011-10-11,2348.516
2011-10-12,2420.0
2011-10-13,2438.79
2011-10-14,2431.375
2011-10-17,2440.402
2011-10-18,2383.485
2011-10-19,2377.512
2011-10-20,2331.366
2011-10-21,2317.275
2011-10-24,2370.333
2011-10-25,2409.672
2011-10-26,2427.48
2011-10-27,2435.614
2011-10-28,2473.41
2011-10-31,2468.25
2011-11-01,2470.019
2011-11-02,2504.108
2011-11-03,2508.09
2011-11-04,2528.294
2011-11-07,2509.799
2011-11-08,2503.836
2011-11-09,2524.919
2011-11-10,2479.536
2011-11-11,2481.084
2011-11-14,2528.714
2011-11-15,2529.761
2011-11-16,2466.959
2011-11-17,2463.046
2011-11-18,2416.562
2011-11-21,2415.13
2011-11-22,2412.625
2011-11-23,2395.065
2011-11-24,2397.554
2011-11-25,2380.224
2011-11-28,2383.034
2011-11-29,2412.393
2011-11-30,2333.414
2011-12-01,2386.86
2011-12-02,2360.664
2011-12-05,2333.229
2011-12-06,2325.905
2011-12-07,2332.73
2011-12-08,2329.82
2011-12-09,2315.27
2011-12-12,2291.545
2011-12-13,2248.59
2011-12-14,2228.525
2011-12-15,2180.895
2011-12-16,2224.84
2011-12-19,2218.235
2011-12-20,2215.93
2011-12-21,2191.148
2011-12-22,2186.297
2011-12-23,2204.784
2011-12-26,2190.11
2011-12-27,2166.205
2011-12-28,2170.013
2011-12-29,2173.561
2011-12-30,2199.417
2012-01-04,2169.39
2012-01-05,2148.452
2012-01-06,2163.395
2012-01-09,2225.89
2012-01-10,2285.744
2012-01-11,2276.046
2012-01-12,2275.01
2012-01-13,2244.58
2012-01-16,2206.193
2012-01-17,2298.376
2012-01-18,2266.384
2012-01-19,2296.075
2012-01-20,2319.118
2012-01-30,2285.038
2012-01-31,2292.61
2012-02-01,2268.08
2012-02-02,2312.556
2012-02-03,2330.405
2012-02-06,2331.136
2012-02-07,2291.902
2012-02-08,2347.53
2012-02-09,2349.589
2012-02-10,2351.981
2012-02-13,2351.855
2012-02-14,2344.771
2012-02-15,2366.702
2012-02-16,2356.86
2012-02-17,2357.181
2012-02-20,2363.597
2012-02-21,2381.43
2012-02-22,2403.587
2012-02-23,2409.554
2012-02-24,2439.628
2012-02-27,2447.057
2012-02-28,2451.857
2012-02-29,2428.487
2012-03-01,2426.115
2012-03-02,2460.693
2012-03-05,2445.002
2012-03-06,2410.445
2012-03-07,2394.794
2012-03-08,2420.276
2012-03-09,2439.462
2012-03-12,2434.859
2012-03-13,2455.795
2012-03-14,2391.23
2012-03-15,2373.774
2012-03-16,2404.736
2012-03-19,2410.184
2012-03-20,2376.839
2012-03-21,2378.195
2012-03-22,2375.772
2012-03-23,2349.539
2012-03-26,2350.599
2012-03-27,2347.179
2012-03-28,2284.881
2012-03-29,2252.16
2012-03-30,2262.788
2012-04-05,2302.241
2012-04-06,2306.553
2012-04-09,2285.777
2012-04-10,2305.863
2012-04-11,2308.925
2012-04-12,2350.864
2012-04-13,2359.161
2012-04-16,2357.026
2012-04-17,2334.985
2012-04-18,2380.848
2012-04-19,2378.634
2012-04-20,2406.863
2012-04-23,2388.588
2012-04-24,2388.834
2012-04-25,2406.813
2012-04-26,2404.697
2012-04-27,2396.316
2012-05-02,2438.436
2012-05-03,2440.08
2012-05-04,2452.014
2012-05-07,2451.947
2012-05-08,2448.884
2012-05-09,2408.587
2012-05-10,2410.23
2012-05-11,2394.983
2012-05-14,2380.725
2012-05-15,2374.843
2012-05-16,2346.192
2012-05-17,2378.886
2012-05-18,2344.52
2012-05-21,2348.3
2012-05-22,2373.307
2012-05-23,2363.437
2012-05-24,2350.973
2012-05-25,2333.553
2012-05-28,2361.367
2012-05-29,2389.636
2012-05-30,2384.668
2012-05-31,2372.234
2012-06-01,2373.436
2012-06-04,2308.55
2012-06-05,2311.916
2012-06-06,2309.555
2012-06-07,2293.13
2012-06-08,2281.447
2012-06-11,2305.856
2012-06-12,2289.791
2012-06-13,2318.924
2012-06-14,2295.946
2012-06-15,2306.85
2012-06-18,2316.052
2012-06-19,2300.795
2012-06-20,2292.877
2012-06-21,2260.877
2012-06-25,2224.114
2012-06-26,2222.067
2012-06-27,2216.934
2012-06-28,2195.843
2012-06-29,2225.431
2012-07-02,2226.11
2012-07-03,2229.193
2012-07-04,2227.315
2012-07-05,2201.353
2012-07-06,2223.579
2012-07-09,2170.814
2012-07-10,2164.437
2012-07-11,2175.383
2012-07-12,2185.491
2012-07-13,2185.895
2012-07-16,2147.955
2012-07-17,2161.186
2012-07-18,2169.099
2012-07-19,2184.841
2012-07-20,2168.638
2012-07-23,2141.402
2012-07-24,2146.589
2012-07-25,2136.151
2012-07-26,2126.004
2012-07-27,2128.765
2012-07-30,2109.914
2012-07-31,2103.634
2012-08-01,2123.36
2012-08-02,2111.182
2012-08-03,2132.796
2012-08-06,2154.916
2012-08-07,2157.62
2012-08-08,2160.99
2012-08-09,2174.102
2012-08-10,2168.814
2012-08-13,2136.078
2012-08-14,2142.525
2012-08-15,2118.945
2012-08-16,2112.197
2012-08-17,2114.891
2012-08-20,2106.957
2012-08-21,2118.268
2012-08-22,2107.711
2012-08-23,2113.072
2012-08-24,2092.104
2012-08-27,2055.708
2012-08-28,2073.154
2012-08-29,2053.235
2012-08-30,2052.585
2012-08-31,2047.522
2012-09-03,2059.147
2012-09-04,2043.649
2012-09-05,2037.681
2012-09-06,2051.918
2012-09-07,2127.762
2012-09-10,2134.893
2012-09-11,2120.554
2012-09-12,2126.554
2012-09-13,2110.379
2012-09-14,2123.847
2012-09-17,2078.5
2012-09-18,2059.543
2012-09-19,2067.831
2012-09-20,2024.837
2012-09-21,2026.69
2012-09-24,2033.192
2012-09-25,2029.293
2012-09-26,2004.172
2012-09-27,2056.323
2012-09-28,2086.169
2012-10-08,2074.419
2012-10-09,2115.23
2012-10-10,2119.942
2012-10-11,2102.868
2012-10-12,2104.932
2012-10-15,2098.703
2012-10-16,2098.808
2012-10-17,2105.618
2012-10-18,2131.688
2012-10-19,2128.302
2012-10-22,2132.758
2012-10-23,2114.447
2012-10-24,2115.99
2012-10-25,2101.58
2012-10-26,2066.209
2012-10-29,2058.943
2012-10-30,2062.347
2012-10-31,2068.88
2012-11-01,2104.428
2012-11-02,2117.046
2012-11-05,2114.027
2012-11-06,2105.999
2012-11-07,2105.73
2012-11-08,2071.509
2012-11-09,2069.067
2012-11-12,2079.274
2012-11-13,2047.889
2012-11-14,2055.419
2012-11-15,2030.29
2012-11-16,2014.725
2012-11-19,2016.982
2012-11-20,2008.923
2012-11-21,2030.319
2012-11-22,2015.611
2012-11-23,2027.384
2012-11-26,2017.464
2012-11-27,1991.165
2012-11-28,1973.523
2012-11-29,1963.488
2012-11-30,1980.117
2012-12-03,1959.767
2012-12-04,1975.143
2012-12-05,2031.907
2012-12-06,2029.237
2012-12-07,2061.786
2012-12-10,2083.77
2012-12-11,2074.704
2012-12-12,2082.726
2012-12-13,2061.476
2012-12-14,2150.625
2012-12-17,2160.342
2012-12-18,2162.464
2012-12-19,2162.239
2012-12-20,2168.353
2012-12-21,2153.31
2012-12-24,2159.053
2012-12-25,2213.611
2012-12-26,2219.132
2012-12-27,2205.897
2012-12-28,2233.252
2012-12-31,2269.128
2013-01-04,2276.992
2013-01-07,2285.364
2013-01-08,2276.07
2013-01-09,2275.34
2013-01-10,2283.658
2013-01-11,2242.997
2013-01-14,2311.74
2013-01-15,2325.682
2013-01-16,2309.499
2013-01-17,2284.909
2013-01-18,2317.07
2013-01-21,2328.221
2013-01-22,2315.139
2013-01-23,2320.911
2013-01-24,2302.598
2013-01-25,2291.304
2013-01-28,2346.505
2013-01-29,2358.977
2013-01-30,2382.475
2013-01-31,2385.422
2013-02-01,2419.02
2013-02-04,2428.154
2013-02-05,2433.13
2013-02-06,2434.477
2013-02-07,2418.53
2013-02-08,2432.402
2013-02-18,2421.558
2013-02-19,2382.914
2013-02-20,2397.178
2013-02-21,2325.951
2013-02-22,2314.164
2013-02-25,2325.819
2013-02-26,2293.341
2013-02-27,2313.22
2013-02-28,2365.593
2013-03-01,2359.506
2013-03-04,2273.404
2013-03-05,2326.306
2013-03-06,2347.179
2013-03-07,2324.293
2013-03-08,2318.611
2013-03-11,2310.593
2013-03-12,2286.605
2013-03-13,2263.968
2013-03-14,2270.277
2013-03-15,2278.401
2013-03-18,2240.016
2013-03-19,2257.434
2013-03-20,2317.374
2013-03-21,2324.242
2013-03-22,2328.278
2013-03-25,2326.715
2013-03-26,2297.669
2013-03-27,2301.259
2013-03-28,2236.302
2013-03-29,2236.621
2013-04-01,2234.395
2013-04-02,2227.74
2013-04-03,2225.295
2013-04-08,2211.592
2013-04-09,2225.775
2013-04-10,2226.126
2013-04-11,2219.553
2013-04-12,2206.78
2013-04-15,2181.942
2013-04-16,2194.846
2013-04-17,2193.796
2013-04-18,2197.602
2013-04-19,2244.643
2013-04-22,2242.169
2013-04-23,2184.538
2013-04-24,2218.318
2013-04-25,2199.307
2013-04-26,2177.912
2013-05-02,2174.123
2013-05-03,2205.497
2013-05-06,2231.166
2013-05-07,2235.575
2013-05-08,2246.3
2013-05-09,2232.971
2013-05-10,2246.831
2013-05-13,2241.92
2013-05-14,2217.01
2013-05-15,2224.797
2013-05-16,2251.806
2013-05-17,2282.87
2013-05-20,2299.986
2013-05-21,2305.114
2013-05-22,2302.403
2013-05-23,2275.667
2013-05-24,2288.533
2013-05-27,2293.077
2013-05-28,2321.318
2013-05-29,2324.017
2013-05-30,2317.749
2013-05-31,2300.595
2013-06-03,2299.252
2013-06-04,2272.416
2013-06-05,2270.931
2013-06-06,2242.11
2013-06-07,2210.898
2013-06-13,2148.355
2013-06-14,2162.041
2013-06-17,2156.215
2013-06-18,2159.291
2013-06-19,2143.454
2013-06-20,2084.021
2013-06-21,2073.095
2013-06-24,1963.235
2013-06-25,1959.508
2013-06-26,1951.495
2013-06-27,1950.013
2013-06-28,1979.206
2013-07-01,1995.242
2013-07-02,2006.56
2013-07-03,1994.268
2013-07-04,2006.098
2013-07-05,2007.199
2013-07-08,1958.273
2013-07-09,1965.454
2013-07-10,2008.126
2013-07-11,2072.991
2013-07-12,2039.486
2013-07-15,2059.39
2013-07-16,2065.72
2013-07-17,2044.922
2013-07-18,2023.396
2013-07-19,1992.648
2013-07-22,2004.762
2013-07-23,2043.876
2013-07-24,2033.329
2013-07-25,2021.174
2013-07-26,2010.85
2013-07-29,1976.306
2013-07-30,1990.064
2013-07-31,1993.799
2013-08-01,2029.067
2013-08-02,2029.418
2013-08-05,2050.481
2013-08-06,2060.5
2013-08-07,2046.778
2013-08-08,2044.895
2013-08-09,2052.235
2013-08-12,2101.283
2013-08-13,2106.156
2013-08-14,2100.137
2013-08-15,2081.88
2013-08-16,2068.452
2013-08-19,2085.602
2013-08-20,2072.595
2013-08-21,2072.961
2013-08-22,2067.124
2013-08-23,2057.458
2013-08-26,2096.474
2013-08-27,2103.567
2013-08-28,2101.301
2013-08-29,2097.227
2013-08-30,2098.382
2013-09-02,2098.448
2013-09-03,2123.112
2013-09-04,2127.618
2013-09-05,2122.43
2013-09-06,2139.993
2013-09-09,2212.516
2013-09-10,2237.984
2013-09-11,2241.268
2013-09-12,2255.605
2013-09-13,2236.217
2013-09-16,2231.401
2013-09-17,2185.56
2013-09-18,2191.851
2013-09-23,2221.044
2013-09-24,2207.531
2013-09-25,2198.515
2013-09-26,2155.809
2013-09-27,2160.027
2013-09-30,2174.665
2013-10-08,2198.199
2013-10-09,2211.769
2013-10-10,2190.929
2013-10-11,2228.146
2013-10-14,2237.773
2013-10-15,2233.412
2013-10-16,2193.074
2013-10-17,2188.542
2013-10-18,2193.78
2013-10-21,2229.237
2013-10-22,2210.652
2013-10-23,2183.107
2013-10-24,2164.322
2013-10-25,2132.955
2013-10-28,2133.869
2013-10-29,2128.864
2013-10-30,2160.463
2013-10-31,2141.614
2013-11-01,2149.562
2013-11-04,2149.634
2013-11-05,2157.24
2013-11-06,2139.607
2013-11-07,2129.4
2013-11-08,2106.127
2013-11-11,2109.471
2013-11-12,2126.772
2013-11-13,2087.941
2013-11-14,2100.506
2013-11-15,2135.827
2013-11-18,2197.219
2013-11-19,2193.125
2013-11-20,2206.613
2013-11-21,2205.766
2013-11-22,2196.378
2013-11-25,2186.115
2013-11-26,2183.073
2013-11-27,2201.07
2013-11-28,2219.372
2013-11-29,2220.504
2013-12-02,2207.371
2013-12-03,2222.67
2013-12-04,2251.762
2013-12-05,2247.063
2013-12-06,2237.108
2013-12-09,2238.2
2013-12-10,2237.492
2013-12-11,2204.166
2013-12-12,2202.796
2013-12-13,2196.075
2013-12-16,2160.861
2013-12-17,2151.079
2013-12-18,2148.285
2013-12-19,2127.792
2013-12-20,2084.794
2013-12-23,2089.707
2013-12-24,2092.905
2013-12-25,2106.354
2013-12-26,2073.099
2013-12-27,2101.251
2013-12-30,2097.529
2013-12-31,2115.978
2014-01-02,2109.387
2014-01-03,2083.136
2014-01-06,2045.709
2014-01-07,2047.317
2014-01-08,2044.34
2014-01-09,2027.622
2014-01-10,2013.298
2014-01-13,2009.564
2014-01-14,2026.842
2014-01-15,2023.348
2014-01-16,2023.701
2014-01-17,2004.949
2014-01-20,1991.253
2014-01-21,2008.313
2014-01-22,2051.749
2014-01-23,2042.18
2014-01-24,2054.392
2014-01-27,2033.3
2014-01-28,2038.513
2014-01-29,2049.914
2014-01-30,2033.083
2014-02-07,2044.497
2014-02-10,2086.067
2014-02-11,2103.671
2014-02-12,2109.955
2014-02-13,2098.401
2014-02-14,2115.848
2014-02-17,2135.415
2014-02-18,2119.066
2014-02-19,2142.554
2014-02-20,2138.782
2014-02-21,2113.693
2014-02-24,2076.686
2014-02-25,2034.219
2014-02-26,2041.254
2014-02-27,2047.354
2014-02-28,2056.302
2014-03-03,2075.235
2014-03-04,2071.473
2014-03-05,2053.084
2014-03-06,2059.578
2014-03-07,2057.908
2014-03-10,1999.065
2014-03-11,2001.157
2014-03-12,1997.692
2014-03-13,2019.111
2014-03-14,2004.339
2014-03-17,2023.673
2014-03-18,2025.196
2014-03-19,2021.734
2014-03-20,1993.479
2014-03-21,2047.619
2014-03-24,2066.279
2014-03-25,2067.311
2014-03-26,2063.67
2014-03-27,2046.588
2014-03-28,2041.712
2014-03-31,2033.306
2014-04-01,2047.46
2014-04-02,2058.988
2014-04-03,2043.702
2014-04-04,2058.831
2014-04-08,2098.284
2014-04-09,2105.237
2014-04-10,2134.3
2014-04-11,2130.542
2014-04-14,2131.539
2014-04-15,2101.601
2014-04-16,2105.122
2014-04-17,2098.885
2014-04-18,2097.748
2014-04-21,2065.826
2014-04-22,2072.831
2014-04-23,2067.382
2014-04-24,2057.033
2014-04-25,2036.519
2014-04-28,2003.487
2014-04-29,2020.341
2014-04-30,2026.358
2014-05-05,2027.353
2014-05-06,2028.038
2014-05-07,2010.083
2014-05-08,2015.274
2014-05-09,2011.135
2014-05-12,2052.871
2014-05-13,2050.728
2014-05-14,2047.91
2014-05-15,2024.974
2014-05-16,2026.504
2014-05-19,2005.183
2014-05-20,2008.119
2014-05-21,2024.951
2014-05-22,2021.285
2014-05-23,2034.569
2014-05-26,2041.476
2014-05-27,2034.565
2014-05-28,2050.228
2014-05-29,2040.595
2014-05-30,2039.212
2014-06-03,2038.305
2014-06-04,2024.834
2014-06-05,2040.878
2014-06-06,2029.956
2014-06-09,2030.502
2014-06-10,2052.532
2014-06-11,2054.948
2014-06-12,2051.713
2014-06-13,2070.715
2014-06-16,2085.983
2014-06-17,2066.698
2014-06-18,2055.519
2014-06-19,2023.735
2014-06-20,2026.674
2014-06-23,2024.365
2014-06-24,2033.931
2014-06-25,2025.502
2014-06-26,2038.677
2014-06-27,2036.51
2014-06-30,2048.327
2014-07-01,2050.381
2014-07-02,2059.418
2014-07-03,2063.229
2014-07-04,2059.375
2014-07-07,2059.927
2014-07-08,2064.021
2014-07-09,2038.612
2014-07-10,2038.342
2014-07-11,2046.961
2014-07-14,2066.646
2014-07-15,2070.357
2014-07-16,2067.276
2014-07-17,2055.591
2014-07-18,2059.067
2014-07-21,2054.479
2014-07-22,2075.481
2014-07-23,2078.489
2014-07-24,2105.062
2014-07-25,2126.614
2014-07-28,2177.948
2014-07-29,2183.192
2014-07-30,2181.243
2014-07-31,2201.562
2014-08-01,2185.303
2014-08-04,2223.331
2014-08-05,2219.945
2014-08-06,2217.465
2014-08-07,2187.669
2014-08-08,2194.425
2014-08-11,2224.654
2014-08-12,2221.595
2014-08-13,2222.877
2014-08-14,2206.466
2014-08-15,2226.734
2014-08-18,2239.466
2014-08-19,2245.33
2014-08-20,2240.211
2014-08-21,2230.458
2014-08-22,2240.812
2014-08-25,2229.274
2014-08-26,2207.106
2014-08-27,2209.465
2014-08-28,2195.818
2014-08-29,2217.2
2014-09-01,2235.511
2014-09-02,2266.046
2014-09-03,2288.627
2014-09-04,2306.862
2014-09-05,2326.432
2014-09-09,2326.527
2014-09-10,2318.305
2014-09-11,2311.679
2014-09-12,2331.95
2014-09-15,2339.14
2014-09-16,2296.555
2014-09-17,2307.893
2014-09-18,2315.928
2014-09-19,2329.451
2014-09-22,2289.866
2014-09-23,2309.718
2014-09-24,2343.575
2014-09-25,2345.103
2014-09-26,2347.718
2014-09-29,2357.711
2014-09-30,2363.87
2014-10-08,2382.794
2014-10-09,2389.371
2014-10-10,2374.54
2014-10-13,2366.009
2014-10-14,2359.475
2014-10-15,2373.67
2014-10-16,2356.499
2014-10-17,2341.184
2014-10-20,2356.728
2014-10-21,2339.657
2014-10-22,2326.553
2014-10-23,2302.418
2014-10-24,2302.28
2014-10-27,2290.437
2014-10-28,2337.871
2014-10-29,2373.03
2014-10-30,2391.076
2014-10-31,2420.178
2014-11-03,2430.032
2014-11-04,2430.677
2014-11-05,2419.254
2014-11-06,2425.864
2014-11-07,2418.171
2014-11-10,2473.673
2014-11-11,2469.673
2014-11-12,2494.476
2014-11-13,2485.606
2014-11-14,2478.824
2014-11-17,2474.009
2014-11-18,2456.366
2014-11-19,2450.986
2014-11-20,2452.66
2014-11-21,2486.791
2014-11-24,2532.879
2014-11-25,2567.597
2014-11-26,2604.345
2014-11-27,2630.486
2014-11-28,2682.835
2014-12-01,2680.155
2014-12-02,2763.545
2014-12-03,2779.525
2014-12-04,2899.456
2014-12-05,2937.647
2014-12-08,3020.258
2014-12-09,2856.269
2014-12-10,2940.006
2014-12-11,2925.743
2014-12-12,2938.173
2014-12-15,2953.421
2014-12-16,3021.518
2014-12-17,3061.02
2014-12-18,3057.521
2014-12-19,3108.596
2014-12-22,3127.445
2014-12-23,3032.612
2014-12-24,2972.532
2014-12-25,3072.536
2014-12-26,3157.603
2014-12-29,3168.016
2014-12-30,3165.815
2014-12-31,3234.677
2015-01-05,3350.519
2015-01-06,3351.446
2015-01-07,3373.954
2015-01-08,3293.456
2015-01-09,3285.412
2015-01-12,3229.316
2015-01-13,3235.301
2015-01-14,3222.437
2015-01-15,3336.455
2015-01-16,3376.495
2015-01-19,3116.351
2015-01-20,3173.052
2015-01-21,3323.611
2015-01-22,3343.344
2015-01-23,3351.764
2015-01-26,3383.182
2015-01-27,3352.96
2015-01-28,3305.738
2015-01-29,3262.305
2015-01-30,3210.363
2015-02-02,3128.3
2015-02-03,3204.907
2015-02-04,3174.126
2015-02-05,3136.531
2015-02-06,3075.907
2015-02-09,3095.124
2015-02-10,3141.593
2015-02-11,3157.704
2015-02-12,3173.416
2015-02-13,3203.827
2015-02-16,3222.363
2015-02-17,3246.906
2015-02-25,3228.843
2015-02-26,3298.359
2015-02-27,3310.303
2015-03-02,3336.285
2015-03-03,3263.052
2015-03-04,3279.533
2015-03-05,3248.476
2015-03-06,3241.187
2015-03-09,3302.408
2015-03-10,3286.068
2015-03-11,3290.9
2015-03-12,3349.323
2015-03-13,3372.911
2015-03-16,3449.305
2015-03-17,3502.847
2015-03-18,3577.301
2015-03-19,3582.271
2015-03-20,3617.318
2015-03-23,3687.728
2015-03-24,3691.41
2015-03-25,3660.727
2015-03-26,3682.095
2015-03-27,3691.096
2015-03-30,3786.568
2015-03-31,3747.899
2015-04-01,3810.294
2015-04-02,3825.784
2015-04-03,3863.929
2015-04-07,3961.378
2015-04-08,3994.811
2015-04-09,3957.534
2015-04-10,4034.31
2015-04-13,4121.715
2015-04-14,4135.565
2015-04-15,4084.163
2015-04-16,4194.823
2015-04-17,4287.296
2015-04-20,4217.077
2015-04-21,4293.623
2015-04-22,4398.494
2015-04-23,4414.508
2015-04-24,4393.686
2015-04-27,4527.396
2015-04-28,4476.215
2015-04-29,4476.62
2015-04-30,4441.655
2015-05-04,4480.464
2015-05-05,4298.706
2015-05-06,4229.266
2015-05-07,4112.214
2015-05-08,4205.917
2015-05-11,4333.584
2015-05-12,4401.219
2015-05-13,4375.76
2015-05-14,4378.311
2015-05-15,4308.691
2015-05-18,4283.491
2015-05-19,4417.552
2015-05-20,4446.288
2015-05-21,4529.422
2015-05-22,4657.596
2015-05-25,4813.798
2015-05-26,4910.897
2015-05-27,4941.714
2015-05-28,4620.266
2015-05-29,4611.744
2015-06-01,4828.738
2015-06-02,4910.527
2015-06-03,4909.978
2015-06-04,4947.102
2015-06-05,5023.096
2015-06-08,5131.881
2015-06-09,5113.534
2015-06-10,5106.0359
2015-06-11,5121.5925
2015-06-12,5166.35
2015-06-15,5062.9929
2015-06-16,4887.432
2015-06-17,4967.8983
2015-06-18,4785.356
2015-06-19,4478.3643
2015-06-23,4576.4922
2015-06-24,4690.1497
2015-06-25,4527.7789
2015-06-26,4192.8734
2015-06-29,4053.0304
2015-06-30,4277.2219
2015-07-01,4053.6997
2015-07-02,3912.7668
2015-07-03,3686.9153
2015-07-06,3775.9122
2015-07-07,3727.1248
2015-07-08,3507.1923
2015-07-09,3709.3304
2015-07-10,3877.8034
2015-07-13,3970.3878
2015-07-14,3924.4871
2015-07-15,3805.7033
2015-07-16,3823.1755
2015-07-17,3957.3516
2015-07-20,3992.1096
2015-07-21,4017.6748
2015-07-22,4026.045
2015-07-23,4123.9234
2015-07-24,4070.908
2015-07-27,3725.5582
2015-07-28,3663.0024
2015-07-29,3789.168
2015-07-30,3705.7656
2015-07-31,3663.7256
2015-08-03,3622.9051
2015-08-04,3756.5449
2015-08-05,3694.5733
2015-08-06,3661.5392
2015-08-07,3744.2045
2015-08-10,3928.4154
2015-08-11,3927.9083
2015-08-12,3886.3198
2015-08-13,3954.5561
2015-08-14,3965.3349
2015-08-17,3993.6677
2015-08-18,3748.1639
2015-08-19,3794.1094
2015-08-20,3664.2907
2015-08-21,3507.744
2015-08-24,3209.905
2015-08-25,2964.9674
2015-08-26,2927.288
2015-08-27,3083.5912
2015-08-28,3232.3495
2015-08-31,3205.9855
2015-09-01,3166.6239
2015-09-02,3160.167
2015-09-07,3080.4201
2015-09-08,3170.4522
2015-09-09,3243.0889
2015-09-10,3197.8932
2015-09-11,3200.2337
2015-09-14,3114.798
2015-09-15,3005.1722
2015-09-16,3152.2632
2015-09-17,3086.0611
2015-09-18,3097.9172
2015-09-21,3156.5399
2015-09-22,3185.6187
2015-09-23,3115.8881
2015-09-24,3142.6869
2015-09-25,3092.347
2015-09-28,3100.7559
2015-09-29,3038.1368
2015-09-30,3052.7814
2015-10-08,3143.3573
2015-10-09,3183.1516
2015-10-12,3287.6624
2015-10-13,3293.2301
2015-10-14,3262.4414
2015-10-15,3338.073
2015-10-16,3391.3516
2015-10-19,3386.7003
2015-10-20,3425.3303
2015-10-21,3320.6761
2015-10-22,3368.7388
2015-10-23,3412.4338
2015-10-26,3429.5809
2015-10-27,3434.336
2015-10-28,3375.1961
2015-10-29,3387.3154
2015-10-30,3382.5612
2015-11-02,3325.0846
2015-11-03,3316.6954
2015-11-04,3459.6396
2015-11-05,3522.8185
2015-11-06,3590.0324
2015-11-09,3646.8811
2015-11-10,3640.4853
2015-11-11,3650.2494
2015-11-12,3632.9016
2015-11-13,3580.8388
2015-11-16,3606.9574
2015-11-17,3604.7951
2015-11-18,3568.4676
2015-11-19,3617.062
2015-11-20,3630.4995
2015-11-23,3610.3195
2015-11-24,3616.1125
2015-11-25,3647.93
2015-11-26,3635.5521
2015-11-27,3436.303
2015-11-30,3445.4048
2015-12-01,3456.3085
2015-12-02,3536.9051
2015-12-03,3584.8237
2015-12-04,3524.992
2015-12-07,3536.9272
2015-12-08,3470.0698
2015-12-09,3472.4394
2015-12-10,3455.4951
2015-12-11,3434.5813
2015-12-14,3520.6682
2015-12-15,3510.354
2015-12-16,3516.1867
2015-12-17,3579.999
2015-12-18,3578.964
2015-12-21,3642.472
2015-12-22,3651.767
2015-12-23,3636.089
2015-12-24,3612.485
2015-12-25,3627.914
2015-12-28,3533.779
2015-12-29,3563.736
2015-12-30,3572.876
2015-12-31,3539.182
2016-01-04,3296.258
2016-01-05,3287.711
2016-01-06,3361.84
2016-01-07,3125.002
2016-01-08,3186.412
2016-01-11,3016.704
2016-01-12,3022.861
2016-01-13,2949.597
2016-01-14,3007.649
2016-01-15,2900.9698
2016-01-18,2913.8367
2016-01-19,3007.7393
2016-01-20,2976.694
2016-01-21,2880.482
2016-01-22,2916.562
2016-01-25,2938.515
2016-01-26,2749.785
2016-01-27,2735.558
2016-01-28,2655.661
2016-01-29,2737.6
2016-02-01,2688.854
2016-02-02,2749.57
2016-02-03,2739.247
2016-02-04,2781.023
2016-02-05,2763.492
2016-02-15,2746.196
2016-02-16,2836.571
2016-02-17,2867.338
2016-02-18,2862.893
2016-02-19,2860.021
2016-02-22,2927.175
2016-02-23,2903.331
2016-02-24,2928.896
2016-02-25,2741.245
2016-02-26,2767.21
2016-02-29,2687.979
2016-03-01,2733.17
2016-03-02,2849.681
2016-03-03,2859.758
2016-03-04,2874.147
2016-03-07,2897.34
2016-03-08,2901.387
2016-03-09,2862.556
2016-03-10,2804.726
2016-03-11,2810.307
2016-03-14,2859.499
2016-03-15,2864.368
2016-03-16,2870.43
2016-03-17,2904.832
2016-03-18,2955.15
2016-03-21,3018.802
2016-03-22,2999.363
2016-03-23,3009.96
2016-03-24,2960.97
2016-03-25,2979.434
2016-03-28,2957.82
2016-03-29,2919.832
2016-03-30,3000.645
2016-03-31,3003.915
2016-04-01,3009.53
2016-04-05,3053.065
2016-04-06,3050.592
2016-04-07,3008.42
2016-04-08,2984.958
2016-04-11,3033.957
2016-04-12,3023.646
2016-04-13,3066.638
2016-04-14,3082.362
2016-04-15,3078.117
2016-04-18,3033.66
2016-04-19,3042.823
2016-04-20,2972.584
2016-04-21,2952.891
2016-04-22,2959.24
2016-04-25,2946.67
2016-04-26,2964.7
2016-04-27,2953.671
2016-04-28,2945.589
2016-04-29,2938.324
2016-05-03,2992.643
2016-05-04,2991.272
2016-05-05,2997.842
2016-05-06,2913.248
2016-05-09,2832.113
2016-05-10,2832.591
2016-05-11,2837.037
2016-05-12,2835.862
2016-05-13,2827.109
2016-05-16,2850.862
2016-05-17,2843.684
2016-05-18,2807.514
2016-05-19,2806.906
2016-05-20,2825.483
2016-05-23,2843.645
2016-05-24,2821.666
2016-05-25,2815.0863
2016-05-26,2822.443
2016-05-27,2821.046
2016-05-30,2822.451
2016-05-31,2916.616
2016-06-01,2913.508
2016-06-02,2925.229
2016-06-03,2938.682
2016-06-06,2934.098
2016-06-07,2936.045
2016-06-08,2927.159
2016-06-13,2833.071
2016-06-14,2842.189
2016-06-15,2887.21
2016-06-16,2872.817
2016-06-17,2885.105
2016-06-20,2888.809
2016-06-21,2878.558
2016-06-22,2905.55
2016-06-23,2891.96
2016-06-24,2854.286
2016-06-27,2895.703
2016-06-28,2912.557
2016-06-29,2931.592
2016-06-30,2929.606
2016-07-01,2932.476
2016-07-04,2988.604
2016-07-05,3006.392
2016-07-06,3017.292
2016-07-07,3016.847
2016-07-08,2988.094
2016-07-11,2994.917
2016-07-12,3049.381
2016-07-13,3060.689
2016-07-14,3054.018
2016-07-15,3054.296
2016-07-18,3043.564
2016-07-19,3036.598
2016-07-20,3027.9
2016-07-21,3039.009
2016-07-22,3012.816
2016-07-25,3015.828
2016-07-26,3050.166
2016-07-27,2991.999
2016-07-28,2994.323
2016-07-29,2979.339
2016-08-01,2953.385
2016-08-02,2971.279
2016-08-03,2978.461
2016-08-04,2982.426
2016-08-05,2976.696
2016-08-08,3004.277
2016-08-09,3025.681
2016-08-10,3018.746
2016-08-11,3002.638
2016-08-12,3050.667
2016-08-15,3125.195
2016-08-16,3110.037
2016-08-17,3109.555
2016-08-18,3104.114
2016-08-19,3108.102
2016-08-22,3084.805
2016-08-23,3089.706
2016-08-24,3085.88
2016-08-25,3068.329
2016-08-26,3070.309
2016-08-29,3070.027
2016-08-30,3074.677
2016-08-31,3085.491
2016-09-01,3063.305
2016-09-02,3067.352
2016-09-05,3072.095
2016-09-06,3090.713
2016-09-07,3091.928
2016-09-08,3095.954
2016-09-09,3078.855
2016-09-12,3021.977
2016-09-13,3023.51
2016-09-14,3002.849
2016-09-19,3026.051
2016-09-20,3023.0
2016-09-21,3025.874
2016-09-22,3042.313
2016-09-23,3033.896
2016-09-26,2980.43
2016-09-27,2998.172
2016-09-28,2987.858
2016-09-29,2998.483
2016-09-30,3004.703
2016-10-10,3048.143
2016-10-11,3065.25
2016-10-12,3058.498
2016-10-13,3061.346
2016-10-14,3063.809
2016-10-17,3041.166
2016-10-18,3083.875
2016-10-19,3084.719
2016-10-20,3084.458
2016-10-21,3090.941
2016-10-24,3128.247
2016-10-25,3131.939
2016-10-26,3116.312
2016-10-27,3112.35
2016-10-28,3104.27
2016-10-31,3100.492
2016-11-01,3122.436
2016-11-02,3102.733
2016-11-03,3128.936
2016-11-04,3125.317
2016-11-07,3133.333
2016-11-08,3147.888
2016-11-09,3128.37
2016-11-10,3171.282
2016-11-11,3196.044
2016-11-14,3210.371
2016-11-15,3206.986
2016-11-16,3205.057
2016-11-17,3208.453
2016-11-18,3192.856
2016-11-21,3218.148
2016-11-22,3248.352
2016-11-23,3241.137
2016-11-24,3241.736
2016-11-25,3261.938
2016-11-28,3277.0
2016-11-29,3282.924
2016-11-30,3250.034
2016-12-01,3273.309
2016-12-02,3243.843
2016-12-05,3204.709
2016-12-06,3199.647
2016-12-07,3222.242
2016-12-08,3215.366
2016-12-09,3232.883
2016-12-12,3152.97
2016-12-13,3155.037
2016-12-14,3140.531
2016-12-15,3117.677
2016-12-16,3122.982
2016-12-19,3118.0846
2016-12-20,3102.8759
2016-12-21,3137.4297
2016-12-22,3139.558
2016-12-23,3110.1544
2016-12-26,3122.569
2016-12-27,3114.664
2016-12-28,3102.2357
2016-12-29,3096.0968
2016-12-30,3103.6373
2017-01-03,3135.9208
2017-01-04,3158.794
2017-01-05,3165.4109
2017-01-06,3154.321
2017-01-09,3171.2362
2017-01-10,3161.6713
2017-01-11,3136.7535
2017-01-12,3119.2886
2017-01-13,3112.7644
2017-01-16,3103.428
2017-01-17,3108.7746
2017-01-18,3113.0123
2017-01-19,3101.2992
2017-01-20,3123.1389
2017-01-23,3136.7748
2017-01-24,3142.5533
2017-01-25,3149.5547
2017-01-26,3159.166
2017-02-03,3140.17
2017-02-06,3156.9838
2017-02-07,3153.0878
2017-02-08,3166.9818
2017-02-09,3183.1794
2017-02-10,3196.699
2017-02-13,3216.8394
2017-02-14,3217.928
2017-02-15,3212.9857
2017-02-16,3229.6184
2017-02-17,3202.0756
2017-02-20,3239.9613
2017-02-21,3253.3257
2017-02-22,3261.2184
2017-02-23,3251.375
2017-02-24,3253.4327
2017-02-27,3228.6602
2017-02-28,3241.7331
2017-03-01,3246.9335
2017-03-02,3230.0281
2017-03-03,3218.3118
2017-03-06,3233.8657
2017-03-07,3242.4063
2017-03-08,3240.6646
2017-03-09,3216.7457
2017-03-10,3212.7601
2017-03-13,3237.0244
2017-03-14,3239.3278
2017-03-15,3241.7597
2017-03-16,3268.9354
2017-03-17,3237.4471
2017-03-20,3250.8082
2017-03-21,3261.6108
2017-03-22,3245.2198
2017-03-23,3248.5495
2017-03-24,3269.4451
2017-03-27,3266.9552
2017-03-28,3252.9479
2017-03-29,3241.3144
2017-03-30,3210.2369
2017-03-31,3222.5142
2017-04-05,3270.3054
2017-04-06,3281.0047
2017-04-07,3286.616
2017-04-10,3269.3926
2017-04-11,3288.9657
2017-04-12,3273.8301
2017-04-13,3275.9603
2017-04-14,3246.0668
2017-04-17,3222.1673
2017-04-18,3196.7133
2017-04-19,3170.6867
2017-04-20,3172.1003
2017-04-21,3173.1512
2017-04-24,3129.5312
2017-04-25,3134.5674
2017-04-26,3140.8471
2017-04-27,3152.1869
2017-04-28,3154.6584
2017-05-02,3143.7121
2017-05-03,3135.346
2017-05-04,3127.3687
2017-05-05,3103.0378
2017-05-08,3078.6129
2017-05-09,3080.5269
2017-05-10,3052.785
2017-05-11,3061.5003
2017-05-12,3083.5132
2017-05-15,3090.2289
2017-05-16,3112.9642
2017-05-17,3104.4415
2017-05-18,3090.139
2017-05-19,3090.6309
2017-05-22,3075.6756
2017-05-23,3061.947
2017-05-24,3064.0759
2017-05-25,3107.8311
2017-05-26,3110.0587
2017-05-31,3117.1778
2017-06-01,3102.6232
2017-06-02,3105.54
2017-06-05,3091.6561
2017-06-06,3102.126
2017-06-07,3140.3249
2017-06-08,3150.3336
2017-06-09,3158.4004
2017-06-12,3139.8766
2017-06-13,3153.7429
2017-06-14,3130.674
2017-06-15,3132.4863
2017-06-16,3123.1662
2017-06-19,3144.3739
2017-06-20,3140.0136
2017-06-21,3156.2118
2017-06-22,3147.4532
2017-06-23,3157.873
2017-06-26,3185.4439
2017-06-27,3191.1969
2017-06-28,3173.2014
2017-06-29,3188.0625
2017-06-30,3192.4269
2017-07-03,3195.9116
2017-07-04,3182.8039
2017-07-05,3207.1342
2017-07-06,3212.444
2017-07-07,3217.9567
2017-07-10,3212.6319
2017-07-11,3203.0375
2017-07-12,3197.5439
2017-07-13,3218.1632
2017-07-14,3222.4168
2017-07-17,3176.4648
2017-07-18,3187.5672
2017-07-19,3230.9762
2017-07-20,3244.8647
2017-07-21,3237.9817
2017-07-24,3250.5989
2017-07-25,3243.6894
2017-07-26,3247.6748
2017-07-27,3249.7814
2017-07-28,3253.2404
2017-07-31,3273.0283
2017-08-01,3292.6383
2017-08-02,3285.0568
2017-08-03,3272.9286
2017-08-04,3262.0809
2017-08-07,3279.4566
2017-08-08,3281.8728
2017-08-09,3275.573
2017-08-10,3261.7494
2017-08-11,3208.5413
2017-08-14,3237.3602
2017-08-15,3251.2617
2017-08-16,3246.4512
2017-08-17,3268.4298
2017-08-18,3268.7243
2017-08-21,3286.9055
2017-08-22,3290.2257
2017-08-23,3287.7049
2017-08-24,3271.5117
2017-08-25,3331.5221
2017-08-28,3362.6514
2017-08-29,3365.2261
2017-08-30,3363.6266
2017-08-31,3360.8103
2017-09-01,3367.1194
2017-09-04,3379.583
2017-09-05,3384.317
2017-09-06,3385.3888
2017-09-07,3365.4974
2017-09-08,3365.2426
2017-09-11,3376.4188
2017-09-12,3379.488
2017-09-13,3384.147
2017-09-14,3371.4256
2017-09-15,3353.6192
2017-09-18,3362.8587
2017-09-19,3356.8446
2017-09-20,3365.9959
2017-09-21,3357.8123
2017-09-22,3352.5294
2017-09-25,3341.5487
2017-09-26,3343.5826
2017-09-27,3345.2717
2017-09-28,3339.6421
2017-09-29,3348.9431
2017-10-09,3374.3781
2017-10-10,3382.9879
2017-10-11,3388.2838
2017-10-12,3386.1
2017-10-13,3390.5233
2017-10-16,3378.4704
2017-10-17,3372.0407
2017-10-18,3381.7937
2017-10-19,3370.1721
2017-10-20,3378.6481
2017-10-23,3380.699
2017-10-24,3388.2477
2017-10-25,3396.8975
2017-10-26,3407.5671
2017-10-27,3416.8124
2017-10-30,3390.3371
2017-10-31,3393.3417
2017-11-01,3395.9125
2017-11-02,3383.3095
2017-11-03,3371.7441
2017-11-06,3388.1742
2017-11-07,3413.5748
2017-11-08,3415.4602
2017-11-09,3427.7946
2017-11-10,3432.6731
2017-11-13,3447.8358
2017-11-14,3429.5482
2017-11-15,3402.5245
2017-11-16,3399.2503
2017-11-17,3382.9075
2017-11-20,3392.3988
2017-11-21,3410.4977
2017-11-22,3430.4643
2017-11-23,3351.9182
2017-11-24,3353.8207
2017-11-27,3322.2298
2017-11-28,3333.657
2017-11-29,3337.862
2017-11-30,3317.1884
2017-12-01,3317.6174
2017-12-04,3309.6183
2017-12-05,3303.6751
2017-12-06,3293.9648
2017-12-07,3272.0542
2017-12-08,3289.9924
2017-12-11,3322.1956
2017-12-12,3280.8136
2017-12-13,3303.0373
2017-12-14,3292.4385
2017-12-15,3266.1371
2017-12-18,3267.9224
2017-12-19,3296.5384
2017-12-20,3287.6057
2017-12-21,3300.0593
2017-12-22,3297.063
2017-12-25,3280.461
2017-12-26,3306.1246
2017-12-27,3275.7828
2017-12-28,3296.3847
2017-12-29,3307.1721
2018-01-02,3348.3259
2018-01-03,3369.1084
2018-01-04,3385.7102
2018-01-05,3391.7501
2018-01-08,3409.4795
2018-01-09,3413.8996
2018-01-10,3421.8343
2018-01-11,3425.3449
2018-01-12,3428.9407
2018-01-15,3410.4882
2018-01-16,3436.594
2018-01-17,3444.6713
2018-01-18,3474.754
2018-01-19,3487.864
2018-01-22,3501.3622
2018-01-23,3546.5048
2018-01-24,3559.4653
2018-01-25,3548.307
2018-01-26,3558.1288
2018-01-29,3523.0007
2018-01-30,3488.009
2018-01-31,3480.8334
2018-02-01,3446.9799
2018-02-02,3462.0808
2018-02-05,3487.497
2018-02-06,3370.652
2018-02-07,3309.2598
2018-02-08,3262.0504
2018-02-09,3129.8508
2018-02-12,3154.1254
2018-02-13,3184.9587
2018-02-14,3199.1589
2018-02-22,3268.5589
2018-02-23,3289.0241
2018-02-26,3329.5737
2018-02-27,3292.0679
2018-02-28,3259.408
2018-03-01,3273.7549
2018-03-02,3254.5283
2018-03-05,3256.9263
2018-03-06,3289.6419
2018-03-07,3271.6683
2018-03-08,3288.4055
2018-03-09,3307.1656
2018-03-12,3326.6992
2018-03-13,3310.2389
2018-03-14,3291.3819
2018-03-15,3291.112
2018-03-16,3269.8821
2018-03-19,3279.2517
2018-03-20,3290.6399
2018-03-21,3280.9521
2018-03-22,3263.4803
2018-03-23,3152.7608
2018-03-26,3133.7218
2018-03-27,3166.6488
2018-03-28,3122.2895
2018-03-29,3160.5306
2018-03-30,3168.8966
2018-04-02,3163.179
2018-04-03,3136.6332
2018-04-04,3131.1114
2018-04-09,3138.2936
2018-04-10,3190.3216
2018-04-11,3208.0818
2018-04-12,3180.1583
2018-04-13,3159.0521
2018-04-16,3110.6489
2018-04-17,3066.7967
2018-04-18,3091.3987
2018-04-19,3117.376
2018-04-20,3071.5425
2018-04-23,3068.012
2018-04-24,3128.9271
2018-04-25,3117.9739
2018-04-26,3075.0301
2018-04-27,3082.2316
2018-05-02,3081.1773
2018-05-03,3100.8586
2018-05-04,3091.0334
2018-05-07,3136.6448
2018-05-08,3161.4976
2018-05-09,3159.1502
2018-05-10,3174.4127
2018-05-11,3163.2632
2018-05-14,3174.032
2018-05-15,3192.1183
2018-05-16,3169.5652
2018-05-17,3154.2825
2018-05-18,3193.3034
2018-05-21,3213.8404
2018-05-22,3214.3497
2018-05-23,3168.9642
2018-05-24,3154.6506
2018-05-25,3141.3032
2018-05-28,3135.0821
2018-05-29,3120.4605
2018-05-30,3041.4434
2018-05-31,3095.4737
2018-06-01,3075.1372
2018-06-04,3091.1909
2018-06-05,3114.2055
2018-06-06,3115.1803
2018-06-07,3109.4988
2018-06-08,3067.1478
2018-06-11,3052.7831
2018-06-12,3079.8018
2018-06-13,3049.7965
2018-06-14,3044.1597
2018-06-15,3021.9008
2018-06-19,2907.8221
2018-06-20,2915.7314
2018-06-21,2875.8099
2018-06-22,2889.7603
2018-06-25,2859.3364
2018-06-26,2844.5081
2018-06-27,2813.1775
2018-06-28,2786.8966
2018-06-29,2847.4181
2018-07-02,2775.557
2018-07-03,2786.8878
2018-07-04,2759.126
2018-07-05,2733.8819
2018-07-06,2747.2285
2018-07-09,2815.1095
2018-07-10,2827.6252
2018-07-11,2777.7711
2018-07-12,2837.6586
2018-07-13,2831.1837
2018-07-16,2814.0418
2018-07-17,2798.1259
2018-07-18,2787.257
2018-07-19,2772.5454
2018-07-20,2829.2712
2018-07-23,2859.5424
2018-07-24,2905.5618
2018-07-25,2903.6467
2018-07-26,2882.2254
2018-07-27,2873.5938
2018-07-30,2869.0495
2018-07-31,2876.4009
2018-08-01,2824.5337
2018-08-02,2768.0239
2018-08-03,2740.4429
2018-08-06,2705.1565
2018-08-07,2779.374
2018-08-08,2744.0696
2018-08-09,2794.3818
2018-08-10,2795.3099
2018-08-13,2785.872
2018-08-14,2780.9646
2018-08-15,2723.2576
2018-08-16,2705.1917
2018-08-17,2668.966
2018-08-20,2698.4658
2018-08-21,2733.8264
2018-08-22,2714.6082
2018-08-23,2724.6244
2018-08-24,2729.4308
2018-08-27,2780.899
2018-08-28,2777.9808
2018-08-29,2769.2947
2018-08-30,2737.7367
2018-08-31,2725.2499
2018-09-03,2720.7344
2018-09-04,2750.5804
2018-09-05,2704.3368
2018-09-06,2691.5929
2018-09-07,2702.3007
2018-09-10,2669.4845
2018-09-11,2664.7997
2018-09-12,2656.1101
2018-09-13,2686.5784
2018-09-14,2681.6431
2018-09-17,2651.7886
2018-09-18,2699.9501
2018-09-19,2730.8503
2018-09-20,2729.2438
2018-09-21,2797.4848
2018-09-25,2781.1385
2018-09-26,2806.8133
2018-09-27,2791.7748
2018-09-28,2821.3501
2018-10-08,2716.5104
2018-10-09,2721.013
2018-10-10,2725.8367
2018-10-11,2583.4575
2018-10-12,2606.9125
2018-10-15,2568.0984
2018-10-16,2546.3296
2018-10-17,2561.614
2018-10-18,2486.4186
2018-10-19,2550.4652
2018-10-22,2654.8762
2018-10-23,2594.8255
2018-10-24,2603.2951
2018-10-25,2603.7995
2018-10-26,2598.8468
2018-10-29,2542.1033
2018-10-30,2568.0481
2018-10-31,2602.7832
2018-11-01,2606.2372
2018-11-02,2676.4762
2018-11-05,2665.4306
2018-11-06,2659.3564
2018-11-07,2641.342
2018-11-08,2635.6322
2018-11-09,2598.8715
2018-11-12,2630.5195
2018-11-13,2654.8795
2018-11-14,2632.2425
2018-11-15,2668.1704
2018-11-16,2679.1097
2018-11-19,2703.5116
2018-11-20,2645.8545
2018-11-21,2651.5053
2018-11-22,2645.4339
2018-11-23,2579.4831
2018-11-26,2575.8101
2018-11-27,2574.6792
2018-11-28,2601.7365
2018-11-29,2567.4434
2018-11-30,2588.1875
2018-12-03,2654.798
2018-12-04,2665.9577
2018-12-05,2649.8051
2018-12-06,2605.1813
2018-12-07,2605.8876
2018-12-10,2584.5822
2018-12-11,2594.0881
2018-12-12,2602.1526
2018-12-13,2634.0491
2018-12-14,2593.7407
2018-12-17,2597.9737
2018-12-18,2576.6495
2018-12-19,2549.5634
2018-12-20,2536.2675
2018-12-21,2516.2506
2018-12-24,2527.0071
2018-12-25,2504.819
2018-12-26,2498.2939
2018-12-27,2483.0864
2018-12-28,2493.8962
2019-01-02,2465.291
2019-01-03,2464.3628
2019-01-04,2514.8682
2019-01-07,2533.0887
2019-01-08,2526.4622
2019-01-09,2544.3449
2019-01-10,2535.0985
2019-01-11,2553.8313
2019-01-14,2535.7653
2019-01-15,2570.3449
2019-01-16,2570.4221
2019-01-17,2559.637
2019-01-18,2596.0056
2019-01-21,2610.5094
2019-01-22,2579.7041
2019-01-23,2581.0041
2019-01-24,2591.6935
2019-01-25,2601.7234
2019-01-28,2596.9767
2019-01-29,2594.2536
2019-01-30,2575.5756
2019-01-31,2584.5724
2019-02-01,2618.2323
2019-02-11,2653.896
2019-02-12,2671.8937
2019-02-13,2721.0683
2019-02-14,2719.6999
2019-02-15,2682.385
2019-02-18,2754.3566
2019-02-19,2755.6459
2019-02-20,2761.2189
2019-02-21,2751.8012
2019-02-22,2804.2262
2019-02-25,2961.2834
2019-02-26,2941.5163
2019-02-27,2953.8242
2019-02-28,2940.9538
2019-03-01,2994.005
2019-03-04,3027.5755
2019-03-05,3054.2466
2019-03-06,3102.0991
2019-03-07,3106.4179
2019-03-08,2969.8614
2019-03-11,3026.9925
2019-03-12,3060.3073
2019-03-13,3026.9513
2019-03-14,2990.685
2019-03-15,3021.7512
2019-03-18,3096.4176
2019-03-19,3090.975
2019-03-20,3090.6403
2019-03-21,3101.455
2019-03-22,3104.1487
2019-03-25,3043.0313
2019-03-26,2997.0954
2019-03-27,3022.7196
2019-03-28,2994.9434
2019-03-29,3090.758
2019-04-01,3170.361
2019-04-02,3176.8227
2019-04-03,3216.2952
2019-04-04,3246.5714
2019-04-08,3244.8103
2019-04-09,3239.6639
2019-04-10,3241.9299
2019-04-11,3189.9619
2019-04-12,3188.6256
2019-04-15,3177.7866
2019-04-16,3253.5978
2019-04-17,3263.1179
2019-04-18,3250.2012
2019-04-19,3270.7973
2019-04-22,3215.0426
2019-04-23,3198.5938
2019-04-24,3201.6137
2019-04-25,3123.8261
2019-04-26,3086.3989
2019-04-29,3062.4985
2019-04-30,3078.3389
2019-05-06,2906.464
2019-05-07,2926.3908
2019-05-08,2893.7567
2019-05-09,2850.9537
2019-05-10,2939.2106
2019-05-13,2903.7131
2019-05-14,2883.6107
2019-05-15,2938.6781
2019-05-16,2955.711
2019-05-17,2882.2962
2019-05-20,2870.6046
2019-05-21,2905.9688
2019-05-22,2891.7046
2019-05-23,2852.5153
2019-05-24,2852.9948
2019-05-27,2892.3782
2019-05-28,2909.9106
2019-05-29,2914.6964
2019-05-30,2905.8054
2019-05-31,2898.6961
2019-06-03,2890.0809
2019-06-04,2862.2803
2019-06-05,2861.4181
2019-06-06,2827.7978
2019-06-10,2852.1302
2019-06-11,2925.7162
2019-06-12,2909.3796
2019-06-13,2910.7406
2019-06-14,2881.9743
2019-06-17,2887.6221
2019-06-18,2890.158
2019-06-19,2917.8029
2019-06-20,2987.1186
2019-06-21,3001.9802
2019-06-24,3008.1479
2019-06-25,2982.0738
2019-06-26,2976.2837
2019-06-27,2996.7926
2019-06-28,2978.8784
2019-07-01,3044.9028
2019-07-02,3043.9428
2019-07-03,3015.2633
2019-07-04,3005.2488
2019-07-05,3011.0588
2019-07-08,2933.3634
2019-07-09,2928.2295
2019-07-10,2915.3022
2019-07-11,2917.7609
2019-07-12,2930.5462
2019-07-15,2942.1853
2019-07-16,2937.6168
2019-07-17,2931.6926
2019-07-18,2901.1766
2019-07-19,2924.2006
2019-07-22,2886.974
2019-07-23,2899.9446
2019-07-24,2923.2775
2019-07-25,2937.3601
2019-07-26,2944.541
2019-07-29,2941.007
2019-07-30,2952.3383
2019-07-31,2932.5058
2019-08-01,2908.766
2019-08-02,2867.8376
2019-08-05,2821.4957
2019-08-06,2777.5559
2019-08-07,2768.6795
2019-08-08,2794.5523
2019-08-09,2774.7532
2019-08-12,2814.9944
2019-08-13,2797.2596
2019-08-14,2808.9146
2019-08-15,2815.7976
2019-08-16,2823.8238
2019-08-19,2883.096
2019-08-20,2880.0012
2019-08-21,2880.3307
2019-08-22,2883.4358
2019-08-23,2897.4253
2019-08-26,2863.5673
2019-08-27,2902.1932
2019-08-28,2893.7564
2019-08-29,2890.9192
2019-08-30,2886.2365
2019-09-02,2924.1063
2019-09-03,2930.1538
2019-09-04,2957.4116
2019-09-05,2985.8648
2019-09-06,2999.6013
2019-09-09,3024.7388
2019-09-10,3021.2024
2019-09-11,3008.8118
2019-09-12,3031.2351
2019-09-16,3030.7544
2019-09-17,2978.1178
2019-09-18,2985.6586
2019-09-19,2999.2789
2019-09-20,3006.4467
2019-09-23,2977.0767
2019-09-24,2985.3406
2019-09-25,2955.4325
2019-09-26,2929.0875
2019-09-27,2932.167
2019-09-30,2905.1892
2019-10-08,2913.5704
2019-10-09,2924.8566
2019-10-10,2947.7106
2019-10-11,2973.6558
2019-10-14,3007.8834
2019-10-15,2991.0459
2019-10-16,2978.7124
2019-10-17,2977.3342
2019-10-18,2938.1413
2019-10-21,2939.6179
2019-10-22,2954.3799
2019-10-23,2941.6188
2019-10-24,2940.9215
2019-10-25,2954.9327
2019-10-28,2980.0498
2019-10-29,2954.176
2019-10-30,2939.3209
2019-10-31,2929.0561
2019-11-01,2958.1992
2019-11-04,2975.4919
2019-11-05,2991.5622
2019-11-06,2978.5955
2019-11-07,2978.7144
2019-11-08,2964.1849
2019-11-11,2909.9746
2019-11-12,2914.8232
2019-11-13,2905.2409
2019-11-14,2909.8697
2019-11-15,2891.3431
2019-11-18,2909.2002
2019-11-19,2933.9908
2019-11-20,2911.0534
2019-11-21,2903.6379
2019-11-22,2885.2884
2019-11-25,2906.1688
2019-11-26,2907.0602
2019-11-27,2903.1947
2019-11-28,2889.6934
2019-11-29,2871.9813
2019-12-02,2875.8072
2019-12-03,2884.6988
2019-12-04,2878.1157
2019-12-05,2899.4685
2019-12-06,2912.0136
2019-12-09,2914.4775
2019-12-10,2917.3157
2019-12-11,2924.4173
2019-12-12,2915.6983
2019-12-13,2967.6764
2019-12-16,2984.3925
2019-12-17,3022.4219
2019-12-18,3017.0444
2019-12-19,3017.0658
2019-12-20,3004.9376
2019-12-23,2962.7513
2019-12-24,2982.6806
2019-12-25,2981.8805
2019-12-26,3007.3546
2019-12-27,3005.0355
2019-12-30,3040.0239
2019-12-31,3050.124
2020-01-02,3085.1976
2020-01-03,3083.7858
2020-01-06,3083.4083
2020-01-07,3104.8015
2020-01-08,3066.8925
2020-01-09,3094.8819
2020-01-10,3092.2907
2020-01-13,3115.5696
2020-01-14,3106.8204
2020-01-15,3090.0379
2020-01-16,3074.0814
2020-01-17,3075.4955
2020-01-20,3095.7873
2020-01-21,3052.1419
2020-01-22,3060.7545
2020-01-23,2976.5281
2020-02-03,2746.6056
2020-02-04,2783.2875
2020-02-05,2818.0878
2020-02-06,2866.5097
2020-02-07,2875.9636
2020-02-10,2890.4878
2020-02-11,2901.6744
2020-02-12,2926.8991
2020-02-13,2906.0735
2020-02-14,2917.0077
2020-02-17,2983.6224
2020-02-18,2984.9716
2020-02-19,2975.4019
2020-02-20,3030.1542
2020-02-21,3039.6692
2020-02-24,3031.2333
2020-02-25,3013.0501
2020-02-26,2987.9287
2020-02-27,2991.3288
2020-02-28,2880.3038
2020-03-02,2970.9312
2020-03-03,2992.8968
2020-03-04,3011.6657
2020-03-05,3071.6771
2020-03-06,3034.5113
2020-03-09,2943.2907
2020-03-10,2996.7618
2020-03-11,2968.5174
2020-03-12,2923.4856
2020-03-13,2887.4265
2020-03-16,2789.2537
2020-03-17,2779.6407
2020-03-18,2728.7563
2020-03-19,2702.1296
2020-03-20,2745.6182
2020-03-23,2660.1674
2020-03-24,2722.4381
2020-03-25,2781.5913
2020-03-26,2764.9109
2020-03-27,2772.2033
2020-03-30,2747.2138
2020-03-31,2750.2962
2020-04-01,2734.5215
2020-04-02,2780.6379
2020-04-03,2763.9874
2020-04-07,2820.7634
2020-04-08,2815.3686
2020-04-09,2825.9036
2020-04-10,2796.6312
2020-04-13,2783.0476
2020-04-14,2827.283
2020-04-15,2811.1741
2020-04-16,2819.935
2020-04-17,2838.4945
2020-04-20,2852.5528
2020-04-21,2827.0133
2020-04-22,2843.9804
2020-04-23,2838.4994
2020-04-24,2808.5293
2020-04-27,2815.4947
2020-04-28,2810.0243
2020-04-29,2822.4424
2020-04-30,2860.0822
2020-05-06,2878.1402
2020-05-07,2871.5232
2020-05-08,2895.3444
2020-05-11,2894.802
2020-05-12,2891.5564
2020-05-13,2898.0495
2020-05-14,2870.3422
2020-05-15,2868.4587
2020-05-18,2875.4176
2020-05-19,2898.576
2020-05-20,2883.7378
2020-05-21,2867.9237
2020-05-22,2813.7654
2020-05-25,2817.9697
2020-05-26,2846.5473
2020-05-27,2836.8036
2020-05-28,2846.2217
2020-05-29,2852.3512
2020-06-01,2915.4311
2020-06-02,2921.398
2020-06-03,2923.3711
2020-06-04,2919.2506
2020-06-05,2930.7993
2020-06-08,2937.7712
2020-06-09,2956.1116
2020-06-10,2943.7525
2020-06-11,2920.8968
2020-06-12,2919.7408
2020-06-15,2890.0306
2020-06-16,2931.7493
2020-06-17,2935.873
2020-06-18,2939.3151
2020-06-19,2967.6341
2020-06-22,2965.2717
2020-06-23,2970.6203
2020-06-24,2979.5505
2020-06-29,2961.5164
2020-06-30,2984.6741
2020-07-01,3025.981
2020-07-02,3090.5693
2020-07-03,3152.8126
2020-07-06,3332.8807
2020-07-07,3345.3369
2020-07-08,3403.4401
2020-07-09,3450.5935
2020-07-10,3383.3222
2020-07-13,3443.2863
2020-07-14,3414.6186
2020-07-15,3361.3044
2020-07-16,3210.0986
2020-07-17,3214.1287
2020-07-20,3314.149
2020-07-21,3320.8947
2020-07-22,3333.1635
2020-07-23,3325.1102
2020-07-24,3196.7684
2020-07-27,3205.2268
2020-07-28,3227.9604
2020-07-29,3294.5521
2020-07-30,3286.822
2020-07-31,3310.0065
2020-08-03,3367.9658
2020-08-04,3371.6875
2020-08-05,3377.5648
2020-08-06,3386.4631
2020-08-07,3354.0352
2020-08-10,3379.2524
2020-08-11,3340.29
2020-08-12,3319.2656
2020-08-13,3320.7261
2020-08-14,3360.0988
2020-08-17,3438.801
2020-08-18,3451.0894
2020-08-19,3408.1288
2020-08-20,3363.8988
2020-08-21,3380.6825
2020-08-24,3385.6383
2020-08-25,3373.5781
2020-08-26,3329.7388
2020-08-27,3350.1128
2020-08-28,3403.8066
2020-08-31,3395.6775
2020-09-01,3410.6068
2020-09-02,3404.8017
2020-09-03,3384.9806
2020-09-04,3355.3666
2020-09-07,3292.5907
2020-09-08,3316.417
2020-09-09,3254.6279
2020-09-10,3234.8234
2020-09-11,3260.3461
2020-09-14,3278.8138
2020-09-15,3295.6795
2020-09-16,3283.9244
2020-09-17,3270.435
2020-09-18,3338.0897
2020-09-21,3316.9351
2020-09-22,3274.3015
2020-09-23,3279.7105
2020-09-24,3223.1764
2020-09-25,3219.4179
2020-09-28,3217.5346
2020-09-29,3224.3593
2020-09-30,3218.0521
2020-10-09,3272.0762
2020-10-12,3358.4652
2020-10-13,3359.7499
2020-10-14,3340.7782
2020-10-15,3332.1832
2020-10-16,3336.3582
2020-10-19,3312.6671
2020-10-20,3328.1029
2020-10-21,3325.0247
2020-10-22,3312.5005
2020-10-23,3277.9972
2020-10-26,3251.1188
2020-10-27,3254.3157
2020-10-28,3269.238
2020-10-29,3272.7274
2020-10-30,3224.5325
2020-11-02,3225.1196
2020-11-03,3271.0744
2020-11-04,3277.4402
2020-11-05,3320.1333
2020-11-06,3312.159
2020-11-09,3373.7337
2020-11-10,3360.1485
2020-11-11,3342.2025
2020-11-12,3338.6788
2020-11-13,3310.1046
2020-11-16,3346.9692
2020-11-17,3339.895
2020-11-18,3347.3034
2020-11-19,3363.0876
2020-11-20,3377.7267
2020-11-23,3414.4899
2020-11-24,3402.8225
2020-11-25,3362.3274
2020-11-26,3369.7334
2020-11-27,3408.3071
2020-11-30,3391.7551
2020-12-01,3451.9384
2020-12-02,3449.3805
2020-12-03,3442.1359
2020-12-04,3444.5814
2020-12-07,3416.6037
2020-12-08,3410.1771
2020-12-09,3371.964
2020-12-10,3373.2758
2020-12-11,3347.191
2020-12-14,3369.1201
2020-12-15,3367.2326
2020-12-16,3366.9832
2020-12-17,3404.8732
2020-12-18,3394.896
2020-12-21,3420.5693
2020-12-22,3356.7822
2020-12-23,3382.3195
2020-12-24,3363.1133
2020-12-25,3396.5626
2020-12-28,3397.2854
2020-12-29,3379.0362
2020-12-30,3414.4527
2020-12-31,3473.0693
2021-01-04,3502.9584
2021-01-05,3528.6767
2021-01-06,3550.8767
2021-01-07,3576.2046
2021-01-08,3570.1082
2021-01-11,3531.4978
2021-01-12,3608.3389
2021-01-13,3598.6518
2021-01-14,3565.9046
2021-01-15,3566.3778
2021-01-18,3596.2237
2021-01-19,3566.3814
2021-01-20,3583.092
2021-01-21,3621.2641
2021-01-22,3606.7496
2021-01-25,3624.2381
2021-01-26,3569.429
2021-01-27,3573.3412
2021-01-28,3505.1759
2021-01-29,3483.0692
2021-02-01,3505.2836
2021-02-02,3533.6849
2021-02-03,3517.308
2021-02-04,3501.8592
2021-02-05,3496.3329
2021-02-08,3532.4467
2021-02-09,3603.489
2021-02-10,3655.088
2021-02-18,3675.3571
2021-02-19,3696.168
2021-02-22,3642.4449
2021-02-23,3636.3573
2021-02-24,3564.0799
2021-02-25,3585.0458
2021-02-26,3509.0804
2021-03-01,3551.3998
2021-03-02,3508.5912
2021-03-03,3576.9045
2021-03-04,3503.4916
2021-03-05,3501.9867
2021-03-08,3421.4141
2021-03-09,3359.292
2021-03-10,3357.7372
2021-03-11,3436.8313
2021-03-12,3453.0777
2021-03-15,3419.9456
2021-03-16,3446.7334
2021-03-17,3445.5509
2021-03-18,3463.0681
2021-03-19,3404.6634
2021-03-22,3443.4392
2021-03-23,3411.5088
2021-03-24,3367.0606
2021-03-25,3363.5915
2021-03-26,3418.3267
2021-03-29,3435.2958
2021-03-30,3456.6766
2021-03-31,3441.9115
2021-04-01,3466.3315
2021-04-02,3484.3924
2021-04-06,3482.9674
2021-04-07,3479.6256
2021-04-08,3482.5548
2021-04-09,3450.6772
2021-04-12,3412.9477
2021-04-13,3396.47
2021-04-14,3416.7212
2021-04-15,3398.9875
2021-04-16,3426.6178
2021-04-19,3477.5485
2021-04-20,3472.9427
2021-04-21,3472.9298
2021-04-22,3465.1138
2021-04-23,3474.166
2021-04-26,3441.1658
2021-04-27,3442.6111
2021-04-28,3457.0683
2021-04-29,3474.9011
2021-04-30,3446.8564
2021-05-06,3441.2826
2021-05-07,3418.8741
2021-05-10,3427.9909
2021-05-11,3441.8454
2021-05-12,3462.7513
2021-05-13,3429.5361
2021-05-14,3490.3762
2021-05-17,3517.6158
2021-05-18,3529.0144
2021-05-19,3510.9647
2021-05-20,3506.9444
2021-05-21,3486.5569
2021-05-24,3497.2821
2021-05-25,3581.3418
2021-05-26,3593.357
2021-05-27,3608.8507
2021-05-28,3600.7844
2021-05-31,3615.4773
2021-06-01,3624.7138
2021-06-02,3597.1379
2021-06-03,3584.2121
2021-06-04,3591.8447
2021-06-07,3599.541
2021-06-08,3580.1063
2021-06-09,3591.3965
2021-06-10,3610.859
2021-06-11,3589.7481
2021-06-15,3556.559
2021-06-16,3518.3292
2021-06-17,3525.6042
2021-06-18,3525.0968
2021-06-21,3529.1826
2021-06-22,3557.412
2021-06-23,3566.2199
2021-06-24,3566.6539
2021-06-25,3607.5618
2021-06-28,3606.3722
2021-06-29,3573.1779
2021-06-30,3591.197
2021-07-01,3588.7816
2021-07-02,3518.7595
2021-07-05,3534.3222
2021-07-06,3530.2589
2021-07-07,3553.7155
2021-07-08,3525.5039
2021-07-09,3524.0881
2021-07-12,3547.8362
2021-07-13,3566.5225
2021-07-14,3528.5011
2021-07-15,3564.5902
2021-07-16,3539.3038
2021-07-19,3539.1225
2021-07-20,3536.7905
2021-07-21,3562.6611
2021-07-22,3574.7344
2021-07-23,3550.3964
2021-07-26,3467.4409
2021-07-27,3381.1833
2021-07-28,3361.5895
2021-07-29,3411.724
2021-07-30,3397.3574
2021-08-02,3464.2854
2021-08-03,3447.9914
2021-08-04,3477.2186
2021-08-05,3466.5491
2021-08-06,3458.2277
2021-08-09,3494.6348
2021-08-10,3529.9309
2021-08-11,3532.6213
2021-08-12,3524.7374
2021-08-13,3516.2989
2021-08-16,3517.3447
2021-08-17,3446.976
2021-08-18,3485.2859
2021-08-19,3465.5546
2021-08-20,3427.3338
2021-08-23,3477.1321
2021-08-24,3514.471
2021-08-25,3540.3837
2021-08-26,3501.6643
2021-08-27,3522.1567
2021-08-30,3528.1512
2021-08-31,3543.9402
2021-09-01,3567.1008
2021-09-02,3597.0426
2021-09-03,3581.7344
2021-09-06,3621.8593
2021-09-07,3676.5866
2021-09-08,3675.1865
2021-09-09,3693.1296
2021-09-10,3703.1103
2021-09-13,3715.3723
2021-09-14,3662.6015
2021-09-15,3656.2232
2021-09-16,3607.0922
2021-09-17,3613.9663
2021-09-22,3628.4897
2021-09-23,3642.2204
2021-09-24,3613.0673
2021-09-27,3582.8307
2021-09-28,3602.2184
2021-09-29,3536.2944
2021-09-30,3568.1668
2021-10-08,3592.1666
2021-10-11,3591.7087
2021-10-12,3546.9362
2021-10-13,3561.7623
2021-10-14,3558.2795
2021-10-15,3572.3662
2021-10-18,3568.1379
2021-10-19,3593.1533
2021-10-20,3587.0009
2021-10-21,3594.7831
2021-10-22,3582.6036
2021-10-25,3609.8626
2021-10-26,3597.6377
2021-10-27,3562.3052
2021-10-28,3518.4166
2021-10-29,3547.3361
2021-11-01,3544.4795
2021-11-02,3505.6283
2021-11-03,3498.5368
2021-11-04,3526.8657
2021-11-05,3491.5677
2021-11-08,3498.6308
2021-11-09,3507.0018
2021-11-10,3492.4616
2021-11-11,3532.7858
2021-11-12,3539.1002
2021-11-15,3533.3026
2021-11-16,3521.7867
2021-11-17,3537.3662
2021-11-18,3520.7106
2021-11-19,3560.3734
2021-11-22,3582.0797
2021-11-23,3589.0894
2021-11-24,3592.7025
2021-11-25,3584.1788
2021-11-26,3564.0894
2021-11-29,3562.6968
2021-11-30,3563.8872
2021-12-01,3576.8853
2021-12-02,3573.8358
2021-12-03,3607.4322
2021-12-06,3589.3061
2021-12-07,3595.0882
2021-12-08,3637.5675
2021-12-09,3673.0412
2021-12-10,3666.3479
2021-12-13,3681.082
2021-12-14,3661.5253
2021-12-15,3647.6303
2021-12-16,3675.016
2021-12-17,3632.3638
2021-12-20,3593.6019
2021-12-21,3625.1251
2021-12-22,3622.6178
2021-12-23,3643.3391
2021-12-24,3618.0535
2021-12-27,3615.9741
2021-12-28,3630.1115
2021-12-29,3597.0002
2021-12-30,3619.1886
2021-12-31,3639.7754
2022-01-04,3632.3289
2022-01-05,3595.1761
2022-01-06,3586.0792
2022-01-07,3579.5427
2022-01-10,3593.5187
2022-01-11,3567.4409
2022-01-12,3597.4321
2022-01-13,3555.2585
2022-01-14,3521.2559
2022-01-17,3541.666
2022-01-18,3569.9144
2022-01-19,3558.1796
2022-01-20,3555.0629
2022-01-21,3522.5679
2022-01-24,3524.105
2022-01-25,3433.0612
2022-01-26,3455.6679
2022-01-27,3394.2474
2022-01-28,3361.4397
2022-02-07,3429.5809
2022-02-08,3452.6288
2022-02-09,3479.9458
2022-02-10,3485.9071
2022-02-11,3462.9479
2022-02-14,3428.8821
2022-02-15,3446.0885
2022-02-16,3465.8305
2022-02-17,3468.0354
2022-02-18,3490.7573
2022-02-21,3490.6123
2022-02-22,3457.146
2022-02-23,3489.1465
2022-02-24,3429.9564
2022-02-25,3451.4061
2022-02-28,3462.3064
2022-03-01,3488.8347
2022-03-02,3484.1916
2022-03-03,3481.1125
2022-03-04,3447.649
2022-03-07,3372.8552
2022-03-08,3293.5301
2022-03-09,3256.3884
2022-03-10,3296.0922
2022-03-11,3309.7467
2022-03-14,3223.5328
2022-03-15,3063.9652
2022-03-16,3170.7103
2022-03-17,3215.0445
2022-03-18,3251.0724
2022-03-21,3253.6857
2022-03-22,3259.8619
2022-03-23,3271.0325
2022-03-24,3250.2644
2022-03-25,3212.2399
2022-03-28,3214.5027
2022-03-29,3203.9393
2022-03-30,3266.5959
2022-03-31,3252.2029
2022-04-01,3282.7166
2022-04-06,3283.4261
2022-04-07,3236.6951
2022-04-08,3251.8502
2022-04-11,3167.1259
2022-04-12,3213.3295
2022-04-13,3186.8244
2022-04-14,3225.6412
2022-04-15,3211.2448
2022-04-18,3195.524
2022-04-19,3194.0287
2022-04-20,3151.0498
2022-04-21,3079.8077
2022-04-22,3086.9193
2022-04-25,2928.5118
2022-04-26,2886.4257
2022-04-27,2958.282
2022-04-28,2975.4848
2022-04-29,3047.0624
2022-05-05,3067.7587
2022-05-06,3001.5605
2022-05-09,3004.1409
2022-05-10,3035.8442
2022-05-11,3058.7027
2022-05-12,3054.994
2022-05-13,3084.2845
2022-05-16,3073.7488
2022-05-17,3093.6965
2022-05-18,3085.9768
2022-05-19,3096.9648
2022-05-20,3146.5673
2022-05-23,3146.8573
2022-05-24,3070.9272
2022-05-25,3107.4641
2022-05-26,3123.1079
2022-05-27,3130.2394
2022-05-30,3149.0607
2022-05-31,3186.4271
2022-06-01,3182.1566
2022-06-02,3195.458
2022-06-06,3236.3719
2022-06-07,3241.7635
2022-06-08,3263.7934
2022-06-09,3238.9543
2022-06-10,3284.8341
2022-06-13,3255.5511
2022-06-14,3288.9066
2022-06-15,3305.4066
2022-06-16,3285.3845
2022-06-17,3316.7857
2022-06-20,3315.4302
2022-06-21,3306.7186
2022-06-22,3267.2016
2022-06-23,3320.1487
2022-06-24,3349.747
2022-06-27,3379.1852
2022-06-28,3409.2103
2022-06-29,3361.5177
2022-06-30,3398.6161
2022-07-01,3387.6373
2022-07-04,3405.4267
2022-07-05,3404.0252
2022-07-06,3355.3497
2022-07-07,3364.398
2022-07-08,3356.0778
2022-07-11,3313.584
2022-07-12,3281.4665
2022-07-13,3284.2918
2022-07-14,3281.744
2022-07-15,3228.0609
2022-07-18,3278.1033
2022-07-19,3279.4313
2022-07-20,3304.7243
2022-07-21,3272.0012
2022-07-22,3269.9739
2022-07-25,3250.388
2022-07-26,3277.4356
2022-07-27,3275.7553
2022-07-28,3282.5758
2022-07-29,3253.2382
2022-08-01,3259.9585
2022-08-02,3186.2664
2022-08-03,3163.6741
2022-08-04,3189.0391
2022-08-05,3227.0267
2022-08-08,3236.9337
2022-08-09,3247.4318
2022-08-10,3230.02
2022-08-11,3281.6654
2022-08-12,3276.8877
2022-08-15,3276.087
2022-08-16,3277.8847
2022-08-17,3292.526
2022-08-18,3277.5438
2022-08-19,3258.0784
2022-08-22,3277.7943
2022-08-23,3276.2234
2022-08-24,3215.2033
2022-08-25,3246.2481
2022-08-26,3236.2226
2022-08-29,3240.7275
2022-08-30,3227.2203
2022-08-31,3202.1378
2022-09-01,3184.9797
2022-09-02,3186.4781
2022-09-05,3199.9118
2022-09-06,3243.4466
2022-09-07,3246.2943
2022-09-08,3235.5862
2022-09-09,3262.0542
2022-09-13,3263.7972
2022-09-14,3237.5419
2022-09-15,3199.9187
2022-09-16,3126.3977
2022-09-19,3115.6019
2022-09-20,3122.4058
2022-09-21,3117.1774
2022-09-22,3108.9096
2022-09-23,3088.3695
2022-09-26,3051.226
2022-09-27,3093.8618
2022-09-28,3045.0668
2022-09-29,3041.2046
2022-09-30,3024.3905
2022-10-10,2974.1454
2022-10-11,2979.7926
2022-10-12,3025.5055
2022-10-13,3016.3561
2022-10-14,3071.9868
2022-10-17,3084.9423
2022-10-18,3080.9574
2022-10-19,3044.3777
2022-10-20,3035.0504
2022-10-21,3038.9291
2022-10-24,2977.5554
2022-10-25,2976.283
2022-10-26,2999.5036
2022-10-27,2982.9029
2022-10-28,2915.9257
2022-10-31,2893.4829
2022-11-01,2969.1995
2022-11-02,3003.3699
2022-11-03,2997.8057
2022-11-04,3070.7964
2022-11-07,3077.817
2022-11-08,3064.4928
2022-11-09,3048.1676
2022-11-10,3036.1318
2022-11-11,3087.2926
2022-11-14,3083.4013
2022-11-15,3134.0778
2022-11-16,3119.9804
2022-11-17,3115.4347
2022-11-18,3097.2432
2022-11-21,3085.0444
2022-11-22,3088.9426
2022-11-23,3096.9073
2022-11-24,3089.3096
2022-11-25,3101.6932
2022-11-28,3078.5485
2022-11-29,3149.7478
2022-11-30,3151.3353
2022-12-01,3165.4711
2022-12-02,3156.1442
2022-12-05,3211.8144
2022-12-06,3212.5334
2022-12-07,3199.6194
2022-12-08,3197.3499
2022-12-09,3206.9502
2022-12-12,3179.0417
2022-12-13,3176.3255
2022-12-14,3176.5253
2022-12-15,3168.6478
2022-12-16,3167.8576
2022-12-19,3107.115
2022-12-20,3073.7659
2022-12-21,3068.4105
2022-12-22,3054.4313
2022-12-23,3045.8664
2022-12-26,3065.5626
2022-12-27,3095.5678
2022-12-28,3087.3997
2022-12-29,3073.7016
2022-12-30,3089.2579
2023-01-03,3116.5119
2023-01-04,3123.5164
2023-01-05,3155.2162
2023-01-06,3157.6365
2023-01-09,3176.0845
2023-01-10,3169.5072
2023-01-11,3161.8376
2023-01-12,3163.4509
2023-01-13,3195.3059
2023-01-16,3227.5916
2023-01-17,3224.2448
2023-01-18,3224.406
2023-01-19,3240.2794
2023-01-20,3264.8138
2023-01-30,3269.318
2023-01-31,3255.6692
2023-02-01,3284.9213
2023-02-02,3285.6705
2023-02-03,3263.4059
2023-02-06,3238.6978
2023-02-07,3248.094
2023-02-08,3232.1063
2023-02-09,3270.3826
2023-02-10,3260.6734
2023-02-13,3284.1599
2023-02-14,3293.2825
2023-02-15,3280.4919
2023-02-16,3249.0295
2023-02-17,3224.0243
2023-02-20,3290.3383
2023-02-21,3306.5236
2023-02-22,3291.1477
2023-02-23,3287.477
2023-02-24,3267.1597
2023-02-27,3258.0344
2023-02-28,3279.6053
2023-03-01,3312.3478
2023-03-02,3310.6536
2023-03-03,3328.3927
2023-03-06,3322.0259
2023-03-07,3285.0988
2023-03-08,3283.2479
2023-03-09,3276.0937
2023-03-10,3230.0766
2023-03-13,3268.6955
2023-03-14,3245.3123
2023-03-15,3263.3148
2023-03-16,3226.8912
2023-03-17,3250.546
2023-03-20,3234.9103
2023-03-21,3255.6505
2023-03-22,3265.7475
2023-03-23,3286.6491
2023-03-24,3265.6537
2023-03-27,3251.3971
2023-03-28,3245.376
2023-03-29,3240.0568
2023-03-30,3261.2485
2023-03-31,3272.8602
2023-04-03,3296.396
2023-04-04,3312.5578
2023-04-06,3312.628
2023-04-07,3327.6457
2023-04-10,3315.3578
2023-04-11,3313.5705
2023-04-12,3327.1816
2023-04-13,3318.3638
2023-04-14,3338.1525
2023-04-17,3385.6095
2023-04-18,3393.3312
2023-04-19,3370.1283
2023-04-20,3367.031
2023-04-21,3301.2575
2023-04-24,3275.413
2023-04-25,3264.8717
2023-04-26,3264.1006
2023-04-27,3285.8844
2023-04-28,3323.2746
2023-05-04,3350.4587
2023-05-05,3334.5028
2023-05-08,3395.0036
2023-05-09,3357.6707
2023-05-10,3319.1506
2023-05-11,3309.5512
2023-05-12,3272.3619
2023-05-15,3310.7367
2023-05-16,3290.9874
2023-05-17,3284.232
2023-05-18,3297.3199
2023-05-19,3283.5417
2023-05-22,3296.4696
2023-05-23,3246.238
2023-05-24,3204.7494
2023-05-25,3201.2605
2023-05-26,3212.5038
2023-05-29,3221.4484
2023-05-30,3224.2133
2023-05-31,3204.5644
2023-06-01,3204.6345
2023-06-02,3230.0686
2023-06-05,3232.441
2023-06-06,3195.3404
2023-06-07,3197.7587
2023-06-08,3213.5855
2023-06-09,3231.4055
2023-06-12,3228.8336
2023-06-13,3233.6734
2023-06-14,3228.9887
2023-06-15,3252.9751
2023-06-16,3273.3341
2023-06-19,3255.8057
2023-06-20,3240.3648
2023-06-21,3197.9011
2023-06-26,3150.6189
2023-06-27,3189.4427
2023-06-28,3189.3758
2023-06-29,3182.3812
2023-06-30,3202.0623
2023-07-03,3243.975
2023-07-04,3245.3492
2023-07-05,3222.9469
2023-07-06,3205.5748
2023-07-07,3196.6092
2023-07-10,3203.6958
2023-07-11,3221.3666
2023-07-12,3196.1337
2023-07-13,3236.48
2023-07-14,3237.7012
2023-07-17,3209.6298
2023-07-18,3197.8201
2023-07-19,3198.8358
2023-07-20,3169.522
2023-07-21,3167.7452
2023-07-24,3164.1608
2023-07-25,3231.5213
2023-07-26,3223.0279
2023-07-27,3216.6709
2023-07-28,3275.9257
2023-07-31,3291.0398
2023-08-01,3290.9493
2023-08-02,3261.6903
2023-08-03,3280.4626
