指标名称,即期汇率:美元兑人民币
2010-01-04,6.826899999999999
2010-01-05,6.8272
2010-01-06,6.827500000000001
2010-01-07,6.827699999999999
2010-01-08,6.8274
2010-01-11,6.826300000000001
2010-01-12,6.827299999999999
2010-01-13,6.8268
2010-01-14,6.827
2010-01-15,6.8268
2010-01-18,6.826899999999999
2010-01-19,6.827100000000001
2010-01-20,6.827
2010-01-21,6.827
2010-01-22,6.827100000000001
2010-01-25,6.826899999999999
2010-01-26,6.827
2010-01-27,6.826899999999999
2010-01-28,6.8268
2010-01-29,6.8268
2010-02-01,6.8272
2010-02-02,6.827
2010-02-03,6.826700000000001
2010-02-04,6.827
2010-02-05,6.827100000000001
2010-02-08,6.826499999999999
2010-02-09,6.826700000000001
2010-02-10,6.828899999999999
2010-02-11,6.833500000000001
2010-02-12,6.8325
2010-02-22,6.826499999999999
2010-02-23,6.827
2010-02-24,6.827100000000001
2010-02-25,6.827
2010-02-26,6.826099999999999
2010-03-01,6.826300000000001
2010-03-02,6.826700000000001
2010-03-03,6.825699999999999
2010-03-04,6.826300000000001
2010-03-05,6.8264
2010-03-08,6.826499999999999
2010-03-09,6.8264
2010-03-10,6.826
2010-03-11,6.8268
2010-03-12,6.8256
2010-03-15,6.826
2010-03-16,6.825900000000001
2010-03-17,6.826
2010-03-18,6.826099999999999
2010-03-19,6.8264
2010-03-22,6.827
2010-03-23,6.8264
2010-03-24,6.8268
2010-03-25,6.827100000000001
2010-03-26,6.8272
2010-03-29,6.8262
2010-03-30,6.825699999999999
2010-03-31,6.825900000000001
2010-04-01,6.826099999999999
2010-04-02,6.8256
2010-04-06,6.8256
2010-04-07,6.825500000000001
2010-04-08,6.8248999999999995
2010-04-09,6.823900000000001
2010-04-12,6.8252999999999995
2010-04-13,6.825500000000001
2010-04-14,6.825900000000001
2010-04-15,6.825900000000001
2010-04-16,6.8252
2010-04-19,6.826300000000001
2010-04-20,6.8252999999999995
2010-04-21,6.8266
2010-04-22,6.8268
2010-04-23,6.8282
2010-04-26,6.826300000000001
2010-04-27,6.825699999999999
2010-04-28,6.825500000000001
2010-04-29,6.826300000000001
2010-04-30,6.8252
2010-05-04,6.826300000000001
2010-05-05,6.826300000000001
2010-05-06,6.826300000000001
2010-05-07,6.826300000000001
2010-05-10,6.826499999999999
2010-05-11,6.8288
2010-05-12,6.8284
2010-05-13,6.8287
2010-05-14,6.826899999999999
2010-05-17,6.8276
2010-05-18,6.8274
2010-05-19,6.8274
2010-05-20,6.827500000000001
2010-05-21,6.8279000000000005
2010-05-24,6.8283000000000005
2010-05-25,6.8318
2010-05-26,6.8291
2010-05-27,6.831500000000001
2010-05-28,6.8306
2010-05-31,6.8278
2010-06-01,6.83
2010-06-02,6.8303
2010-06-03,6.8282
2010-06-04,6.8288
2010-06-07,6.8314
2010-06-08,6.8296
2010-06-09,6.8291
2010-06-10,6.830499999999999
2010-06-11,6.833500000000001
2010-06-17,6.829
2010-06-18,6.826700000000001
2010-06-21,6.7976
2010-06-22,6.8136
2010-06-23,6.8124
2010-06-24,6.8018
2010-06-25,6.79
2010-06-28,6.7967
2010-06-29,6.797699999999999
2010-06-30,6.7814
2010-07-01,6.781
2010-07-02,6.771100000000001
2010-07-05,6.7758
2010-07-06,6.780099999999999
2010-07-07,6.7772
2010-07-08,6.7761
2010-07-09,6.7735
2010-07-12,6.771100000000001
2010-07-13,6.772
2010-07-14,6.7745
2010-07-15,6.778499999999999
2010-07-16,6.775
2010-07-19,6.778
2010-07-20,6.778099999999999
2010-07-21,6.7768999999999995
2010-07-22,6.78
2010-07-23,6.7803
2010-07-26,6.7795000000000005
2010-07-27,6.7786
2010-07-28,6.778
2010-07-29,6.7761
2010-07-30,6.775
2010-08-02,6.7742
2010-08-03,6.773
2010-08-04,6.7736
2010-08-05,6.7719000000000005
2010-08-06,6.768300000000001
2010-08-09,6.767100000000001
2010-08-10,6.772
2010-08-11,6.775
2010-08-12,6.785100000000001
2010-08-13,6.795699999999999
2010-08-16,6.8082
2010-08-17,6.7921
2010-08-18,6.7917
2010-08-19,6.7902
2010-08-20,6.7902
2010-08-23,6.800300000000001
2010-08-24,6.7972
2010-08-25,6.7986
2010-08-26,6.7998
2010-08-27,6.7982
2010-08-30,6.803
2010-08-31,6.8074
2010-09-01,6.8115000000000006
2010-09-02,6.8084
2010-09-03,6.8038
2010-09-06,6.7874
2010-09-07,6.7914
2010-09-08,6.794300000000001
2010-09-09,6.7832
2010-09-10,6.7692
2010-09-13,6.7618
2010-09-14,6.746300000000001
2010-09-15,6.7422
2010-09-16,6.7248
2010-09-17,6.7235000000000005
2010-09-20,6.714300000000001
2010-09-21,6.7079
2010-09-27,6.6923
2010-09-28,6.6906
2010-09-29,6.6868
2010-09-30,6.6912
2010-10-08,6.6706
2010-10-11,6.6678
2010-10-12,6.6734
2010-10-13,6.6640999999999995
2010-10-14,6.6508
2010-10-15,6.640700000000001
2010-10-18,6.644099999999999
2010-10-19,6.6447
2010-10-20,6.6519
2010-10-21,6.6504
2010-10-22,6.659
2010-10-25,6.658099999999999
2010-10-26,6.662700000000001
2010-10-27,6.6806
2010-10-28,6.6874
2010-10-29,6.6708
2010-11-01,6.7015
2010-11-02,6.6777
2010-11-03,6.676099999999999
2010-11-04,6.663500000000001
2010-11-05,6.6566
2010-11-08,6.6781
2010-11-09,6.644
2010-11-10,6.633699999999999
2010-11-11,6.625699999999999
2010-11-12,6.637
2010-11-15,6.645500000000001
2010-11-16,6.637900000000001
2010-11-17,6.642499999999999
2010-11-18,6.6336
2010-11-19,6.639500000000001
2010-11-22,6.6416
2010-11-23,6.644899999999999
2010-11-24,6.654300000000001
2010-11-25,6.6508
2010-11-26,6.6675
2010-11-29,6.6606
2010-11-30,6.667
2010-12-01,6.6634
2010-12-02,6.6613
2010-12-03,6.6633
2010-12-06,6.6484
2010-12-07,6.6446
2010-12-08,6.6617
2010-12-09,6.655
2010-12-10,6.6556
2010-12-13,6.667
2010-12-14,6.655100000000001
2010-12-15,6.655500000000001
2010-12-16,6.6633
2010-12-17,6.655500000000001
2010-12-20,6.674499999999999
2010-12-21,6.658899999999999
2010-12-22,6.6461
2010-12-23,6.6431000000000004
2010-12-24,6.627
2010-12-27,6.6308
2010-12-28,6.6248
2010-12-29,6.6212
2010-12-30,6.6008
2010-12-31,6.5897
2011-01-04,6.6088
2011-01-05,6.619
2011-01-06,6.626499999999999
2011-01-07,6.628
2011-01-10,6.6377
2011-01-11,6.62
2011-01-12,6.6038
2011-01-13,6.6046
2011-01-14,6.59
2011-01-17,6.593
2011-01-18,6.5828999999999995
2011-01-19,6.5824
2011-01-20,6.5854
2011-01-21,6.5832999999999995
2011-01-24,6.5813
2011-01-25,6.582700000000001
2011-01-26,6.581900000000001
2011-01-27,6.582
2011-01-28,6.586
2011-01-31,6.603
2011-02-01,6.5938
2011-02-09,6.5938
2011-02-10,6.586499999999999
2011-02-11,6.591900000000001
2011-02-14,6.5966
2011-02-15,6.588499999999999
2011-02-16,6.588499999999999
2011-02-17,6.5871
2011-02-18,6.5732
2011-02-21,6.5668
2011-02-22,6.5803
2011-02-23,6.574300000000001
2011-02-24,6.5787
2011-02-25,6.575
2011-02-28,6.5716
2011-03-01,6.5703000000000005
2011-03-02,6.572700000000001
2011-03-03,6.573100000000001
2011-03-04,6.5686
2011-03-07,6.5634
2011-03-08,6.5684
2011-03-09,6.572099999999999
2011-03-10,6.574700000000001
2011-03-11,6.5746
2011-03-14,6.5698
2011-03-15,6.572700000000001
2011-03-16,6.571299999999999
2011-03-17,6.5744
2011-03-18,6.569100000000001
2011-03-21,6.561100000000001
2011-03-22,6.556099999999999
2011-03-23,6.5592999999999995
2011-03-24,6.5618
2011-03-25,6.5576
2011-03-28,6.5645
2011-03-29,6.561
2011-03-30,6.5559
2011-03-31,6.5485
2011-04-01,6.5479
2011-04-06,6.544
2011-04-07,6.542
2011-04-08,6.5354
2011-04-11,6.5383000000000004
2011-04-12,6.5403
2011-04-13,6.534
2011-04-14,6.5315
2011-04-15,6.5325
2011-04-18,6.528700000000001
2011-04-19,6.530499999999999
2011-04-20,6.525500000000001
2011-04-21,6.520499999999999
2011-04-22,6.5067
2011-04-25,6.527699999999999
2011-04-26,6.528700000000001
2011-04-27,6.5112
2011-04-28,6.501500000000001
2011-04-29,6.491
2011-05-03,6.4968
2011-05-04,6.4933
2011-05-05,6.4937
2011-05-06,6.4938
2011-05-09,6.493900000000001
2011-05-10,6.4919
2011-05-11,6.493
2011-05-12,6.5
2011-05-13,6.497699999999999
2011-05-16,6.5074
2011-05-17,6.506
2011-05-18,6.504700000000001
2011-05-19,6.503900000000001
2011-05-20,6.4926
2011-05-23,6.505
2011-05-24,6.4975000000000005
2011-05-25,6.4934
2011-05-26,6.4915
2011-05-27,6.491699999999999
2011-05-30,6.482899999999999
2011-05-31,6.479100000000001
2011-06-01,6.478
2011-06-02,6.4828
2011-06-03,6.4796
2011-06-07,6.481
2011-06-08,6.475699999999999
2011-06-09,6.4759
2011-06-10,6.4802
2011-06-14,6.480300000000001
2011-06-15,6.4822
2011-06-16,6.4744
2011-06-17,6.4744
2011-06-20,6.4780999999999995
2011-06-21,6.4655000000000005
2011-06-22,6.462899999999999
2011-06-23,6.4676
2011-06-24,6.473
2011-06-27,6.4772
2011-06-28,6.4704
2011-06-29,6.463500000000001
2011-06-30,6.464
2011-07-01,6.464899999999999
2011-07-04,6.462899999999999
2011-07-05,6.4676
2011-07-06,6.467
2011-07-07,6.4658
2011-07-08,6.465
2011-07-11,6.4671
2011-07-12,6.4722
2011-07-13,6.4676
2011-07-14,6.4576
2011-07-15,6.463
2011-07-18,6.468700000000001
2011-07-19,6.4634
2011-07-20,6.4595
2011-07-21,6.4516
2011-07-22,6.445500000000001
2011-07-25,6.445
2011-07-26,6.4414
2011-07-27,6.443299999999999
2011-07-28,6.4428
2011-07-29,6.4366
2011-08-01,6.434
2011-08-02,6.4382
2011-08-03,6.434099999999999
2011-08-04,6.439
2011-08-05,6.4404
2011-08-08,6.436
2011-08-09,6.4306
2011-08-10,6.418099999999999
2011-08-11,6.394499999999999
2011-08-12,6.389500000000001
2011-08-15,6.3904
2011-08-16,6.3828
2011-08-17,6.3871
2011-08-18,6.3877
2011-08-19,6.393
2011-08-22,6.401299999999999
2011-08-23,6.397
2011-08-24,6.3885
2011-08-25,6.39
2011-08-26,6.3868
2011-08-29,6.381
2011-08-30,6.3805
2011-08-31,6.3782
2011-09-01,6.3812999999999995
2011-09-02,6.3826
2011-09-05,6.3858
2011-09-06,6.3908
2011-09-07,6.394
2011-09-08,6.384
2011-09-09,6.3882
2011-09-13,6.399100000000001
2011-09-14,6.3964
2011-09-15,6.392
2011-09-16,6.3834
2011-09-19,6.3868
2011-09-20,6.3843000000000005
2011-09-21,6.382300000000001
2011-09-22,6.3877
2011-09-23,6.3889
2011-09-26,6.4006
2011-09-27,6.3992
2011-09-28,6.3938
2011-09-29,6.398300000000001
2011-09-30,6.3859
2011-10-10,6.347
2011-10-11,6.375
2011-10-12,6.358499999999999
2011-10-13,6.382
2011-10-14,6.378499999999999
2011-10-17,6.3706
2011-10-18,6.3812999999999995
2011-10-19,6.3775
2011-10-20,6.3855
2011-10-21,6.384
2011-10-24,6.3754
2011-10-25,6.3604
2011-10-26,6.353299999999999
2011-10-27,6.359500000000001
2011-10-28,6.3586
2011-10-31,6.3549
2011-11-01,6.3543
2011-11-02,6.3572999999999995
2011-11-03,6.3514
2011-11-04,6.3392
2011-11-07,6.351
2011-11-08,6.3454
2011-11-09,6.341500000000001
2011-11-10,6.3459
2011-11-11,6.3424
2011-11-14,6.3538
2011-11-15,6.346499999999999
2011-11-16,6.3446
2011-11-17,6.3508
2011-11-18,6.3554
2011-11-21,6.36
2011-11-22,6.3608
2011-11-23,6.359
2011-11-24,6.368
2011-11-25,6.375
2011-11-28,6.384099999999999
2011-11-29,6.3778
2011-11-30,6.378899999999999
2011-12-01,6.363500000000001
2011-12-02,6.359699999999999
2011-12-05,6.3641
2011-12-06,6.3642
2011-12-07,6.364300000000001
2011-12-08,6.3619
2011-12-09,6.364700000000001
2011-12-12,6.3606
2011-12-13,6.3652
2011-12-14,6.371
2011-12-15,6.373500000000001
2011-12-16,6.3484
2011-12-19,6.3378
2011-12-20,6.3472
2011-12-21,6.3387
2011-12-22,6.339
2011-12-23,6.3364
2011-12-26,6.3198
2011-12-27,6.3226
2011-12-28,6.323
2011-12-29,6.3192
2011-12-30,6.2948
2012-01-04,6.2946
2012-01-05,6.301699999999999
2012-01-06,6.309500000000001
2012-01-09,6.3146
2012-01-10,6.315
2012-01-11,6.315500000000001
2012-01-12,6.3178
2012-01-13,6.3066
2012-01-16,6.3165
2012-01-17,6.315
2012-01-18,6.312
2012-01-19,6.316700000000001
2012-01-20,6.339
2012-01-30,6.331
2012-01-31,6.3084999999999996
2012-02-01,6.306700000000001
2012-02-02,6.3018
2012-02-03,6.3028
2012-02-06,6.312099999999999
2012-02-07,6.304899999999999
2012-02-08,6.294499999999999
2012-02-09,6.2952
2012-02-10,6.2986
2012-02-13,6.2971
2012-02-14,6.2996
2012-02-15,6.3
2012-02-16,6.3016
2012-02-17,6.299100000000001
2012-02-20,6.301699999999999
2012-02-21,6.2964
2012-02-22,6.296
2012-02-23,6.2985
2012-02-24,6.2978
2012-02-27,6.301900000000001
2012-02-28,6.299
2012-02-29,6.2936
2012-03-01,6.3002
2012-03-02,6.2982
2012-03-05,6.306700000000001
2012-03-06,6.308
2012-03-07,6.309900000000001
2012-03-08,6.3165
2012-03-09,6.310700000000001
2012-03-12,6.326499999999999
2012-03-13,6.327
2012-03-14,6.332300000000001
2012-03-15,6.33
2012-03-16,6.322700000000001
2012-03-19,6.3233
2012-03-20,6.3241
2012-03-21,6.3229
2012-03-22,6.2997
2012-03-23,6.3078
2012-03-26,6.314
2012-03-27,6.3072
2012-03-28,6.3051
2012-03-29,6.306
2012-03-30,6.298
2012-04-05,6.3153
2012-04-06,6.3063
2012-04-09,6.3084999999999996
2012-04-11,6.3081
2012-04-12,6.3073
2012-04-13,6.303
2012-04-16,6.315
2012-04-17,6.301500000000001
2012-04-18,6.3028
2012-04-19,6.3039000000000005
2012-04-20,6.3084999999999996
2012-04-23,6.3088
2012-04-24,6.3073
2012-04-25,6.304099999999999
2012-04-26,6.306
2012-04-27,6.3102
2012-05-02,6.307
2012-05-03,6.305
2012-05-04,6.3062
2012-05-07,6.307900000000001
2012-05-08,6.308
2012-05-09,6.309699999999999
2012-05-10,6.314
2012-05-11,6.3106
2012-05-14,6.3215
2012-05-15,6.3182
2012-05-16,6.327100000000001
2012-05-17,6.3252
2012-05-18,6.3284
2012-05-21,6.3279000000000005
2012-05-22,6.323100000000001
2012-05-23,6.334499999999999
2012-05-24,6.3447000000000005
2012-05-25,6.3439000000000005
2012-05-28,6.345299999999999
2012-05-29,6.348
2012-05-30,6.3576999999999995
2012-05-31,6.369
2012-06-01,6.3709
2012-06-04,6.3645
2012-06-05,6.367500000000001
2012-06-06,6.363500000000001
2012-06-07,6.363500000000001
2012-06-08,6.370499999999999
2012-06-11,6.3694
2012-06-12,6.3699
2012-06-13,6.3691
2012-06-14,6.3703
2012-06-15,6.365100000000001
2012-06-18,6.357
2012-06-19,6.354499999999999
2012-06-20,6.3599000000000006
2012-06-21,6.3642
2012-06-25,6.3633
2012-06-26,6.3629
2012-06-27,6.3554
2012-06-28,6.357500000000001
2012-06-29,6.354099999999999
2012-07-02,6.3488
2012-07-03,6.3523000000000005
2012-07-04,6.3477
2012-07-05,6.355900000000001
2012-07-06,6.3649
2012-07-09,6.3714
2012-07-10,6.365900000000001
2012-07-11,6.3686
2012-07-12,6.3732999999999995
2012-07-13,6.378899999999999
2012-07-16,6.3787
2012-07-17,6.3729
2012-07-18,6.3702
2012-07-19,6.3734
2012-07-20,6.373500000000001
2012-07-23,6.3864
2012-07-24,6.3858
2012-07-25,6.3885
2012-07-26,6.384099999999999
2012-07-27,6.380700000000001
2012-07-30,6.3794
2012-07-31,6.3627
2012-08-01,6.368499999999999
2012-08-02,6.3674
2012-08-03,6.372700000000001
2012-08-06,6.3742
2012-08-07,6.3664
2012-08-08,6.3615
2012-08-09,6.359
2012-08-10,6.36
2012-08-13,6.3598
2012-08-14,6.3586
2012-08-15,6.362499999999999
2012-08-16,6.3658
2012-08-17,6.358499999999999
2012-08-20,6.3594
2012-08-21,6.3562
2012-08-22,6.3518
2012-08-23,6.3535
2012-08-24,6.354499999999999
2012-08-27,6.3568
2012-08-28,6.353
2012-08-29,6.351699999999999
2012-08-30,6.3496
2012-08-31,6.3484
2012-09-03,6.340700000000001
2012-09-04,6.3473
2012-09-05,6.3492
2012-09-06,6.3428
2012-09-07,6.343
2012-09-10,6.3376
2012-09-11,6.335100000000001
2012-09-12,6.3264
2012-09-13,6.3296
2012-09-14,6.3145
2012-09-17,6.3172999999999995
2012-09-18,6.318899999999999
2012-09-19,6.3092999999999995
2012-09-20,6.3038
2012-09-21,6.305299999999999
2012-09-24,6.3092999999999995
2012-09-25,6.3066
2012-09-26,6.302
2012-09-27,6.302499999999999
2012-09-28,6.2848999999999995
2012-10-08,6.2872
2012-10-09,6.2878
2012-10-10,6.2833
2012-10-11,6.277
2012-10-12,6.2672
2012-10-15,6.270700000000001
2012-10-16,6.270700000000001
2012-10-17,6.254499999999999
2012-10-18,6.250300000000001
2012-10-19,6.2538
2012-10-22,6.254700000000001
2012-10-23,6.248
2012-10-24,6.248
2012-10-25,6.241699999999999
2012-10-26,6.248899999999999
2012-10-29,6.2436
2012-10-30,6.240499999999999
2012-10-31,6.2372
2012-11-01,6.240499999999999
2012-11-02,6.2415
2012-11-05,6.2454
2012-11-06,6.2456
2012-11-07,6.2437
2012-11-08,6.2429
2012-11-09,6.245
2012-11-12,6.229100000000001
2012-11-13,6.2265
2012-11-14,6.2252
2012-11-15,6.2334
2012-11-16,6.2356
2012-11-19,6.2345
2012-11-20,6.2326
2012-11-21,6.2302
2012-11-22,6.228899999999999
2012-11-23,6.2284999999999995
2012-11-26,6.2255
2012-11-27,6.222300000000001
2012-11-28,6.2273
2012-11-29,6.2280999999999995
2012-11-30,6.226700000000001
2012-12-03,6.227900000000001
2012-12-04,6.2256
2012-12-05,6.225299999999999
2012-12-06,6.2282
2012-12-07,6.230099999999999
2012-12-10,6.245100000000001
2012-12-11,6.246
2012-12-12,6.2518
2012-12-13,6.232899999999999
2012-12-14,6.2415
2012-12-17,6.235
2012-12-18,6.2324
2012-12-19,6.230300000000001
2012-12-20,6.2302
2012-12-21,6.2286
2012-12-24,6.2335
2012-12-25,6.2339
2012-12-26,6.2353
2012-12-27,6.236
2012-12-28,6.2335
2012-12-31,6.230300000000001
2013-01-04,6.230300000000001
2013-01-07,6.2296
2013-01-08,6.224099999999999
2013-01-09,6.2262
2013-01-10,6.2244
2013-01-11,6.216099999999999
2013-01-14,6.2192
2013-01-15,6.2136
2013-01-16,6.216499999999999
2013-01-17,6.216
2013-01-18,6.2154
2013-01-21,6.221299999999999
2013-01-22,6.2198
2013-01-23,6.218
2013-01-24,6.2181
2013-01-25,6.2204999999999995
2013-01-28,6.2226
2013-01-29,6.2243
2013-01-30,6.2204
2013-01-31,6.2188
2013-02-01,6.227
2013-02-04,6.2328
2013-02-05,6.2294
2013-02-06,6.231699999999999
2013-02-07,6.2322
2013-02-08,6.232499999999999
2013-02-18,6.242700000000001
2013-02-19,6.244300000000001
2013-02-20,6.2376
2013-02-21,6.240499999999999
2013-02-22,6.235100000000001
2013-02-25,6.2339
2013-02-26,6.229500000000001
2013-02-27,6.2273
2013-02-28,6.221299999999999
2013-03-01,6.223699999999999
2013-03-04,6.2251
2013-03-05,6.220899999999999
2013-03-06,6.2181
2013-03-07,6.2202
2013-03-08,6.214700000000001
2013-03-11,6.2181
2013-03-12,6.2162
2013-03-13,6.2138
2013-03-14,6.2155000000000005
2013-03-15,6.213500000000001
2013-03-18,6.2158
2013-03-19,6.215699999999999
2013-03-20,6.2118
2013-03-21,6.214300000000001
2013-03-22,6.2122
2013-03-25,6.210700000000001
2013-03-26,6.211
2013-03-27,6.2138
2013-03-28,6.214300000000001
2013-03-29,6.2108
2013-04-01,6.208
2013-04-02,6.1986
2013-04-03,6.201
2013-04-08,6.2033
2013-04-09,6.2024
2013-04-10,6.193900000000001
2013-04-11,6.196300000000001
2013-04-12,6.1922
2013-04-15,6.187100000000001
2013-04-16,6.1831000000000005
2013-04-17,6.172300000000001
2013-04-18,6.181299999999999
2013-04-19,6.1776
2013-04-22,6.1826
2013-04-23,6.179100000000001
2013-04-24,6.1781
2013-04-25,6.170700000000001
2013-04-26,6.165
2013-05-02,6.156
2013-05-03,6.1556
2013-05-06,6.1667000000000005
2013-05-07,6.1541
2013-05-08,6.141
2013-05-09,6.1309
2013-05-10,6.141699999999999
2013-05-13,6.1468
2013-05-14,6.1428
2013-05-15,6.145900000000001
2013-05-16,6.1492
2013-05-17,6.141900000000001
2013-05-20,6.1389
2013-05-21,6.1356
2013-05-22,6.131100000000001
2013-05-23,6.134
2013-05-24,6.1316
2013-05-27,6.121100000000001
2013-05-28,6.121500000000001
2013-05-29,6.1267000000000005
2013-05-30,6.1309
2013-05-31,6.134499999999999
2013-06-03,6.1316999999999995
2013-06-04,6.1286
2013-06-05,6.1278
2013-06-06,6.1362
2013-06-07,6.133500000000001
2013-06-13,6.1344
2013-06-14,6.1308
2013-06-17,6.125
2013-06-18,6.128499999999999
2013-06-19,6.126899999999999
2013-06-20,6.1282
2013-06-21,6.1342
2013-06-24,6.1451
2013-06-25,6.1453
2013-06-26,6.147
2013-06-27,6.149
2013-06-28,6.1376
2013-07-01,6.132700000000001
2013-07-02,6.133
2013-07-03,6.1308
2013-07-04,6.1258
2013-07-05,6.1326
2013-07-08,6.133699999999999
2013-07-09,6.129500000000001
2013-07-10,6.134099999999999
2013-07-11,6.1352
2013-07-12,6.137500000000001
2013-07-15,6.1378
2013-07-16,6.135
2013-07-17,6.135299999999999
2013-07-18,6.141299999999999
2013-07-19,6.137900000000001
2013-07-22,6.141299999999999
2013-07-23,6.1374
2013-07-24,6.136
2013-07-25,6.1347000000000005
2013-07-26,6.1316
2013-07-29,6.132499999999999
2013-07-30,6.1316999999999995
2013-07-31,6.128899999999999
2013-08-01,6.1305
2013-08-02,6.1294
2013-08-05,6.124700000000001
2013-08-06,6.1217
2013-08-07,6.1192
2013-08-08,6.1225
2013-08-09,6.121900000000001
2013-08-12,6.122300000000001
2013-08-13,6.1217
2013-08-14,6.1196
2013-08-15,6.112499999999999
2013-08-16,6.115
2013-08-19,6.1229
2013-08-20,6.1246
2013-08-21,6.1234
2013-08-22,6.121100000000001
2013-08-23,6.121
2013-08-26,6.1225
2013-08-27,6.1217
2013-08-28,6.1202
2013-08-29,6.120499999999999
2013-08-30,6.1195
2013-09-02,6.1196
2013-09-03,6.1206
2013-09-04,6.120099999999999
2013-09-05,6.1199
2013-09-06,6.120499999999999
2013-09-09,6.121
2013-09-10,6.12
2013-09-11,6.118499999999999
2013-09-12,6.118
2013-09-13,6.1188
2013-09-16,6.1203
2013-09-17,6.121500000000001
2013-09-18,6.1212
2013-09-23,6.121
2013-09-24,6.121
2013-09-25,6.12
2013-09-26,6.1214
2013-09-27,6.1202
2013-09-30,6.122
2013-10-08,6.121100000000001
2013-10-09,6.121100000000001
2013-10-10,6.1158
2013-10-11,6.1206
2013-10-14,6.107900000000001
2013-10-15,6.1026
2013-10-16,6.099500000000001
2013-10-17,6.0982
2013-10-18,6.0968
2013-10-21,6.092499999999999
2013-10-22,6.093500000000001
2013-10-23,6.083500000000001
2013-10-24,6.082
2013-10-25,6.084
2013-10-28,6.085500000000001
2013-10-29,6.0902
2013-10-30,6.0938
2013-10-31,6.094499999999999
2013-11-01,6.099500000000001
2013-11-04,6.0992
2013-11-05,6.0968
2013-11-06,6.092700000000001
2013-11-07,6.0908
2013-11-08,6.0905
2013-11-11,6.0912999999999995
2013-11-12,6.091900000000001
2013-11-13,6.0928
2013-11-14,6.0922
2013-11-15,6.0922
2013-11-18,6.092
2013-11-19,6.092700000000001
2013-11-20,6.092899999999999
2013-11-21,6.0932
2013-11-22,6.0936
2013-11-25,6.0926
2013-11-26,6.092700000000001
2013-11-27,6.0924
2013-11-28,6.092499999999999
2013-11-29,6.0932
2013-12-02,6.092899999999999
2013-12-03,6.0924
2013-12-04,6.0916
2013-12-05,6.0912999999999995
2013-12-06,6.0817
2013-12-09,6.0723
2013-12-10,6.071
2013-12-11,6.071699999999999
2013-12-12,6.0711
2013-12-13,6.0712
2013-12-16,6.0715
2013-12-17,6.071
2013-12-18,6.0718
2013-12-19,6.071299999999999
2013-12-20,6.071299999999999
2013-12-23,6.0702
2013-12-24,6.0714
2013-12-25,6.0714
2013-12-26,6.0746
2013-12-27,6.0686
2013-12-30,6.0618
2013-12-31,6.0539000000000005
2014-01-02,6.0506
2014-01-03,6.051500000000001
2014-01-06,6.0526
2014-01-07,6.0512
2014-01-08,6.0512
2014-01-09,6.055
2014-01-10,6.052099999999999
2014-01-13,6.0434
2014-01-14,6.0412
2014-01-15,6.046
2014-01-16,6.055699999999999
2014-01-17,6.0502
2014-01-20,6.052700000000001
2014-01-21,6.0504999999999995
2014-01-22,6.0512999999999995
2014-01-23,6.051699999999999
2014-01-24,6.0488
2014-01-27,6.048
2014-01-28,6.0508
2014-01-29,6.055299999999999
2014-01-30,6.06
2014-02-07,6.0634
2014-02-10,6.0592999999999995
2014-02-11,6.0606
2014-02-12,6.0624
2014-02-13,6.0636
2014-02-14,6.0668
2014-02-17,6.064099999999999
2014-02-18,6.0672999999999995
2014-02-19,6.0764
2014-02-20,6.0834
2014-02-21,6.0914
2014-02-24,6.0984
2014-02-25,6.1266
2014-02-26,6.1248
2014-02-27,6.1284
2014-02-28,6.145
2014-03-03,6.1462
2014-03-04,6.143
2014-03-05,6.1282
2014-03-06,6.118499999999999
2014-03-07,6.126
2014-03-10,6.1385
2014-03-11,6.1402
2014-03-12,6.145
2014-03-13,6.136099999999999
2014-03-14,6.1502
2014-03-17,6.1781
2014-03-18,6.192
2014-03-19,6.1964999999999995
2014-03-20,6.227500000000001
2014-03-21,6.225
2014-03-24,6.1888
2014-03-25,6.2024
2014-03-26,6.2094
2014-03-27,6.213
2014-03-28,6.2122
2014-03-31,6.218
2014-04-01,6.206899999999999
2014-04-02,6.2056
2014-04-03,6.210700000000001
2014-04-04,6.212300000000001
2014-04-08,6.1968
2014-04-09,6.200499999999999
2014-04-10,6.2124999999999995
2014-04-11,6.2113
2014-04-14,6.219100000000001
2014-04-15,6.222
2014-04-16,6.2214
2014-04-17,6.219
2014-04-18,6.2242
2014-04-21,6.2274
2014-04-22,6.237500000000001
2014-04-23,6.2376
2014-04-24,6.248899999999999
2014-04-25,6.2536
2014-04-28,6.253
2014-04-29,6.258
2014-04-30,6.2593
2014-05-05,6.245500000000001
2014-05-06,6.225699999999999
2014-05-07,6.234300000000001
2014-05-08,6.228
2014-05-09,6.228
2014-05-12,6.237500000000001
2014-05-13,6.229100000000001
2014-05-14,6.228899999999999
2014-05-15,6.2306
2014-05-16,6.2334
2014-05-19,6.2374
2014-05-20,6.2384
2014-05-21,6.233699999999999
2014-05-22,6.235
2014-05-23,6.2364999999999995
2014-05-26,6.2392
2014-05-27,6.2486
2014-05-28,6.2556
2014-05-29,6.2399000000000004
2014-05-30,6.247299999999999
2014-06-03,6.254099999999999
2014-06-04,6.2504
2014-06-05,6.2548
2014-06-06,6.2502
2014-06-09,6.2404
2014-06-10,6.225
2014-06-11,6.227900000000001
2014-06-12,6.2185
2014-06-13,6.210700000000001
2014-06-16,6.225
2014-06-17,6.2269
2014-06-18,6.2314
2014-06-19,6.2296
2014-06-20,6.226
2014-06-23,6.2266
2014-06-24,6.2315000000000005
2014-06-25,6.2344
2014-06-26,6.2251
2014-06-27,6.2181
2014-06-30,6.205
2014-07-01,6.2016
2014-07-02,6.2106
2014-07-03,6.212899999999999
2014-07-04,6.204300000000001
2014-07-07,6.204
2014-07-08,6.2022
2014-07-09,6.1999
2014-07-10,6.2028
2014-07-11,6.2036999999999995
2014-07-14,6.205900000000001
2014-07-15,6.208
2014-07-16,6.204700000000001
2014-07-17,6.2044999999999995
2014-07-18,6.208
2014-07-21,6.208899999999999
2014-07-22,6.2036999999999995
2014-07-23,6.198300000000001
2014-07-24,6.1949
2014-07-25,6.1915000000000004
2014-07-28,6.186300000000001
2014-07-29,6.181500000000001
2014-07-30,6.1716999999999995
2014-07-31,6.1747000000000005
2014-08-01,6.1798
2014-08-04,6.1785
2014-08-05,6.1708
2014-08-06,6.1633
2014-08-07,6.161900000000001
2014-08-08,6.156700000000001
2014-08-11,6.1536
2014-08-12,6.1583000000000006
2014-08-13,6.1544
2014-08-14,6.1531
2014-08-15,6.147
2014-08-18,6.143699999999999
2014-08-19,6.1418
2014-08-20,6.141299999999999
2014-08-21,6.1514
2014-08-22,6.152899999999999
2014-08-25,6.155
2014-08-26,6.1523
2014-08-27,6.1432
2014-08-28,6.1446
2014-08-29,6.1432
2014-09-01,6.1428
2014-09-02,6.1488
2014-09-03,6.141100000000001
2014-09-04,6.1386
2014-09-05,6.1412
2014-09-09,6.137
2014-09-10,6.129900000000001
2014-09-11,6.13
2014-09-12,6.1346
2014-09-15,6.142
2014-09-16,6.1462
2014-09-17,6.1400999999999994
2014-09-18,6.1406
2014-09-19,6.140499999999999
2014-09-22,6.1404
2014-09-23,6.1378
2014-09-24,6.1346
2014-09-25,6.1363
2014-09-26,6.127
2014-09-29,6.150099999999999
2014-09-30,6.139500000000001
2014-10-08,6.139
2014-10-09,6.1305
2014-10-10,6.1309
2014-10-13,6.125900000000001
2014-10-14,6.124700000000001
2014-10-15,6.125900000000001
2014-10-16,6.123100000000001
2014-10-17,6.124
2014-10-20,6.1229
2014-10-21,6.1212
2014-10-22,6.118499999999999
2014-10-23,6.1195
2014-10-24,6.1172
2014-10-27,6.116700000000001
2014-10-28,6.1133
2014-10-29,6.1112
2014-10-30,6.115900000000001
2014-10-31,6.113500000000001
2014-11-03,6.1183000000000005
2014-11-04,6.1152
2014-11-05,6.1146
2014-11-06,6.1123
2014-11-07,6.1229
2014-11-10,6.1196
2014-11-11,6.1252
2014-11-12,6.1262
2014-11-13,6.1248
2014-11-14,6.130700000000001
2014-11-17,6.124099999999999
2014-11-18,6.1213
2014-11-19,6.1198
2014-11-20,6.124499999999999
2014-11-21,6.124899999999999
2014-11-24,6.141699999999999
2014-11-25,6.136499999999999
2014-11-26,6.1389
2014-11-27,6.1392
2014-11-28,6.145
2014-12-01,6.152
2014-12-02,6.1503000000000005
2014-12-03,6.15
2014-12-04,6.1546
2014-12-05,6.1502
2014-12-08,6.172700000000001
2014-12-09,6.1855
2014-12-10,6.1768
2014-12-11,6.1886
2014-12-12,6.1869
2014-12-15,6.1912
2014-12-16,6.190300000000001
2014-12-17,6.197500000000001
2014-12-18,6.2163
2014-12-19,6.2202
2014-12-22,6.2216
2014-12-23,6.226
2014-12-24,6.2163
2014-12-25,6.1976
2014-12-26,6.212899999999999
2014-12-29,6.2218
2014-12-30,6.202
2014-12-31,6.204
2015-01-05,6.22
2015-01-06,6.213
2015-01-07,6.2124999999999995
2015-01-08,6.214499999999999
2015-01-09,6.2086
2015-01-12,6.2036
2015-01-13,6.198300000000001
2015-01-14,6.1956999999999995
2015-01-15,6.1880999999999995
2015-01-16,6.2066
2015-01-19,6.220300000000001
2015-01-20,6.2142
2015-01-21,6.211500000000001
2015-01-22,6.2095
2015-01-23,6.2288
2015-01-26,6.2542
2015-01-27,6.243500000000001
2015-01-28,6.248
2015-01-29,6.246899999999999
2015-01-30,6.251
2015-02-02,6.2597
2015-02-03,6.2581
2015-02-04,6.247699999999999
2015-02-05,6.2520999999999995
2015-02-06,6.244700000000001
2015-02-09,6.2472
2015-02-10,6.2416
2015-02-11,6.242700000000001
2015-02-12,6.2454
2015-02-13,6.240499999999999
2015-02-16,6.248499999999999
2015-02-17,6.2551000000000005
2015-02-25,6.2598
2015-02-26,6.2589
2015-02-27,6.2696
2015-03-02,6.273
2015-03-03,6.274300000000001
2015-03-04,6.270899999999999
2015-03-05,6.2662
2015-03-06,6.262899999999999
2015-03-09,6.2644
2015-03-10,6.262
2015-03-11,6.262300000000001
2015-03-12,6.2624
2015-03-13,6.259500000000001
2015-03-16,6.2624
2015-03-17,6.2499
2015-03-18,6.2294
2015-03-19,6.1960999999999995
2015-03-20,6.2062
2015-03-23,6.216
2015-03-24,6.205299999999999
2015-03-25,6.2124999999999995
2015-03-26,6.2124
2015-03-27,6.2167
2015-03-30,6.207699999999999
2015-03-31,6.1996
2015-04-01,6.198
2015-04-02,6.197
2015-04-03,6.195
2015-04-07,6.198300000000001
2015-04-08,6.2032
2015-04-09,6.206
2015-04-10,6.208
2015-04-13,6.2167
2015-04-14,6.2118
2015-04-15,6.2052
2015-04-16,6.196700000000001
2015-04-17,6.1978
2015-04-20,6.2015
2015-04-21,6.2016
2015-04-22,6.195
2015-04-23,6.198
2015-04-24,6.195
2015-04-27,6.2206
2015-04-28,6.205699999999999
2015-04-29,6.199699999999999
2015-04-30,6.2028
2015-05-04,6.209
2015-05-05,6.2062
2015-05-06,6.2007
2015-05-07,6.206899999999999
2015-05-08,6.2094
2015-05-11,6.2096
2015-05-12,6.2092
2015-05-13,6.2044
2015-05-14,6.2012
2015-05-15,6.206099999999999
2015-05-18,6.204300000000001
2015-05-19,6.2066
2015-05-20,6.2038
2015-05-21,6.1968
2015-05-22,6.1976
2015-05-25,6.202
2015-05-26,6.204
2015-05-27,6.2014
2015-05-28,6.2012
2015-05-29,6.198499999999999
2015-06-01,6.1995000000000005
2015-06-02,6.1984
2015-06-03,6.1976
2015-06-04,6.201
2015-06-05,6.2034
2015-06-08,6.2056
2015-06-09,6.205699999999999
2015-06-10,6.206099999999999
2015-06-11,6.206499999999999
2015-06-12,6.208099999999999
2015-06-15,6.209
2015-06-16,6.2084
2015-06-17,6.2096
2015-06-18,6.2075000000000005
2015-06-19,6.2095
2015-06-23,6.2068
2015-06-24,6.2071000000000005
2015-06-25,6.2094
2015-06-26,6.209
2015-06-29,6.2087
2015-06-30,6.201
2015-07-01,6.2011
2015-07-02,6.204899999999999
2015-07-03,6.205699999999999
2015-07-06,6.2092
2015-07-07,6.21
2015-07-08,6.2094
2015-07-09,6.2088
2015-07-10,6.2092
2015-07-13,6.2084
2015-07-14,6.208899999999999
2015-07-15,6.2092
2015-07-16,6.2095
2015-07-17,6.2095
2015-07-20,6.2097
2015-07-21,6.2096
2015-07-22,6.2095
2015-07-23,6.2095
2015-07-24,6.2095
2015-07-27,6.2095
2015-07-28,6.2094
2015-07-29,6.2091
2015-07-30,6.2096
2015-07-31,6.2097
2015-08-03,6.2097
2015-08-04,6.2096
2015-08-05,6.2096
2015-08-06,6.2097
2015-08-07,6.2097
2015-08-10,6.2097
2015-08-11,6.323100000000001
2015-08-12,6.387
2015-08-13,6.399
2015-08-14,6.3918
2015-08-17,6.3947
2015-08-18,6.3938
2015-08-19,6.395500000000001
2015-08-20,6.389
2015-08-21,6.388700000000001
2015-08-24,6.4044
2015-08-25,6.4124
2015-08-26,6.410499999999999
2015-08-27,6.4052999999999995
2015-08-28,6.3885
2015-08-31,6.3763000000000005
2015-09-01,6.3645
2015-09-02,6.355900000000001
2015-09-07,6.365900000000001
2015-09-08,6.3672
2015-09-09,6.3778
2015-09-10,6.3772
2015-09-11,6.375
2015-09-14,6.367900000000001
2015-09-15,6.37
2015-09-16,6.3709
2015-09-17,6.366
2015-09-18,6.364300000000001
2015-09-21,6.3691
2015-09-22,6.376
2015-09-23,6.383900000000001
2015-09-24,6.3828
2015-09-25,6.3744
2015-09-28,6.369
2015-09-29,6.3636
2015-09-30,6.357100000000001
2015-10-08,6.353699999999999
2015-10-09,6.345299999999999
2015-10-12,6.323
2015-10-13,6.342899999999999
2015-10-14,6.3477
2015-10-15,6.346
2015-10-16,6.352899999999999
2015-10-19,6.360099999999999
2015-10-20,6.3488
2015-10-21,6.3482
2015-10-22,6.3574
2015-10-23,6.35
2015-10-26,6.352899999999999
2015-10-27,6.3532
2015-10-28,6.3592
2015-10-29,6.356700000000001
2015-10-30,6.317500000000001
2015-11-02,6.3379
2015-11-03,6.3366
2015-11-04,6.336
2015-11-05,6.3466
2015-11-06,6.353
2015-11-09,6.3622
2015-11-10,6.3618
2015-11-11,6.366499999999999
2015-11-12,6.3692
2015-11-13,6.374
2015-11-16,6.3724
2015-11-17,6.3786
2015-11-18,6.384899999999999
2015-11-19,6.384
2015-11-20,6.385
2015-11-23,6.3896
2015-11-24,6.389500000000001
2015-11-25,6.3892
2015-11-26,6.3896
2015-11-27,6.3952
2015-11-30,6.3980999999999995
2015-12-01,6.3986
2015-12-02,6.3988
2015-12-03,6.3972
2015-12-04,6.402
2015-12-07,6.4082
2015-12-08,6.4172
2015-12-09,6.428
2015-12-10,6.4378
2015-12-11,6.455299999999999
2015-12-14,6.4591
2015-12-15,6.461
2015-12-16,6.473299999999999
2015-12-17,6.483699999999999
2015-12-18,6.4815000000000005
2015-12-21,6.4808
2015-12-22,6.4788
2015-12-23,6.4778
2015-12-24,6.4768
2015-12-25,6.476300000000001
2015-12-28,6.488
2015-12-29,6.4852
2015-12-30,6.4902
2015-12-31,6.4936
2016-01-04,6.5172
2016-01-05,6.519900000000001
2016-01-06,6.557500000000001
2016-01-07,6.5939000000000005
2016-01-08,6.5888
2016-01-11,6.5822
2016-01-12,6.575
2016-01-13,6.575
2016-01-14,6.5887
2016-01-15,6.587299999999999
2016-01-18,6.579299999999999
2016-01-19,6.5782
2016-01-20,6.5796
2016-01-21,6.579299999999999
2016-01-22,6.5794
2016-01-25,6.5794
2016-01-26,6.579699999999999
2016-01-27,6.578
2016-01-28,6.575500000000001
2016-01-29,6.578899999999999
2016-02-01,6.5792
2016-02-02,6.579699999999999
2016-02-03,6.579299999999999
2016-02-04,6.577699999999999
2016-02-05,6.569500000000001
2016-02-15,6.4944
2016-02-16,6.5136
2016-02-17,6.525900000000001
2016-02-18,6.5176
2016-02-19,6.5204
2016-02-22,6.519500000000001
2016-02-23,6.5264
2016-02-24,6.5326
2016-02-25,6.534
2016-02-26,6.5372
2016-02-29,6.5472
2016-03-01,6.5472
2016-03-02,6.551500000000001
2016-03-03,6.5428
2016-03-04,6.5218
2016-03-07,6.515
2016-03-08,6.5055000000000005
2016-03-09,6.515
2016-03-10,6.5159
2016-03-11,6.498499999999999
2016-03-14,6.495
2016-03-15,6.5104999999999995
2016-03-16,6.521
2016-03-17,6.493
2016-03-18,6.472700000000001
2016-03-21,6.4858
2016-03-22,6.4926
2016-03-23,6.496899999999999
2016-03-24,6.5126
2016-03-25,6.5154
2016-03-28,6.516
2016-03-29,6.511500000000001
2016-03-30,6.478
2016-03-31,6.4676
2016-04-01,6.4644
2016-04-05,6.4732
2016-04-06,6.482
2016-04-07,6.472899999999999
2016-04-08,6.475299999999999
2016-04-11,6.47
2016-04-12,6.4592
2016-04-13,6.4678
2016-04-14,6.487500000000001
2016-04-15,6.4816
2016-04-18,6.480300000000001
2016-04-19,6.4722
2016-04-20,6.4693
2016-04-21,6.479299999999999
2016-04-22,6.493
2016-04-25,6.496899999999999
2016-04-26,6.493500000000001
2016-04-27,6.493500000000001
2016-04-28,6.4818
2016-04-29,6.485500000000001
2016-05-03,6.4743
2016-05-04,6.5
2016-05-05,6.5068
2016-05-06,6.502300000000001
2016-05-09,6.5068
2016-05-10,6.5155
2016-05-11,6.512
2016-05-12,6.5122
2016-05-13,6.5202
2016-05-16,6.520899999999999
2016-05-17,6.5227
2016-05-18,6.535299999999999
2016-05-19,6.544
2016-05-20,6.5432999999999995
2016-05-23,6.551900000000001
2016-05-24,6.556700000000001
2016-05-25,6.562
2016-05-26,6.5619000000000005
2016-05-27,6.559699999999999
2016-05-30,6.5825
2016-05-31,6.5846
2016-06-01,6.5821
2016-06-02,6.5792
2016-06-03,6.585500000000001
2016-06-06,6.5648
2016-06-07,6.572
2016-06-08,6.5703000000000005
2016-06-13,6.5863000000000005
2016-06-14,6.5905
2016-06-15,6.5883
2016-06-16,6.584
2016-06-17,6.591
2016-06-20,6.5792
2016-06-21,6.5799
2016-06-22,6.5807
2016-06-23,6.5778
2016-06-24,6.6148
2016-06-27,6.6392999999999995
2016-06-28,6.648700000000001
2016-06-29,6.6464
2016-06-30,6.643299999999999
2016-07-01,6.6582
2016-07-04,6.6636
2016-07-05,6.669500000000001
2016-07-06,6.69
2016-07-07,6.683
2016-07-08,6.6880999999999995
2016-07-11,6.687900000000001
2016-07-12,6.685
2016-07-13,6.6922
2016-07-14,6.687100000000001
2016-07-15,6.6804
2016-07-18,6.6987000000000005
2016-07-19,6.689299999999999
2016-07-20,6.678
2016-07-21,6.678300000000001
2016-07-22,6.6704
2016-07-25,6.679900000000001
2016-07-26,6.6766
2016-07-27,6.6697
2016-07-28,6.6566
2016-07-29,6.6548
2016-08-01,6.639
2016-08-02,6.6389
2016-08-03,6.6308
2016-08-04,6.6392
2016-08-05,6.6452
2016-08-08,6.6624
2016-08-09,6.661900000000001
2016-08-10,6.643
2016-08-11,6.641500000000001
2016-08-12,6.6446
2016-08-15,6.6406
2016-08-16,6.626
2016-08-17,6.631
2016-08-18,6.6322
2016-08-19,6.65
2016-08-22,6.6578
2016-08-23,6.6416
2016-08-24,6.651
2016-08-25,6.653500000000001
2016-08-26,6.6688
2016-08-29,6.679
2016-08-30,6.68
2016-08-31,6.678300000000001
2016-09-01,6.68
2016-09-02,6.68
2016-09-05,6.6752
2016-09-06,6.680300000000001
2016-09-07,6.6640999999999995
2016-09-08,6.663900000000001
2016-09-09,6.679900000000001
2016-09-12,6.679900000000001
2016-09-13,6.68
2016-09-14,6.671100000000001
2016-09-19,6.6716
2016-09-20,6.671100000000001
2016-09-21,6.6713
2016-09-22,6.6693
2016-09-23,6.67
2016-09-26,6.669900000000001
2016-09-27,6.6684
2016-09-28,6.6712
2016-09-29,6.669
2016-09-30,6.67
2016-10-10,6.7028
2016-10-11,6.7148
2016-10-12,6.713900000000001
2016-10-13,6.729900000000001
2016-10-14,6.7255
2016-10-17,6.7396
2016-10-18,6.739299999999999
2016-10-19,6.739299999999999
2016-10-20,6.7396
2016-10-21,6.759900000000001
2016-10-24,6.7718
2016-10-25,6.7778
2016-10-26,6.7686
2016-10-27,6.7778
2016-10-28,6.7795000000000005
2016-10-31,6.7708
2016-11-01,6.7744
2016-11-02,6.761299999999999
2016-11-03,6.7608
2016-11-04,6.759100000000001
2016-11-07,6.7758
2016-11-08,6.78
2016-11-09,6.7731
2016-11-10,6.7924999999999995
2016-11-11,6.815500000000001
2016-11-14,6.8408999999999995
2016-11-15,6.853
2016-11-16,6.87
2016-11-17,6.87
2016-11-18,6.8912
2016-11-21,6.8956
2016-11-22,6.888
2016-11-23,6.8928
2016-11-24,6.918899999999999
2016-11-25,6.915100000000001
2016-11-28,6.9022
2016-11-29,6.8914
2016-11-30,6.887
2016-12-01,6.894899999999999
2016-12-02,6.8818
2016-12-05,6.886099999999999
2016-12-06,6.8762
2016-12-07,6.885
2016-12-08,6.879900000000001
2016-12-09,6.900499999999999
2016-12-12,6.9152
2016-12-13,6.9015
2016-12-14,6.9049
2016-12-15,6.9354
2016-12-16,6.954700000000001
2016-12-19,6.945
2016-12-20,6.950899999999999
2016-12-21,6.9512
2016-12-22,6.9466
2016-12-23,6.9494
2016-12-26,6.949699999999999
2016-12-27,6.9498
2016-12-28,6.954899999999999
2016-12-29,6.954700000000001
2016-12-30,6.9495000000000005
2017-01-03,6.955699999999999
2017-01-04,6.948499999999999
2017-01-05,6.8816999999999995
2017-01-06,6.923
2017-01-09,6.9344
2017-01-10,6.9242
2017-01-11,6.9266
2017-01-12,6.9
2017-01-13,6.9
2017-01-16,6.8976
2017-01-17,6.8728
2017-01-18,6.8342
2017-01-19,6.876
2017-01-20,6.8752
2017-01-23,6.8552
2017-01-24,6.857
2017-01-25,6.8796
2017-01-26,6.878
2017-02-03,6.874
2017-02-06,6.8637
2017-02-07,6.881500000000001
2017-02-08,6.878
2017-02-09,6.8672
2017-02-10,6.8814
2017-02-13,6.8793
2017-02-14,6.8674
2017-02-15,6.8672
2017-02-16,6.858499999999999
2017-02-17,6.8709
2017-02-20,6.8782
2017-02-21,6.8826
2017-02-22,6.878
2017-02-23,6.8774
2017-02-24,6.8718
2017-02-27,6.8714
2017-02-28,6.868899999999999
2017-03-01,6.88
2017-03-02,6.882
2017-03-03,6.898
2017-03-06,6.892899999999999
2017-03-07,6.898700000000001
2017-03-08,6.907
2017-03-09,6.908499999999999
2017-03-10,6.915699999999999
2017-03-13,6.9092
2017-03-14,6.913100000000001
2017-03-15,6.9121
2017-03-16,6.8978
2017-03-17,6.908499999999999
2017-03-20,6.904300000000001
2017-03-21,6.8976999999999995
2017-03-22,6.8871
2017-03-23,6.887500000000001
2017-03-24,6.8876
2017-03-27,6.8764
2017-03-28,6.8858
2017-03-29,6.8896999999999995
2017-03-30,6.890499999999999
2017-03-31,6.891500000000001
2017-04-05,6.8965
2017-04-06,6.901
2017-04-07,6.899299999999999
2017-04-10,6.9052
2017-04-11,6.903
2017-04-12,6.8922
2017-04-13,6.882499999999999
2017-04-14,6.886899999999999
2017-04-17,6.8876
2017-04-18,6.8852
2017-04-19,6.8873
2017-04-20,6.883500000000001
2017-04-21,6.8838
2017-04-24,6.8864
2017-04-25,6.8863
2017-04-26,6.8908
2017-04-27,6.8922
2017-04-28,6.8972999999999995
2017-05-02,6.8965
2017-05-03,6.891699999999999
2017-05-04,6.8968
2017-05-05,6.9
2017-05-08,6.9033
2017-05-09,6.9056999999999995
2017-05-10,6.904
2017-05-11,6.903500000000001
2017-05-12,6.9027
2017-05-15,6.8976
2017-05-16,6.8896999999999995
2017-05-17,6.891
2017-05-18,6.890300000000001
2017-05-19,6.8926
2017-05-22,6.8924
2017-05-23,6.8896999999999995
2017-05-24,6.890899999999999
2017-05-25,6.8678
2017-05-26,6.861
2017-05-31,6.821
2017-06-01,6.806099999999999
2017-06-02,6.8162
2017-06-05,6.8014
2017-06-06,6.7968
2017-06-07,6.794
2017-06-08,6.7938
2017-06-09,6.7988
2017-06-12,6.798099999999999
2017-06-13,6.798099999999999
2017-06-14,6.797
2017-06-15,6.7975
2017-06-16,6.8139
2017-06-19,6.817
2017-06-20,6.826499999999999
2017-06-21,6.829
2017-06-22,6.8307
2017-06-23,6.8387
2017-06-26,6.8378
2017-06-27,6.810099999999999
2017-06-28,6.7992
2017-06-29,6.778700000000001
2017-06-30,6.7796
2017-07-03,6.789699999999999
2017-07-04,6.799900000000001
2017-07-05,6.7993
2017-07-06,6.803699999999999
2017-07-07,6.799500000000001
2017-07-10,6.801900000000001
2017-07-11,6.8
2017-07-12,6.7875000000000005
2017-07-13,6.781699999999999
2017-07-14,6.7741
2017-07-17,6.769900000000001
2017-07-18,6.758
2017-07-19,6.7556
2017-07-20,6.7688
2017-07-21,6.7681
2017-07-24,6.7505
2017-07-25,6.7512
2017-07-26,6.754499999999999
2017-07-27,6.7376
2017-07-28,6.7429
2017-07-31,6.729
2017-08-01,6.7194
2017-08-02,6.721900000000001
2017-08-03,6.723299999999999
2017-08-04,6.7181
2017-08-07,6.7182
2017-08-08,6.703500000000001
2017-08-09,6.6776
2017-08-10,6.661
2017-08-11,6.6668
2017-08-14,6.6687
2017-08-15,6.6771
2017-08-16,6.695500000000001
2017-08-17,6.673100000000001
2017-08-18,6.6785
2017-08-21,6.6702
2017-08-22,6.660499999999999
2017-08-23,6.6636
2017-08-24,6.66
2017-08-25,6.664499999999999
2017-08-28,6.632300000000001
2017-08-29,6.597500000000001
2017-08-30,6.592700000000001
2017-08-31,6.5969
2017-09-01,6.567900000000001
2017-09-04,6.52
2017-09-05,6.5516
2017-09-06,6.5246
2017-09-07,6.4972
2017-09-08,6.4616999999999996
2017-09-11,6.5239
2017-09-12,6.535
2017-09-13,6.530899999999999
2017-09-14,6.5543000000000005
2017-09-15,6.5442
2017-09-18,6.5618
2017-09-19,6.5859000000000005
2017-09-20,6.5742
2017-09-21,6.5934
2017-09-22,6.5922
2017-09-25,6.620499999999999
2017-09-26,6.6305
2017-09-27,6.635
2017-09-28,6.669900000000001
2017-09-29,6.647
2017-10-09,6.628499999999999
2017-10-10,6.586099999999999
2017-10-11,6.5887
2017-10-12,6.5888
2017-10-13,6.5868
2017-10-16,6.5912
2017-10-17,6.616
2017-10-18,6.620499999999999
2017-10-19,6.627699999999999
2017-10-20,6.62
2017-10-23,6.6398
2017-10-24,6.6332
2017-10-25,6.6408
2017-10-26,6.635699999999999
2017-10-27,6.6528
2017-10-30,6.6476
2017-10-31,6.6272
2017-11-01,6.616099999999999
2017-11-02,6.606300000000001
2017-11-03,6.629500000000001
2017-11-06,6.633900000000001
2017-11-07,6.6324
2017-11-08,6.6343000000000005
2017-11-09,6.639100000000001
2017-11-10,6.64
2017-11-13,6.6422
2017-11-14,6.6431000000000004
2017-11-15,6.6298
2017-11-16,6.632700000000001
2017-11-17,6.635299999999999
2017-11-20,6.63
2017-11-21,6.633699999999999
2017-11-22,6.615900000000001
2017-11-23,6.582300000000001
2017-11-24,6.603699999999999
2017-11-27,6.597900000000001
2017-11-28,6.594899999999999
2017-11-29,6.5988
2017-11-30,6.6107000000000005
2017-12-01,6.6065
2017-12-04,6.6187000000000005
2017-12-05,6.613100000000001
2017-12-06,6.615
2017-12-07,6.615500000000001
2017-12-08,6.617500000000001
2017-12-11,6.617299999999999
2017-12-12,6.6212
2017-12-13,6.6203
2017-12-14,6.6088
2017-12-15,6.6084
2017-12-18,6.617
2017-12-19,6.607500000000001
2017-12-20,6.5798
2017-12-21,6.5858
2017-12-22,6.568700000000001
2017-12-25,6.5404
2017-12-26,6.544
2017-12-27,6.5555
2017-12-28,6.5348
2017-12-29,6.512
2018-01-02,6.496700000000001
2018-01-03,6.5017
2018-01-04,6.4968
2018-01-05,6.485100000000001
2018-01-08,6.4956
2018-01-09,6.520700000000001
2018-01-10,6.517900000000001
2018-01-11,6.5088
2018-01-12,6.468
2018-01-15,6.441699999999999
2018-01-16,6.4366
2018-01-17,6.432499999999999
2018-01-18,6.4255
2018-01-19,6.404
2018-01-22,6.4036
2018-01-23,6.4042
2018-01-24,6.387500000000001
2018-01-25,6.335
2018-01-26,6.322700000000001
2018-01-29,6.3266
2018-01-30,6.341500000000001
2018-01-31,6.292
2018-02-01,6.296
2018-02-02,6.2798
2018-02-05,6.292700000000001
2018-02-06,6.278300000000001
2018-02-07,6.2596
2018-02-08,6.326
2018-02-09,6.3004
2018-02-12,6.329
2018-02-13,6.344
2018-02-14,6.344099999999999
2018-02-22,6.360499999999999
2018-02-23,6.338
2018-02-26,6.307
2018-02-27,6.3064
2018-02-28,6.333500000000001
2018-03-01,6.343
2018-03-02,6.3472
2018-03-05,6.3406
2018-03-06,6.3401
2018-03-07,6.3229
2018-03-08,6.3321
2018-03-09,6.337
2018-03-12,6.3236
2018-03-13,6.3294
2018-03-14,6.3162
2018-03-15,6.322099999999999
2018-03-16,6.324700000000001
2018-03-19,6.3322
2018-03-20,6.330099999999999
2018-03-21,6.331500000000001
2018-03-22,6.3212
2018-03-23,6.324
2018-03-26,6.2848999999999995
2018-03-27,6.2728
2018-03-28,6.2884
2018-03-29,6.2904
2018-03-30,6.273299999999999
2018-04-02,6.2803
2018-04-03,6.2844
2018-04-04,6.299900000000001
2018-04-09,6.310700000000001
2018-04-10,6.2962
2018-04-11,6.286
2018-04-12,6.2814
2018-04-13,6.2825
2018-04-16,6.2811
2018-04-17,6.2764
2018-04-18,6.2854
2018-04-19,6.2778
2018-04-20,6.2898
2018-04-23,6.3044
2018-04-24,6.3092
2018-04-25,6.3204
2018-04-26,6.33
2018-04-27,6.3439000000000005
2018-05-02,6.3602
2018-05-03,6.3532
2018-05-04,6.358899999999999
2018-05-07,6.3649
2018-05-08,6.3676
2018-05-09,6.3784
2018-05-10,6.361299999999999
2018-05-11,6.335100000000001
2018-05-14,6.3368
2018-05-15,6.3535
2018-05-16,6.368499999999999
2018-05-17,6.367100000000001
2018-05-18,6.376
2018-05-21,6.3888
2018-05-22,6.3709
2018-05-23,6.3852
2018-05-24,6.3846
2018-05-25,6.389100000000001
2018-05-28,6.3938
2018-05-29,6.4188
2018-05-30,6.4248
2018-05-31,6.401
2018-06-01,6.416899999999999
2018-06-04,6.412300000000001
2018-06-05,6.4015
2018-06-06,6.3956
2018-06-07,6.393299999999999
2018-06-08,6.409699999999999
2018-06-11,6.4016
2018-06-12,6.4041
2018-06-13,6.405100000000001
2018-06-14,6.3923000000000005
2018-06-15,6.4168
2018-06-19,6.4743
2018-06-20,6.471500000000001
2018-06-21,6.491699999999999
2018-06-22,6.4964
2018-06-25,6.524
2018-06-26,6.556
2018-06-27,6.595
2018-06-28,6.625
2018-06-29,6.6246
2018-07-02,6.649
2018-07-03,6.6672
2018-07-04,6.621100000000001
2018-07-05,6.6372
2018-07-06,6.648
2018-07-09,6.617500000000001
2018-07-10,6.623
2018-07-11,6.6674
2018-07-12,6.6679
2018-07-13,6.690499999999999
2018-07-16,6.6838
2018-07-17,6.679
2018-07-18,6.714499999999999
2018-07-19,6.7734
2018-07-20,6.7795000000000005
2018-07-23,6.7834
2018-07-24,6.81
2018-07-25,6.7784
2018-07-26,6.7825
2018-07-27,6.8246
2018-07-30,6.8256
2018-07-31,6.825500000000001
2018-08-01,6.7948
2018-08-02,6.83
2018-08-03,6.862
2018-08-06,6.842
2018-08-07,6.834
2018-08-08,6.8316
2018-08-09,6.8283000000000005
2018-08-10,6.8574
2018-08-13,6.8767000000000005
2018-08-14,6.883
2018-08-15,6.9049
2018-08-16,6.896
2018-08-17,6.881500000000001
2018-08-20,6.852499999999999
2018-08-21,6.838
2018-08-22,6.846
2018-08-23,6.869
2018-08-24,6.878899999999999
2018-08-27,6.817100000000001
2018-08-28,6.807
2018-08-29,6.8218
2018-08-30,6.836
2018-08-31,6.8299
2018-09-03,6.8165
2018-09-04,6.829
2018-09-05,6.838099999999999
2018-09-06,6.8307
2018-09-07,6.8379
2018-09-10,6.865500000000001
2018-09-11,6.8637
2018-09-12,6.868
2018-09-13,6.848700000000001
2018-09-14,6.852099999999999
2018-09-17,6.869
2018-09-18,6.8644
2018-09-19,6.8534
2018-09-20,6.8528
2018-09-21,6.839
2018-09-25,6.877
2018-09-26,6.874
2018-09-27,6.877
2018-09-28,6.8814
2018-10-08,6.913500000000001
2018-10-09,6.923500000000001
2018-10-10,6.9194
2018-10-11,6.9268
2018-10-12,6.9234
2018-10-15,6.927
2018-10-16,6.9186
2018-10-17,6.924899999999999
2018-10-18,6.940899999999999
2018-10-19,6.932099999999999
2018-10-22,6.9372
2018-10-23,6.9374
2018-10-24,6.940099999999999
2018-10-25,6.9498
2018-10-26,6.9478
2018-10-29,6.956
2018-10-30,6.9613
2018-10-31,6.9734
2018-11-01,6.9496
2018-11-02,6.8896999999999995
2018-11-05,6.926499999999999
2018-11-06,6.9140999999999995
2018-11-07,6.925299999999999
2018-11-08,6.9285
2018-11-09,6.944
2018-11-12,6.966099999999999
2018-11-13,6.953100000000001
2018-11-14,6.950899999999999
2018-11-15,6.935900000000001
2018-11-16,6.9474
2018-11-19,6.942899999999999
2018-11-20,6.939299999999999
2018-11-21,6.939299999999999
2018-11-22,6.935
2018-11-23,6.942099999999999
2018-11-26,6.9351
2018-11-27,6.948499999999999
2018-11-28,6.956
2018-11-29,6.945100000000001
2018-11-30,6.9436
2018-12-03,6.8885
2018-12-04,6.8401
2018-12-05,6.8662
2018-12-06,6.883699999999999
2018-12-07,6.8798
2018-12-10,6.913500000000001
2018-12-11,6.899
2018-12-12,6.8892999999999995
2018-12-13,6.869
2018-12-14,6.897500000000001
2018-12-17,6.9004
2018-12-18,6.8927000000000005
2018-12-19,6.8954
2018-12-20,6.897
2018-12-21,6.9019
2018-12-24,6.8965
2018-12-25,6.886
2018-12-26,6.882099999999999
2018-12-27,6.866
2018-12-28,6.8658
2019-01-02,6.8518
2019-01-03,6.8721
2019-01-04,6.8645
2019-01-07,6.849900000000001
2019-01-08,6.8561
2019-01-09,6.833
2019-01-10,6.7825
2019-01-11,6.7482
2019-01-14,6.7578
2019-01-15,6.7544
2019-01-16,6.755
2019-01-17,6.774700000000001
2019-01-18,6.7706
2019-01-21,6.790099999999999
2019-01-22,6.810300000000001
2019-01-23,6.7888
2019-01-24,6.794499999999999
2019-01-25,6.764
2019-01-28,6.738899999999999
2019-01-29,6.730899999999999
2019-01-30,6.713100000000001
2019-01-31,6.705500000000001
2019-02-01,6.7391000000000005
2019-02-11,6.7804
2019-02-12,6.781
2019-02-13,6.7596
2019-02-14,6.770099999999999
2019-02-15,6.7802
2019-02-18,6.767100000000001
2019-02-19,6.767500000000001
2019-02-20,6.7236
2019-02-21,6.7101
2019-02-22,6.7186
2019-02-25,6.6941
2019-02-26,6.6960999999999995
2019-02-27,6.6835
2019-02-28,6.6868
2019-03-01,6.7078
2019-03-04,6.6991000000000005
2019-03-05,6.7038
2019-03-06,6.7106
2019-03-07,6.7074
2019-03-08,6.7269
2019-03-11,6.7251
2019-03-12,6.7114
2019-03-13,6.7092
2019-03-14,6.717
2019-03-15,6.7116999999999996
2019-03-18,6.712300000000001
2019-03-19,6.7154
2019-03-20,6.6998
2019-03-21,6.6876999999999995
2019-03-22,6.706
2019-03-25,6.7112
2019-03-26,6.712899999999999
2019-03-27,6.721500000000001
2019-03-28,6.7288
2019-03-29,6.7202
2019-04-01,6.710700000000001
2019-04-02,6.721299999999999
2019-04-03,6.7076
2019-04-04,6.7185
2019-04-08,6.720300000000001
2019-04-09,6.7124999999999995
2019-04-10,6.7166
2019-04-11,6.7167
2019-04-12,6.714499999999999
2019-04-15,6.705900000000001
2019-04-16,6.707299999999999
2019-04-17,6.6858
2019-04-18,6.704
2019-04-19,6.7034
2019-04-22,6.7124999999999995
2019-04-23,6.7192
2019-04-24,6.717900000000001
2019-04-25,6.741
2019-04-26,6.738099999999999
2019-04-29,6.735
2019-04-30,6.7366
2019-05-06,6.7666
2019-05-07,6.760700000000001
2019-05-08,6.7716
2019-05-09,6.822700000000001
2019-05-10,6.8118
2019-05-13,6.8721
2019-05-14,6.8854
2019-05-15,6.8736
2019-05-16,6.882099999999999
2019-05-17,6.9138
2019-05-20,6.9140999999999995
2019-05-21,6.9166
2019-05-22,6.904
2019-05-23,6.919
2019-05-24,6.905
2019-05-27,6.896300000000001
2019-05-28,6.913
2019-05-29,6.91
2019-05-30,6.905100000000001
2019-05-31,6.902
2019-06-03,6.909699999999999
2019-06-04,6.913
2019-06-05,6.9088
2019-06-06,6.916099999999999
2019-06-10,6.9332
2019-06-11,6.9138
2019-06-12,6.9167000000000005
2019-06-13,6.922
2019-06-14,6.9236
2019-06-17,6.9254
2019-06-18,6.9264
2019-06-19,6.904
2019-06-20,6.850499999999999
2019-06-21,6.875
2019-06-24,6.8788
2019-06-25,6.8809
2019-06-26,6.8855
2019-06-27,6.8768
2019-06-28,6.8683000000000005
2019-07-01,6.8444
2019-07-02,6.883500000000001
2019-07-03,6.883299999999999
2019-07-04,6.870099999999999
2019-07-05,6.878099999999999
2019-07-08,6.879
2019-07-09,6.8846
2019-07-10,6.8809
2019-07-11,6.8658
2019-07-12,6.8783
2019-07-15,6.8758
2019-07-16,6.8772
2019-07-17,6.879500000000001
2019-07-18,6.875
2019-07-19,6.876499999999999
2019-07-22,6.8804
2019-07-23,6.8794
2019-07-24,6.874499999999999
2019-07-25,6.875
2019-07-26,6.8798
2019-07-29,6.892
2019-07-30,6.884499999999999
2019-07-31,6.8855
2019-08-01,6.9023
2019-08-02,6.9416
2019-08-05,7.0352
2019-08-06,7.032099999999999
2019-08-07,7.0414
2019-08-08,7.044300000000001
2019-08-09,7.052
2019-08-12,7.067900000000001
2019-08-13,7.0668999999999995
2019-08-14,7.0165
2019-08-15,7.03
2019-08-16,7.0446
2019-08-19,7.044499999999999
2019-08-20,7.0634
2019-08-21,7.0632
2019-08-22,7.0875
2019-08-23,7.0825
2019-08-26,7.1528
2019-08-27,7.167
2019-08-28,7.163500000000001
2019-08-29,7.1514
2019-08-30,7.1452
2019-09-02,7.1716
2019-09-03,7.1785
2019-09-04,7.1538
2019-09-05,7.145900000000001
2019-09-06,7.124300000000001
2019-09-09,7.1286
2019-09-10,7.1042
2019-09-11,7.117900000000001
2019-09-12,7.0882
2019-09-16,7.064
2019-09-17,7.092899999999999
2019-09-18,7.0879
2019-09-19,7.098700000000001
2019-09-20,7.0901
2019-09-23,7.126
2019-09-24,7.107500000000001
2019-09-25,7.1238
2019-09-26,7.131500000000001
2019-09-27,7.1195
2019-09-30,7.1381
2019-10-08,7.129500000000001
2019-10-09,7.132700000000001
2019-10-10,7.1246
2019-10-11,7.1
2019-10-14,7.0668999999999995
2019-10-15,7.0778
2019-10-16,7.103
2019-10-17,7.084099999999999
2019-10-18,7.0825
2019-10-21,7.0678
2019-10-22,7.0817
2019-10-23,7.0745
2019-10-24,7.0702
2019-10-25,7.0716
2019-10-28,7.0615000000000006
2019-10-29,7.063699999999999
2019-10-30,7.0584
2019-10-31,7.035
2019-11-01,7.0376
2019-11-04,7.0302
2019-11-05,6.9975000000000005
2019-11-06,6.9987
2019-11-07,6.988
2019-11-08,6.9884
2019-11-11,7.006499999999999
2019-11-12,7.0028
2019-11-13,7.016
2019-11-14,7.0204
2019-11-15,7.012099999999999
2019-11-18,7.0122
2019-11-19,7.0238
2019-11-20,7.036899999999999
2019-11-21,7.0374
2019-11-22,7.0356
2019-11-25,7.032
2019-11-26,7.036300000000001
2019-11-27,7.026
2019-11-28,7.0328
2019-11-29,7.0261
2019-12-02,7.044899999999999
2019-12-03,7.0471
2019-12-04,7.0699000000000005
2019-12-05,7.0424999999999995
2019-12-06,7.034
2019-12-09,7.0403
2019-12-10,7.038499999999999
2019-12-11,7.0386
2019-12-12,7.0333
2019-12-13,6.9839
2019-12-16,7.002700000000001
2019-12-17,7.0024
2019-12-18,6.9996
2019-12-19,7.0079
2019-12-20,7.011500000000001
2019-12-23,7.012700000000001
2019-12-24,7.0075
2019-12-25,6.9823
2019-12-26,6.9984
2019-12-27,6.9992
2019-12-30,6.9878
2019-12-31,6.9662
2020-01-02,6.963100000000001
2020-01-03,6.9716
2020-01-06,6.974499999999999
2020-01-07,6.9376
2020-01-08,6.942
2020-01-09,6.931100000000001
2020-01-10,6.929
2020-01-13,6.8942
2020-01-14,6.8854
2020-01-15,6.8871
2020-01-16,6.885
2020-01-17,6.858499999999999
2020-01-20,6.861299999999999
2020-01-21,6.906499999999999
2020-01-22,6.9012
2020-01-23,6.93
2020-02-03,7.0257
2020-02-04,6.99
2020-02-05,6.999699999999999
2020-02-06,6.9696
2020-02-07,6.986
2020-02-10,6.9853
2020-02-11,6.977500000000001
2020-02-12,6.973
2020-02-13,6.980499999999999
2020-02-14,6.979500000000001
2020-02-17,6.980700000000001
2020-02-18,7.0052
2020-02-19,6.9940999999999995
2020-02-20,7.015299999999999
2020-02-21,7.0386
2020-02-24,7.0315
2020-02-25,7.0162
2020-02-26,7.017
2020-02-27,7.0161
2020-02-28,6.9896
2020-03-02,6.9578
2020-03-03,6.9808
2020-03-04,6.9331000000000005
2020-03-05,6.942499999999999
2020-03-06,6.94
2020-03-09,6.9499
2020-03-10,6.946899999999999
2020-03-11,6.9499
2020-03-12,6.984
2020-03-13,6.9926
2020-03-16,6.9974
2020-03-17,7.0096
2020-03-18,7.026
2020-03-19,7.091
2020-03-20,7.0661
2020-03-23,7.1187000000000005
2020-03-24,7.076899999999999
2020-03-25,7.100899999999999
2020-03-26,7.096
2020-03-27,7.0928
2020-03-30,7.097
2020-03-31,7.093100000000001
2020-04-01,7.1058
2020-04-02,7.0977
2020-04-03,7.090300000000001
2020-04-07,7.055
2020-04-08,7.0682
2020-04-09,7.059
2020-04-10,7.035900000000001
2020-04-13,7.0489
2020-04-14,7.060499999999999
2020-04-15,7.061699999999999
2020-04-16,7.0745
2020-04-17,7.0764
2020-04-20,7.075500000000001
2020-04-21,7.0876
2020-04-22,7.0842
2020-04-23,7.0791
2020-04-24,7.0828999999999995
2020-04-27,7.0836
2020-04-28,7.085500000000001
2020-04-29,7.0748
2020-04-30,7.051900000000001
2020-05-06,7.0959
2020-05-07,7.0912999999999995
2020-05-08,7.0792
2020-05-11,7.0864
2020-05-12,7.0886
2020-05-13,7.093699999999999
2020-05-14,7.0948
2020-05-15,7.099500000000001
2020-05-18,7.1133
2020-05-19,7.1068999999999996
2020-05-20,7.106700000000001
2020-05-21,7.0998
2020-05-22,7.1416
2020-05-25,7.1388
2020-05-26,7.1354
2020-05-27,7.154700000000001
2020-05-28,7.16
2020-05-29,7.145500000000001
2020-06-01,7.134
2020-06-02,7.110499999999999
2020-06-03,7.1099000000000006
2020-06-04,7.122300000000001
2020-06-05,7.0866
2020-06-08,7.0745
2020-06-09,7.0882
2020-06-10,7.067
2020-06-11,7.0698
2020-06-12,7.0745
2020-06-15,7.0946
2020-06-16,7.0818
2020-06-17,7.0859000000000005
2020-06-18,7.0812
2020-06-19,7.078
2020-06-22,7.077
2020-06-23,7.065
2020-06-24,7.0744
2020-06-29,7.0776
2020-06-30,7.0741
2020-07-01,7.061100000000001
2020-07-02,7.066300000000001
2020-07-03,7.068
2020-07-06,7.033
2020-07-07,7.0241
2020-07-08,7.0176
2020-07-09,6.9862
2020-07-10,7.0071
2020-07-13,7.003100000000001
2020-07-14,7.0188
2020-07-15,6.9886
2020-07-16,6.9982
2020-07-17,7.0002
2020-07-20,6.9912
2020-07-21,6.9936
2020-07-22,7.0059000000000005
2020-07-23,6.996099999999999
2020-07-24,7.0162
2020-07-27,7.001
2020-07-28,7.0072
2020-07-29,6.999699999999999
2020-07-30,7.0064
2020-07-31,6.9794
2020-08-03,6.9773
2020-08-04,6.982
2020-08-05,6.953
2020-08-06,6.9441
2020-08-07,6.9598
2020-08-10,6.9700999999999995
2020-08-11,6.951900000000001
2020-08-12,6.9458
2020-08-13,6.9445
2020-08-14,6.9498
2020-08-17,6.941699999999999
2020-08-18,6.925699999999999
2020-08-19,6.9103
2020-08-20,6.9216
2020-08-21,6.9136
2020-08-24,6.9126
2020-08-25,6.9117
2020-08-26,6.891900000000001
2020-08-27,6.8946
2020-08-28,6.865100000000001
2020-08-31,6.8535
2020-09-01,6.823900000000001
2020-09-02,6.826099999999999
2020-09-03,6.835500000000001
2020-09-04,6.8393
2020-09-07,6.8302
2020-09-08,6.8316
2020-09-09,6.846
2020-09-10,6.8398
2020-09-11,6.836899999999999
2020-09-14,6.823500000000001
2020-09-15,6.777500000000001
2020-09-16,6.761299999999999
2020-09-17,6.7659
2020-09-18,6.7588
2020-09-21,6.773299999999999
2020-09-22,6.7875000000000005
2020-09-23,6.792
2020-09-24,6.824
2020-09-25,6.8202
2020-09-28,6.820899999999999
2020-09-29,6.8229
2020-09-30,6.8106
2020-10-09,6.713500000000001
2020-10-12,6.7358
2020-10-13,6.738499999999999
2020-10-14,6.737
2020-10-15,6.73
2020-10-16,6.6982
2020-10-19,6.6935
2020-10-20,6.6818
2020-10-21,6.657500000000001
2020-10-22,6.668899999999999
2020-10-23,6.669
2020-10-26,6.698499999999999
2020-10-27,6.715699999999999
2020-10-28,6.7138
2020-10-29,6.7104
2020-10-30,6.7002
2020-11-02,6.700099999999999
2020-11-03,6.6884
2020-11-04,6.7138
2020-11-05,6.64
2020-11-06,6.621500000000001
2020-11-09,6.5728
2020-11-10,6.604099999999999
2020-11-11,6.62
2020-11-12,6.6297
2020-11-13,6.6144
2020-11-16,6.577
2020-11-17,6.558
2020-11-18,6.5424999999999995
2020-11-19,6.585100000000001
2020-11-20,6.5714
2020-11-23,6.5694
2020-11-24,6.576099999999999
2020-11-25,6.5796
2020-11-26,6.5729
2020-11-27,6.582300000000001
2020-11-30,6.582700000000001
2020-12-01,6.5707
2020-12-02,6.5684
2020-12-03,6.559
2020-12-04,6.5302
2020-12-07,6.5382
2020-12-08,6.532
2020-12-09,6.5374
2020-12-10,6.548
2020-12-11,6.541100000000001
2020-12-14,6.536700000000001
2020-12-15,6.5446
2020-12-16,6.5378
2020-12-17,6.533500000000001
2020-12-18,6.541500000000001
2020-12-21,6.5494
2020-12-22,6.548
2020-12-23,6.5378
2020-12-24,6.532
2020-12-25,6.5241
2020-12-28,6.5375000000000005
2020-12-29,6.530499999999999
2020-12-30,6.5307
2020-12-31,6.5398
2021-01-04,6.4628
2021-01-05,6.464
2021-01-06,6.461500000000001
2021-01-07,6.4567000000000005
2021-01-08,6.471900000000001
2021-01-11,6.4748
2021-01-12,6.467
2021-01-13,6.4659
2021-01-14,6.4678
2021-01-15,6.4752
2021-01-18,6.493
2021-01-19,6.4872
2021-01-20,6.4676
2021-01-21,6.464300000000001
2021-01-22,6.4777
2021-01-25,6.476300000000001
2021-01-26,6.4756
2021-01-27,6.4671
2021-01-28,6.4758
2021-01-29,6.4612
2021-02-01,6.464099999999999
2021-02-02,6.4597
2021-02-03,6.4587
2021-02-04,6.462899999999999
2021-02-05,6.481
2021-02-08,6.4583
2021-02-09,6.4487000000000005
2021-02-10,6.438
2021-02-18,6.4706
2021-02-19,6.4575000000000005
2021-02-22,6.4675
2021-02-23,6.4606
2021-02-24,6.453
2021-02-25,6.45
2021-02-26,6.459
2021-03-01,6.461500000000001
2021-03-02,6.469900000000001
2021-03-03,6.462
2021-03-04,6.469
2021-03-05,6.4768
2021-03-08,6.523299999999999
2021-03-09,6.518
2021-03-10,6.5116
2021-03-11,6.4911
2021-03-12,6.5036
2021-03-15,6.503100000000001
2021-03-16,6.4995
2021-03-17,6.503
2021-03-18,6.5017
2021-03-19,6.504499999999999
2021-03-22,6.51
2021-03-23,6.5108
2021-03-24,6.5236
2021-03-25,6.534
2021-03-26,6.540700000000001
2021-03-29,6.5626
2021-03-30,6.567699999999999
2021-03-31,6.5566
2021-04-01,6.573900000000001
2021-04-02,6.5612
2021-04-06,6.5501
2021-04-07,6.546
2021-04-08,6.549
2021-04-09,6.5588999999999995
2021-04-12,6.5514
2021-04-13,6.548700000000001
2021-04-14,6.5334
2021-04-15,6.5322
2021-04-16,6.5228
2021-04-19,6.511500000000001
2021-04-20,6.495299999999999
2021-04-21,6.495100000000001
2021-04-22,6.4888
2021-04-23,6.4936
2021-04-26,6.4878
2021-04-27,6.486
2021-04-28,6.484700000000001
2021-04-29,6.4652
2021-04-30,6.4716
2021-05-06,6.4739
2021-05-07,6.458899999999999
2021-05-10,6.417299999999999
2021-05-11,6.427
2021-05-12,6.442499999999999
2021-05-13,6.454899999999999
2021-05-14,6.4347
2021-05-17,6.4416
2021-05-18,6.424499999999999
2021-05-19,6.4382
2021-05-20,6.435299999999999
2021-05-21,6.433699999999999
2021-05-24,6.4293
2021-05-25,6.4078
2021-05-26,6.393
2021-05-27,6.3758
2021-05-28,6.3654
2021-05-31,6.3607000000000005
2021-06-01,6.375900000000001
2021-06-02,6.3872
2021-06-03,6.3932
2021-06-04,6.4092
2021-06-07,6.3961
2021-06-08,6.3972
2021-06-09,6.389900000000001
2021-06-10,6.390300000000001
2021-06-11,6.3914
2021-06-15,6.402099999999999
2021-06-16,6.3974
2021-06-17,6.4277
2021-06-18,6.4408
2021-06-21,6.4704999999999995
2021-06-22,6.473299999999999
2021-06-23,6.4808
2021-06-24,6.4732
2021-06-25,6.455299999999999
2021-06-28,6.456499999999999
2021-06-29,6.4575000000000005
2021-06-30,6.4612
2021-07-01,6.464
2021-07-02,6.482499999999999
2021-07-05,6.4608
2021-07-06,6.462700000000001
2021-07-07,6.463900000000001
2021-07-08,6.4811000000000005
2021-07-09,6.484700000000001
2021-07-12,6.472700000000001
2021-07-13,6.4651000000000005
2021-07-14,6.4728
2021-07-15,6.4612
2021-07-16,6.4678
2021-07-19,6.4835
2021-07-20,6.48
2021-07-21,6.4743
2021-07-22,6.466099999999999
2021-07-23,6.4759
2021-07-26,6.4827
2021-07-27,6.504
2021-07-28,6.503500000000001
2021-07-29,6.4628
2021-07-30,6.456
2021-08-02,6.4609
2021-08-03,6.464899999999999
2021-08-04,6.461900000000001
2021-08-05,6.461100000000001
2021-08-06,6.4688
2021-08-09,6.478
2021-08-10,6.480700000000001
2021-08-11,6.487
2021-08-12,6.477100000000001
2021-08-13,6.483
2021-08-16,6.4756
2021-08-17,6.479900000000001
2021-08-18,6.480099999999999
2021-08-19,6.4929
2021-08-20,6.5
2021-08-23,6.4902
2021-08-24,6.4778
2021-08-25,6.4742
2021-08-26,6.483699999999999
2021-08-27,6.479699999999999
2021-08-30,6.466
2021-08-31,6.464499999999999
2021-09-01,6.4652
2021-09-02,6.4616999999999996
2021-09-03,6.456499999999999
2021-09-06,6.4538
2021-09-07,6.4604
2021-09-08,6.4622
2021-09-09,6.4572
2021-09-10,6.4408
2021-09-13,6.455
2021-09-14,6.443299999999999
2021-09-15,6.4351
2021-09-16,6.444700000000001
2021-09-17,6.4521
2021-09-22,6.468300000000001
2021-09-23,6.4594
2021-09-24,6.464499999999999
2021-09-27,6.4614
2021-09-28,6.4592
2021-09-29,6.468
2021-09-30,6.4626
2021-10-08,6.4491000000000005
2021-10-11,6.4376999999999995
2021-10-12,6.456499999999999
2021-10-13,6.4452
2021-10-14,6.4339
2021-10-15,6.429100000000001
2021-10-18,6.434499999999999
2021-10-19,6.3998
2021-10-20,6.3936
2021-10-21,6.3988
2021-10-22,6.390300000000001
2021-10-25,6.381
2021-10-26,6.3812
2021-10-27,6.3934
2021-10-28,6.4006
2021-10-29,6.400899999999999
2021-11-01,6.4032
2021-11-02,6.398499999999999
2021-11-03,6.397
2021-11-04,6.3956
2021-11-05,6.401299999999999
2021-11-08,6.3980999999999995
2021-11-09,6.395
2021-11-10,6.391500000000001
2021-11-11,6.4048
2021-11-12,6.3902
2021-11-15,6.380300000000001
2021-11-16,6.377
2021-11-17,6.3816999999999995
2021-11-18,6.3809
2021-11-19,6.381100000000001
2021-11-22,6.375900000000001
2021-11-23,6.384499999999999
2021-11-24,6.3877
2021-11-25,6.3894
2021-11-26,6.391299999999999
2021-11-29,6.382099999999999
2021-11-30,6.370099999999999
2021-12-01,6.370499999999999
2021-12-02,6.373
2021-12-03,6.369
2021-12-06,6.371500000000001
2021-12-07,6.3678
2021-12-08,6.3535
2021-12-09,6.345699999999999
2021-12-10,6.3704
2021-12-13,6.363100000000001
2021-12-14,6.3634
2021-12-15,6.3652
2021-12-16,6.367900000000001
2021-12-17,6.3742
2021-12-20,6.378099999999999
2021-12-21,6.3707
2021-12-22,6.3721
2021-12-23,6.3702
2021-12-24,6.37
2021-12-27,6.3725
2021-12-28,6.3713
2021-12-29,6.3714
2021-12-30,6.3793
2021-12-31,6.373
2022-01-04,6.374499999999999
2022-01-05,6.367699999999999
2022-01-06,6.376099999999999
2022-01-07,6.373900000000001
2022-01-10,6.3718
2022-01-11,6.3718
2022-01-12,6.3646
2022-01-13,6.3598
2022-01-14,6.343500000000001
2022-01-17,6.3466
2022-01-18,6.351299999999999
2022-01-19,6.3522
2022-01-20,6.342099999999999
2022-01-21,6.3397
2022-01-24,6.332
2022-01-25,6.3252
2022-01-26,6.3219
2022-01-27,6.3645
2022-01-28,6.3636
2022-02-07,6.3578
2022-02-08,6.3688
2022-02-09,6.360899999999999
2022-02-10,6.359
2022-02-11,6.3592
2022-02-14,6.3598
2022-02-15,6.347500000000001
2022-02-16,6.335299999999999
2022-02-17,6.3366
2022-02-18,6.326499999999999
2022-02-21,6.3332999999999995
2022-02-22,6.3356
2022-02-23,6.3178
2022-02-24,6.3234
2022-02-25,6.3142
2022-02-28,6.311100000000001
2022-03-01,6.3127
2022-03-02,6.310700000000001
2022-03-03,6.3184
2022-03-04,6.318899999999999
2022-03-07,6.318300000000001
2022-03-08,6.314099999999999
2022-03-09,6.316300000000001
2022-03-10,6.3216
2022-03-11,6.3228
2022-03-14,6.3598
2022-03-15,6.38
2022-03-16,6.346499999999999
2022-03-17,6.3494
2022-03-18,6.3641
2022-03-21,6.3588
2022-03-22,6.36
2022-03-23,6.3742
2022-03-24,6.369699999999999
2022-03-25,6.365500000000001
2022-03-28,6.3702
2022-03-29,6.3722
2022-03-30,6.3526
2022-03-31,6.343299999999999
2022-04-01,6.359100000000001
2022-04-06,6.3636
2022-04-07,6.3634
2022-04-08,6.3637
2022-04-11,6.3699
2022-04-12,6.371100000000001
2022-04-13,6.365500000000001
2022-04-14,6.3704
2022-04-15,6.3712
2022-04-18,6.3698
2022-04-19,6.3778
2022-04-20,6.415299999999999
2022-04-21,6.45
2022-04-22,6.487500000000001
2022-04-25,6.5544
2022-04-26,6.547299999999999
2022-04-27,6.5569
2022-04-28,6.6115
2022-04-29,6.5866
2022-05-05,6.6224
2022-05-06,6.684499999999999
2022-05-09,6.7202
2022-05-10,6.722700000000001
2022-05-11,6.7274
2022-05-12,6.79
2022-05-13,6.783
2022-05-16,6.7967
2022-05-17,6.7472
2022-05-18,6.749
2022-05-19,6.7678
2022-05-20,6.674
2022-05-23,6.6634
2022-05-24,6.6671000000000005
2022-05-25,6.673699999999999
2022-05-26,6.738099999999999
2022-05-27,6.708099999999999
2022-05-30,6.6648
2022-05-31,6.6578
2022-06-01,6.6941
2022-06-02,6.675
2022-06-06,6.6457
2022-06-07,6.665500000000001
2022-06-08,6.683
2022-06-09,6.683699999999999
2022-06-10,6.6927
2022-06-13,6.7341
2022-06-14,6.7358
2022-06-15,6.719500000000001
2022-06-16,6.7162
2022-06-17,6.701
2022-06-20,6.686
2022-06-21,6.6995000000000005
2022-06-22,6.7171
2022-06-23,6.708
2022-06-24,6.6936
2022-06-27,6.6878
2022-06-28,6.6876
2022-06-29,6.6972
2022-06-30,6.694300000000001
2022-07-01,6.7006
2022-07-04,6.6964999999999995
2022-07-05,6.701
2022-07-06,6.7032
2022-07-07,6.707299999999999
2022-07-08,6.705100000000001
2022-07-11,6.7076
2022-07-12,6.7345
2022-07-13,6.722899999999999
2022-07-14,6.748
2022-07-15,6.767
2022-07-18,6.7446
2022-07-19,6.7438
2022-07-20,6.753
2022-07-21,6.7634
2022-07-22,6.765699999999999
2022-07-25,6.7536
2022-07-26,6.755699999999999
2022-07-27,6.756899999999999
2022-07-28,6.745
2022-07-29,6.739
2022-08-01,6.754899999999999
2022-08-02,6.758
2022-08-03,6.754899999999999
2022-08-04,6.7562
2022-08-05,6.750700000000001
2022-08-08,6.7602
2022-08-09,6.7542
2022-08-10,6.757699999999999
2022-08-11,6.7386
2022-08-12,6.7349
2022-08-15,6.7632
2022-08-16,6.791900000000001
2022-08-17,6.7757
2022-08-18,6.7924999999999995
2022-08-19,6.8088
2022-08-22,6.8384
2022-08-23,6.851
2022-08-24,6.8654
2022-08-25,6.850300000000001
2022-08-26,6.862099999999999
2022-08-29,6.921
2022-08-30,6.898
2022-08-31,6.890499999999999
2022-09-01,6.899
2022-09-02,6.9028
2022-09-05,6.9366
2022-09-06,6.948499999999999
2022-09-07,6.971500000000001
2022-09-08,6.963900000000001
2022-09-09,6.9192
2022-09-13,6.931100000000001
2022-09-14,6.963
2022-09-15,6.977500000000001
2022-09-16,7.0166
2022-09-19,7.017900000000001
2022-09-20,7.0131000000000006
2022-09-21,7.0535000000000005
2022-09-22,7.081
2022-09-23,7.1104
2022-09-26,7.1464
2022-09-27,7.158
2022-09-28,7.2458
2022-09-29,7.2
2022-09-30,7.093100000000001
2022-10-10,7.144
2022-10-11,7.1788
2022-10-12,7.1629
2022-10-13,7.1928
2022-10-14,7.1931
2022-10-17,7.205
2022-10-18,7.1952
2022-10-19,7.2242
2022-10-20,7.237699999999999
2022-10-21,7.2494
2022-10-24,7.261
2022-10-25,7.3084999999999996
2022-10-26,7.182499999999999
2022-10-27,7.208099999999999
2022-10-28,7.256499999999999
2022-10-31,7.2985
2022-11-01,7.2719000000000005
2022-11-02,7.2825
2022-11-03,7.32
2022-11-04,7.270300000000001
2022-11-07,7.240499999999999
2022-11-08,7.262
2022-11-09,7.238
2022-11-10,7.2474
2022-11-11,7.1106
2022-11-14,7.0378
2022-11-15,7.033500000000001
2022-11-16,7.0809
2022-11-17,7.1291
2022-11-18,7.1275
2022-11-21,7.163
2022-11-22,7.1384
2022-11-23,7.1542
2022-11-24,7.1486
2022-11-25,7.161500000000001
2022-11-28,7.1999
2022-11-29,7.166300000000001
2022-11-30,7.141900000000001
2022-12-01,7.0791
2022-12-02,7.038
2022-12-05,6.956099999999999
2022-12-06,7.0009
2022-12-07,6.979
2022-12-08,6.9728
2022-12-09,6.948
2022-12-12,6.975699999999999
2022-12-13,6.9811000000000005
2022-12-14,6.94
2022-12-15,6.969
2022-12-16,6.9716
2022-12-19,6.9747
2022-12-20,6.971500000000001
2022-12-21,6.969900000000001
2022-12-22,6.979299999999999
2022-12-23,6.987
2022-12-26,6.9587
2022-12-27,6.9624999999999995
2022-12-28,6.972499999999999
2022-12-29,6.970899999999999
2022-12-30,6.9514
2023-01-03,6.905
2023-01-04,6.882499999999999
2023-01-05,6.873100000000001
2023-01-06,6.8588
2023-01-09,6.7712
2023-01-10,6.7772
2023-01-11,6.777500000000001
2023-01-12,6.756499999999999
2023-01-13,6.709900000000001
2023-01-16,6.7280999999999995
2023-01-17,6.7652
2023-01-18,6.762300000000001
2023-01-19,6.7738
2023-01-20,6.774
2023-01-30,6.7514
2023-01-31,6.7571
2023-02-01,6.741
2023-02-02,6.722099999999999
2023-02-03,6.746499999999999
2023-02-06,6.7832
2023-02-07,6.7876
2023-02-08,6.7802
2023-02-09,6.781699999999999
2023-02-10,6.799900000000001
2023-02-13,6.827100000000001
2023-02-14,6.8165
2023-02-15,6.8451
2023-02-16,6.8516
2023-02-17,6.8818
2023-02-20,6.855500000000001
2023-02-21,6.8734
2023-02-22,6.8953
2023-02-23,6.8918
2023-02-24,6.9442
2023-02-27,6.964499999999999
2023-02-28,6.9392
2023-03-01,6.8854
2023-03-02,6.9086
2023-03-03,6.9002
2023-03-06,6.9194
2023-03-07,6.9268
2023-03-08,6.9706
2023-03-09,6.969900000000001
2023-03-10,6.965299999999999
2023-03-13,6.900499999999999
2023-03-14,6.8725
2023-03-15,6.899
2023-03-16,6.9018
2023-03-17,6.876499999999999
2023-03-20,6.8931000000000004
2023-03-21,6.8738
2023-03-22,6.890300000000001
2023-03-23,6.828899999999999
2023-03-24,6.865500000000001
2023-03-27,6.882
2023-03-28,6.884499999999999
2023-03-29,6.888300000000001
2023-03-30,6.878099999999999
2023-03-31,6.8713
2023-04-03,6.890499999999999
2023-04-04,6.8802
2023-04-06,6.880700000000001
2023-04-07,6.8754
2023-04-10,6.874
2023-04-11,6.8847000000000005
2023-04-12,6.8832
2023-04-13,6.8721
2023-04-14,6.849500000000001
2023-04-17,6.8717
2023-04-18,6.874899999999999
2023-04-19,6.8966
2023-04-20,6.8796
2023-04-21,6.8898
2023-04-24,6.898499999999999
2023-04-25,6.916300000000001
2023-04-26,6.920700000000001
2023-04-27,6.923100000000001
2023-04-28,6.9284
2023-05-04,6.9162
2023-05-05,6.9114
2023-05-08,6.9166
2023-05-09,6.9275
2023-05-10,6.922899999999999
2023-05-11,6.9396
2023-05-12,6.9506
2023-05-15,6.9525
2023-05-16,6.964099999999999
2023-05-17,6.998499999999999
2023-05-18,7.0294
2023-05-19,7.0235
2023-05-22,7.0304
2023-05-23,7.0504999999999995
2023-05-24,7.0418
2023-05-25,7.0686
2023-05-26,7.0547
2023-05-29,7.0787
2023-05-30,7.0901
2023-05-31,7.1065
2023-06-01,7.117900000000001
2023-06-02,7.075
2023-06-05,7.118499999999999
2023-06-06,7.1174
2023-06-07,7.126
2023-06-08,7.1275
2023-06-09,7.124099999999999
2023-06-12,7.1426
2023-06-13,7.1536
2023-06-14,7.1576
2023-06-15,7.155500000000001
2023-06-16,7.1168
2023-06-19,7.1583000000000006
2023-06-20,7.1744
2023-06-21,7.1938
2023-06-26,7.221900000000001
2023-06-27,7.2101
2023-06-28,7.245500000000001
2023-06-29,7.242300000000001
2023-06-30,7.262
2023-07-03,7.2466
2023-07-04,7.216099999999999
2023-07-05,7.2444
2023-07-06,7.246499999999999
2023-07-07,7.2336
2023-07-10,7.2331
2023-07-11,7.198499999999999
2023-07-12,7.189900000000001
2023-07-13,7.1602
2023-07-14,7.132499999999999
2023-07-17,7.1702
2023-07-18,7.1716999999999995
2023-07-19,7.2197
2023-07-20,7.181100000000001
2023-07-21,7.179
2023-07-24,7.203100000000001
2023-07-25,7.136499999999999
2023-07-26,7.1514
2023-07-27,7.1404
2023-07-28,7.164499999999999
2023-07-31,7.1465
2023-08-01,7.166300000000001
2023-08-02,7.1792
2023-08-03,7.189500000000001
