指标名称,基础金价:中国黄金
2012-02-17,352.0
2012-02-20,353.0
2012-02-22,356.1
2012-02-23,360.1
2012-02-24,361.0
2012-02-27,360.6
2012-02-28,359.3
2012-02-29,362.9
2012-03-01,350.7
2012-03-02,350.5
2012-03-05,349.3
2012-03-06,347.8
2012-03-07,343.0
2012-03-08,344.1
2012-03-09,347.8
2012-03-12,349.0
2012-03-13,348.0
2012-03-14,343.7
2012-03-15,337.8
2012-03-16,340.7
2012-03-19,340.9
2012-03-20,339.5
2012-03-21,339.5
2012-03-22,338.5
2012-03-23,337.5
2012-03-26,340.1
2012-03-27,344.0
2012-03-28,343.0
2012-03-29,339.0
2012-03-30,339.2
2012-03-31,340.2
2012-04-01,340.2
2012-04-05,332.1
2012-04-06,332.8
2012-04-09,335.2
2012-04-10,337.5
2012-04-11,337.9
2012-04-12,338.4
2012-04-13,340.9
2012-04-16,337.1
2012-04-17,336.5
2012-04-18,336.8
2012-04-19,335.1
2012-04-20,335.3
2012-04-23,335.3
2012-04-24,334.5
2012-04-25,335.0
2012-04-26,335.4
2012-04-27,337.3
2012-04-28,338.5
2012-05-02,337.5
2012-05-03,335.8
2012-05-04,334.0
2012-05-07,334.1
2012-05-08,333.9
2012-05-09,326.2
2012-05-10,325.6
2012-05-11,324.3
2012-05-14,323.6
2012-05-15,318.5
2012-05-16,316.5
2012-05-17,316.8
2012-05-18,322.6
2012-05-21,326.5
2012-05-22,325.8
2012-05-23,319.8
2012-05-24,319.8
2012-05-25,319.2
2012-05-28,323.8
2012-05-29,323.5
2012-05-30,319.0
2012-05-31,321.7
2012-06-01,320.6
2012-06-04,332.9
2012-06-05,332.4
2012-06-06,333.8
2012-06-07,332.8
2012-06-08,323.0
2012-06-11,329.1
2012-06-12,327.8
2012-06-13,331.0
2012-06-14,332.6
2012-06-15,333.7
2012-06-18,333.0
2012-06-19,333.7
2012-06-20,332.5
2012-06-21,329.1
2012-06-25,323.9
2012-06-26,326.0
2012-06-27,323.7
2012-06-28,323.5
2012-06-29,321.8
2012-07-02,326.5
2012-07-03,328.0
2012-07-04,331.5
2012-07-05,331.7
2012-07-06,330.0
2012-07-09,325.8
2012-07-10,326.5
2012-07-11,324.6
2012-07-12,323.5
2012-07-13,323.7
2012-07-16,326.9
2012-07-17,328.0
2012-07-18,326.5
2012-07-19,325.2
2012-07-20,326.1
2012-07-23,325.5
2012-07-24,325.0
2012-07-25,326.5
2012-07-26,330.2
2012-07-27,332.0
2012-07-30,333.1
2012-07-31,333.1
2012-08-01,331.3
2012-08-02,329.5
2012-08-03,328.0
2012-08-06,330.3
2012-08-07,331.5
2012-08-08,331.4
2012-08-09,331.8
2012-08-10,331.8
2012-08-13,333.0
2012-08-14,331.5
2012-08-15,329.4
2012-08-16,330.1
2012-08-17,331.7
2012-08-20,332.5
2012-08-21,332.6
2012-08-22,336.0
2012-08-23,340.5
2012-08-24,341.5
2012-08-27,343.5
2012-08-28,340.5
2012-08-29,341.5
2012-08-30,339.8
2012-08-31,339.5
2012-09-03,346.0
2012-09-04,346.8
2012-09-05,346.6
2012-09-06,347.0
2012-09-07,346.5
2012-09-10,355.0
2012-09-11,353.6
2012-09-12,354.5
2012-09-13,353.3
2012-09-14,361.8
2012-09-17,361.9
2012-09-18,358.0
2012-09-19,359.8
2012-09-20,359.3
2012-09-21,360.0
2012-09-24,357.4
2012-09-25,358.8
2012-09-26,358.9
2012-09-27,356.9
2012-09-28,360.4
2012-09-29,360.5
2012-10-08,359.1
2012-10-09,360.5
2012-10-10,358.0
2012-10-11,357.0
2012-10-12,358.4
2012-10-15,353.1
2012-10-16,351.4
2012-10-17,353.9
2012-10-18,353.0
2012-10-19,350.5
2012-10-22,348.0
2012-10-23,348.2
2012-10-24,346.0
2012-10-25,344.3
2012-10-26,345.1
2012-10-29,345.1
2012-10-30,344.8
2012-10-31,344.9
2012-11-01,346.1
2012-11-02,344.8
2012-11-05,338.4
2012-11-06,339.5
2012-11-07,346.2
2012-11-08,346.2
2012-11-09,348.9
2012-11-12,349.0
2012-11-13,346.4
2012-11-14,347.0
2012-11-15,346.4
2012-11-16,345.1
2012-11-19,346.3
2012-11-20,348.3
2012-11-21,347.4
2012-11-22,347.5
2012-11-23,347.2
2012-11-26,350.2
2012-11-27,350.5
2012-11-28,349.0
2012-11-29,345.5
2012-11-30,345.9
2012-12-03,345.0
2012-12-04,343.5
2012-12-05,340.7
2012-12-06,339.7
2012-12-07,341.8
2012-12-10,343.0
2012-12-11,343.3
2012-12-12,344.1
2012-12-13,342.7
2012-12-14,342.0
2012-12-17,341.0
2012-12-18,341.5
2012-12-19,337.0
2012-12-20,335.3
2012-12-21,329.5
2012-12-24,333.1
2012-12-25,334.1
2012-12-26,333.3
2012-12-27,333.9
2012-12-28,335.0
2012-12-31,333.6
2013-01-04,331.7
2013-01-05,333.3
2013-01-06,333.3
2013-01-07,334.4
2013-01-08,332.0
2013-01-09,333.5
2013-01-10,333.4
2013-01-11,336.3
2013-01-14,335.0
2013-01-15,336.5
2013-01-16,338.5
2013-01-17,337.9
2013-01-18,339.0
2013-01-21,339.8
2013-01-22,339.9
2013-01-23,340.7
2013-01-24,338.5
2013-01-25,336.0
2013-01-28,334.8
2013-01-29,334.5
2013-01-30,335.9
2013-01-31,338.4
2013-02-01,335.0
2013-02-04,336.7
2013-02-05,337.5
2013-02-06,337.1
2013-02-07,338.0
2013-02-16,325.2
2013-02-17,325.2
2013-02-18,327.0
2013-02-19,327.4
2013-02-20,326.5
2013-02-21,317.4
2013-02-22,321.5
2013-02-25,322.1
2013-02-26,325.2
2013-02-27,327.0
2013-02-28,325.0
2013-03-01,322.0
2013-03-04,321.0
2013-03-05,320.3
2013-03-06,320.4
2013-03-07,319.9
2013-03-08,317.9
2013-03-11,319.5
2013-03-12,319.5
2013-03-13,321.5
2013-03-14,320.0
2013-03-15,321.0
2013-03-18,321.4
2013-03-19,322.2
2013-03-20,323.1
2013-03-21,322.3
2013-03-22,323.5
2013-03-25,322.7
2013-03-26,321.5
2013-03-27,321.1
2013-03-28,321.8
2013-03-29,319.9
2013-04-01,320.5
2013-04-02,321.3
2013-04-03,314.1
2013-04-07,317.0
2013-04-08,316.5
2013-04-09,315.5
2013-04-10,317.5
2013-04-11,312.2
2013-04-12,312.7
2013-04-15,290.0
2013-04-16,270.5
2013-04-17,275.9
2013-04-18,273.7
2013-04-19,279.8
2013-04-22,288.5
2013-04-23,291.2
2013-04-24,289.0
2013-04-25,298.5
2013-04-26,305.0
2013-04-27,298.0
2013-04-28,298.0
2013-05-02,295.2
2013-05-03,298.0
2013-05-06,298.0
2013-05-07,297.5
2013-05-08,296.5
2013-05-09,298.0
2013-05-10,296.8
2013-05-13,293.0
2013-05-14,294.0
2013-05-15,290.0
2013-05-16,283.7
2013-05-17,281.0
2013-05-20,273.5
2013-05-21,281.7
2013-05-22,282.5
2013-05-23,278.5
2013-05-24,281.0
2013-05-27,280.5
2013-05-28,281.5
2013-05-29,279.5
2013-05-30,280.2
2013-05-31,283.3
2013-06-03,279.2
2013-06-04,281.5
2013-06-05,280.1
2013-06-06,279.1
2013-06-07,281.4
2013-06-08,275.3
2013-06-09,275.3
2013-06-13,277.6
2013-06-14,277.5
2013-06-17,277.9
2013-06-18,277.3
2013-06-19,274.7
2013-06-20,270.2
2013-06-21,261.0
2013-06-24,262.0
2013-06-25,260.4
2013-06-26,254.0
2013-06-27,251.0
2013-06-28,243.7
2013-07-01,252.5
2013-07-02,255.5
2013-07-03,255.0
2013-07-04,255.4
2013-07-05,254.4
2013-07-08,249.5
2013-07-09,255.4
2013-07-10,252.2
2013-07-11,259.5
2013-07-12,259.9
2013-07-15,260.8
2013-07-16,259.4
2013-07-17,260.2
2013-07-18,256.9
2013-07-19,258.5
2013-07-22,264.0
2013-07-23,268.3
2013-07-24,269.1
2013-07-25,265.5
2013-07-26,268.1
2013-07-29,266.0
2013-07-30,266.2
2013-07-31,266.5
2013-08-01,265.8
2013-08-02,262.3
2013-08-05,264.0
2013-08-06,261.5
2013-08-07,256.7
2013-08-08,259.5
2013-08-09,263.1
2013-08-12,266.5
2013-08-13,267.5
2013-08-14,265.4
2013-08-15,268.5
2013-08-16,272.8
2013-08-19,275.9
2013-08-20,273.0
2013-08-21,273.5
2013-08-22,272.2
2013-08-23,273.8
2013-08-26,278.2
2013-08-27,277.7
2013-08-28,281.2
2013-08-29,280.1
2013-08-30,279.9
2013-09-02,277.0
2013-09-03,277.4
2013-09-04,280.5
2013-09-05,277.1
2013-09-06,273.3
2013-09-09,276.5
2013-09-10,276.4
2013-09-11,272.2
2013-09-12,272.2
2013-09-13,265.7
2013-09-16,265.4
2013-09-17,262.0
2013-09-18,258.4
2013-09-22,264.4
2013-09-23,261.9
2013-09-24,263.4
2013-09-25,263.3
2013-09-26,264.8
2013-09-27,262.8
2013-09-29,265.8
2013-09-30,265.5
2013-10-08,263.4
2013-10-09,263.0
2013-10-10,260.1
2013-10-11,258.0
2013-10-12,254.5
2013-10-14,253.9
2013-10-15,254.5
2013-10-16,255.5
2013-10-17,254.9
2013-10-18,261.0
2013-10-21,260.1
2013-10-22,260.3
2013-10-23,264.5
2013-10-24,263.0
2013-10-25,263.7
2013-10-28,265.2
2013-10-29,266.0
2013-10-30,263.8
2013-10-31,263.0
2013-11-01,261.0
2013-11-04,259.7
2013-11-05,259.8
2013-11-06,259.0
2013-11-07,259.4
2013-11-08,257.9
2013-11-11,253.8
2013-11-12,252.1
2013-11-13,250.8
2013-11-14,253.0
2013-11-15,254.1
2013-11-18,254.1
2013-11-19,251.0
2013-11-20,251.7
2013-11-21,247.4
2013-11-22,246.0
2013-11-25,246.1
2013-11-26,247.1
2013-11-27,246.3
2013-11-28,244.5
2013-11-29,245.6
2013-12-02,246.0
2013-12-03,242.3
2013-12-04,242.1
2013-12-05,244.6
2013-12-06,243.1
2013-12-09,243.3
2013-12-10,244.7
2013-12-11,247.1
2013-12-12,246.8
2013-12-13,242.0
2013-12-16,242.9
2013-12-17,244.5
2013-12-18,243.5
2013-12-19,241.3
2013-12-20,236.8
2013-12-23,238.3
2013-12-24,238.3
2013-12-25,238.6
2013-12-26,239.3
2013-12-27,240.5
2013-12-31,238.9
2014-01-01,239.5
2014-01-02,240.5
2014-01-03,242.8
2014-01-06,246.3
2014-01-07,246.8
2014-01-08,243.5
2014-01-09,242.2
2014-01-10,243.6
2014-01-13,246.9
2014-01-14,246.8
2014-01-15,244.8
2014-01-16,244.4
2014-01-17,245.2
2014-01-20,247.5
2014-01-21,247.2
2014-01-22,244.4
2014-01-23,243.2
2014-01-24,247.5
2014-01-26,249.4
2014-01-27,249.6
2014-01-28,247.0
2014-02-10,249.5
2014-02-11,252.3
2014-02-12,252.8
2014-02-13,253.6
2014-02-14,256.1
2014-02-17,261.0
2014-02-18,259.6
2014-02-19,258.6
2014-02-20,258.2
2014-02-21,259.5
2014-02-24,260.0
2014-02-25,262.8
2014-02-26,264.5
2014-02-27,262.2
2014-02-28,263.5
2014-03-03,266.2
2014-03-04,267.3
2014-03-05,264.4
2014-03-06,264.3
2014-03-07,265.9
2014-03-10,263.5
2014-03-11,264.3
2014-03-12,267.8
2014-03-13,271.2
2014-03-14,270.9
2014-03-17,273.1
2014-03-18,270.0
2014-03-19,269.7
2014-03-20,266.0
2014-03-21,266.4
2014-03-24,264.9
2014-03-25,261.2
2014-03-26,261.9
2014-03-27,259.7
2014-03-28,258.6
2014-03-31,259.4
2014-04-01,256.6
2014-04-02,256.3
2014-04-03,258.0
2014-04-04,257.0
2014-04-08,259.7
2014-04-09,261.9
2014-04-10,262.7
2014-04-11,263.3
2014-04-14,265.7
2014-04-15,265.4
2014-04-16,259.7
2014-04-17,260.4
2014-04-18,259.3
2014-04-21,258.1
2014-04-22,258.0
2014-04-23,258.4
2014-04-24,258.4
2014-04-25,260.6
2014-04-28,263.0
2014-04-29,261.3
2014-04-30,261.3
2014-05-04,262.2
2014-05-05,263.6
2014-05-06,263.6
2014-05-07,263.5
2014-05-08,259.6
2014-05-09,259.4
2014-05-12,259.1
2014-05-13,261.0
2014-05-14,260.5
2014-05-15,262.0
2014-05-16,260.4
2014-05-19,260.4
2014-05-20,260.4
2014-05-21,260.6
2014-05-22,260.1
2014-05-23,260.6
2014-05-26,260.6
2014-05-27,260.1
2014-05-28,255.6
2014-05-29,254.6
2014-05-30,253.9
2014-06-03,251.1
2014-06-04,251.4
2014-06-05,251.1
2014-06-06,253.2
2014-06-09,252.6
2014-06-10,252.2
2014-06-11,253.4
2014-06-12,253.4
2014-06-13,255.0
2014-06-16,256.3
2014-06-17,255.6
2014-06-18,254.9
2014-06-19,256.5
2014-06-20,263.7
2014-06-23,263.6
2014-06-24,264.5
2014-06-25,263.4
2014-06-26,264.0
2014-06-27,263.9
2014-06-30,263.4
2014-07-01,264.8
2014-07-02,264.9
2014-07-03,265.0
2014-07-04,264.2
2014-07-07,263.6
2014-07-08,263.6
2014-07-09,263.3
2014-07-10,265.4
2014-07-11,267.8
2014-07-14,267.6
2014-07-15,261.3
2014-07-16,259.9
2014-07-17,260.6
2014-07-18,263.2
2014-07-21,261.9
2014-07-22,262.5
2014-07-23,261.6
2014-07-24,259.6
2014-07-25,258.2
2014-07-28,260.6
2014-07-29,260.6
2014-07-30,259.5
2014-07-31,258.6
2014-08-01,256.5
2014-08-04,258.3
2014-08-05,257.2
2014-08-06,257.2
2014-08-07,259.7
2014-08-08,261.1
2014-08-11,260.1
2014-08-12,259.9
2014-08-13,260.2
2014-08-14,260.7
2014-08-15,260.6
2014-08-18,258.2
2014-08-19,258.1
2014-08-20,257.3
2014-08-21,254.7
2014-08-22,254.0
2014-08-25,254.6
2014-08-26,254.3
2014-08-27,255.2
2014-08-28,255.2
2014-08-29,255.9
2014-09-01,255.3
2014-09-02,255.2
2014-09-03,251.7
2014-09-04,252.1
2014-09-05,250.7
2014-09-09,249.7
2014-09-10,248.3
2014-09-11,247.7
2014-09-12,245.1
2014-09-15,245.1
2014-09-16,246.2
2014-09-17,246.1
2014-09-18,243.5
2014-09-19,243.0
2014-09-22,240.7
2014-09-23,241.9
2014-09-24,242.3
2014-09-25,240.9
2014-09-26,243.4
2014-09-28,242.2
2014-09-29,241.8
2014-09-30,241.9
2014-10-08,241.4
2014-10-09,242.7
2014-10-10,242.4
2014-10-11,243.2
2014-10-13,244.4
2014-10-14,244.6
2014-10-15,243.3
2014-10-16,245.6
2014-10-17,245.1
2014-10-20,244.8
2014-10-21,246.1
2014-10-22,246.6
2014-10-23,245.5
2014-10-24,243.0
2014-10-27,243.1
2014-10-28,242.5
2014-10-29,242.5
2014-10-30,240.0
2014-10-31,236.3
2014-11-03,230.6
2014-11-04,230.7
2014-11-05,229.7
2014-11-06,224.8
2014-11-07,224.8
2014-11-10,232.1
2014-11-11,228.7
2014-11-12,230.6
2014-11-13,229.5
2014-11-14,229.6
2014-11-17,234.7
2014-11-18,234.7
2014-11-19,236.1
2014-11-20,233.8
2014-11-21,235.7
2014-11-24,237.8
2014-11-25,237.8
2014-11-26,237.4
2014-11-27,236.7
2014-11-28,235.3
2014-12-01,228.5
2014-12-02,239.8
2014-12-03,238.4
2014-12-04,240.0
2014-12-05,239.2
2014-12-06,237.7
2014-12-08,237.5
2014-12-09,239.8
2014-12-10,245.3
2014-12-11,245.7
2014-12-12,244.7
2014-12-13,244.5
2014-12-15,243.4
2014-12-16,239.9
2014-12-17,239.8
2014-12-18,240.9
2014-12-19,240.9
2014-12-20,241.0
2014-12-22,241.0
2014-12-23,237.1
2014-12-24,236.9
2014-12-25,237.2
2014-12-26,237.7
2014-12-27,241.1
2014-12-29,240.5
2014-12-30,239.0
2014-12-31,241.0
2015-01-01,238.0
2015-01-04,239.5
2015-01-05,240.0
2015-01-06,242.3
2015-01-07,244.6
2015-01-08,244.1
2015-01-09,243.9
2015-01-10,246.2
2015-01-12,246.0
2015-01-13,248.0
2015-01-14,246.0
2015-01-15,246.2
2015-01-16,252.0
2015-01-17,257.6
2015-01-19,256.7
2015-01-20,256.6
2015-01-21,259.8
2015-01-22,259.5
2015-01-23,260.8
2015-01-26,261.5
2015-01-28,260.1
2015-01-29,258.6
2015-01-30,254.2
2015-02-01,259.7
2015-02-02,258.8
2015-02-03,257.3
2015-02-04,254.8
2015-02-05,257.0
2015-02-06,255.3
2015-02-07,250.3
2015-02-09,250.3
2015-02-10,250.6
2015-02-11,249.7
2015-02-12,247.0
2015-02-13,247.4
2015-02-14,248.5
2015-02-17,248.1
2015-02-20,245.2
2015-02-25,245.1
2015-02-26,244.6
2015-02-27,245.3
2015-02-28,246.3
2015-03-02,248.2
2015-03-03,245.9
2015-03-04,245.0
2015-03-05,244.4
2015-03-06,243.1
2015-03-07,237.5
2015-03-09,237.6
2015-03-10,237.2
2015-03-11,236.4
2015-03-12,233.8
2015-03-13,235.2
2015-03-14,235.1
2015-03-16,234.9
2015-03-17,234.2
2015-03-18,233.0
2015-03-19,236.6
2015-03-20,235.6
2015-03-21,238.4
2015-03-23,237.7
2015-03-24,238.6
2015-03-25,238.7
2015-03-26,240.1
2015-03-27,241.7
2015-03-28,241.6
2015-03-30,240.5
2015-03-31,238.0
2015-04-01,237.7
2015-04-02,240.2
2015-04-03,239.8
2015-04-04,245.0
2015-04-07,240.3
2015-04-08,241.8
2015-04-09,239.8
2015-04-10,239.2
2015-04-11,242.2
2015-04-13,242.1
2015-04-14,241.1
2015-04-15,240.0
2015-04-16,241.7
2015-04-17,240.0
2015-04-18,241.5
2015-04-20,241.1
2015-04-21,239.4
2015-04-22,240.4
2015-04-23,238.1
2015-04-24,238.9
2015-04-25,236.7
2015-04-27,236.6
2015-04-28,240.9
2015-04-29,242.6
2015-04-30,241.6
2015-05-01,238.5
2015-05-04,237.7
2015-05-05,238.5
2015-05-06,239.7
2015-05-07,239.0
2015-05-08,237.6
2015-05-09,238.7
2015-05-11,238.7
2015-05-12,237.8
2015-05-13,239.4
2015-05-14,242.7
2015-05-15,243.8
2015-05-16,245.5
2015-05-18,245.0
2015-05-19,245.5
2015-05-20,242.5
2015-05-21,242.8
2015-05-22,241.8
2015-05-23,240.1
2015-05-25,241.7
2015-05-26,241.9
2015-05-28,238.5
2015-05-29,238.5
2015-06-01,238.8
2015-06-02,238.4
2015-06-03,239.0
2015-06-04,237.4
2015-06-05,236.5
2015-06-07,236.0
2015-06-08,236.2
2015-06-09,235.7
2015-06-10,236.6
2015-06-11,238.2
2015-06-12,237.3
2015-06-15,237.3
2015-06-16,237.9
2015-06-17,237.0
2015-06-18,237.5
2015-06-19,240.4
2015-06-20,240.6
2015-06-23,238.2
2015-06-24,236.6
2015-06-25,236.0
2015-06-26,236.0
2015-06-27,236.4
2015-06-29,236.7
2015-06-30,236.8
2015-07-01,235.7
2015-07-02,234.5
2015-07-03,234.3
2015-07-06,234.8
2015-07-07,234.8
2015-07-08,232.0
2015-07-09,232.7
2015-07-10,233.2
2015-07-13,233.6
2015-07-14,232.5
2015-07-15,232.6
2015-07-16,230.4
2015-07-17,230.4
2015-07-20,223.0
2015-07-21,221.9
2015-07-22,221.0
2015-07-23,221.3
2015-07-24,218.4
2015-07-27,220.8
2015-07-28,220.3
2015-07-29,220.8
2015-07-30,219.9
2015-07-31,218.7
2015-08-03,219.8
2015-08-04,218.0
2015-08-05,218.4
2015-08-06,218.3
2015-08-07,219.2
2015-08-10,220.2
2015-08-11,225.0
2015-08-12,231.5
2015-08-13,232.7
2015-08-14,231.5
2015-08-17,230.9
2015-08-18,232.0
2015-08-19,231.6
2015-08-20,235.5
2015-08-21,241.6
2015-08-24,241.0
2015-08-25,240.5
2015-08-26,236.5
2015-08-27,234.1
2015-08-28,234.1
2015-08-31,235.0
2015-09-01,235.6
2015-09-02,235.0
2015-09-06,233.5
2015-09-07,232.0
2015-09-08,231.8
2015-09-09,232.4
2015-09-10,225.0
2015-09-11,229.5
2015-09-14,229.0
2015-09-15,228.5
2015-09-16,228.6
2015-09-17,231.9
2015-09-18,231.1
2015-09-21,234.5
2015-09-22,234.1
2015-09-23,232.8
2015-09-24,234.7
2015-09-25,237.5
2015-09-28,236.0
2015-09-29,233.3
2015-09-30,231.5
2015-10-01,231.5
2015-10-03,235.6
2015-10-04,235.6
2015-10-05,235.2
2015-10-06,235.5
2015-10-07,238.4
2015-10-08,235.0
2015-10-09,235.2
2015-10-10,237.9
2015-10-12,237.2
2015-10-13,236.3
2015-10-14,240.2
2015-10-15,242.2
2015-10-16,242.0
2015-10-19,240.7
2015-10-20,240.2
2015-10-21,241.7
2015-10-22,239.7
2015-10-23,240.2
2015-10-26,239.5
2015-10-27,239.1
2015-10-28,239.9
2015-10-29,239.0
2015-10-30,235.6
2015-11-02,233.5
2015-11-03,233.0
2015-11-04,230.1
2015-11-05,228.3
2015-11-06,228.5
2015-11-09,225.0
2015-11-10,225.2
2015-11-11,225.5
2015-11-12,225.0
2015-11-13,223.8
2015-11-16,226.2
2015-11-17,224.5
2015-11-18,221.0
2015-11-19,222.6
2015-11-20,223.8
2015-11-23,222.4
2015-11-24,222.1
2015-11-25,223.5
2015-11-26,222.5
2015-11-27,222.5
2015-11-30,219.3
2015-12-01,222.5
2015-12-02,221.7
2015-12-03,218.4
2015-12-04,220.1
2015-12-07,225.0
2015-12-08,223.0
2015-12-09,224.0
2015-12-10,224.1
2015-12-11,223.0
2015-12-14,225.0
2015-12-15,223.5
2015-12-16,223.1
2015-12-17,224.5
2015-12-18,222.2
2015-12-21,224.5
2015-12-22,225.9
2015-12-23,225.7
2015-12-24,225.2
2015-12-25,225.7
2015-12-28,225.6
2015-12-29,225.2
2015-12-30,225.2
2015-12-31,223.9
2016-01-04,224.5
2016-01-05,227.4
2016-01-06,227.7
2016-01-07,235.2
2016-01-08,235.1
2016-01-11,235.4
2016-01-12,233.2
2016-01-13,231.6
2016-01-14,232.8
2016-01-15,230.6
2016-01-18,232.8
2016-01-19,232.3
2016-01-20,232.1
2016-01-21,234.6
2016-01-22,234.2
2016-01-25,234.2
2016-01-26,236.3
2016-01-27,238.5
2016-01-28,238.5
2016-01-29,237.4
2016-02-01,238.2
2016-02-02,240.1
2016-02-03,240.0
2016-02-04,242.5
2016-02-05,244.6
2016-02-15,257.2
2016-02-16,252.8
2016-02-17,253.6
2016-02-18,254.5
2016-02-19,258.1
2016-02-22,257.8
2016-02-23,255.9
2016-02-24,258.2
2016-02-25,260.5
2016-02-26,261.6
2016-02-29,259.5
2016-03-01,263.4
2016-03-02,260.0
2016-03-03,261.8
2016-03-04,265.7
2016-03-07,264.9
2016-03-08,266.7
2016-03-09,263.8
2016-03-10,263.4
2016-03-11,268.0
2016-03-14,263.4
2016-03-15,258.5
2016-03-16,259.3
2016-03-17,263.7
2016-03-18,264.1
2016-03-21,262.3
2016-03-22,261.1
2016-03-23,261.5
2016-03-24,256.0
2016-03-25,256.8
2016-03-28,255.6
2016-03-29,256.6
2016-03-30,260.1
2016-03-31,256.7
2016-04-01,257.4
2016-04-05,256.7
2016-04-06,257.4
2016-04-07,256.8
2016-04-08,259.0
2016-04-11,261.0
2016-04-12,261.9
2016-04-13,262.3
2016-04-14,258.7
2016-04-15,258.1
2016-04-18,259.1
2016-04-19,258.2
2016-04-20,262.7
2016-04-21,261.6
2016-04-22,262.1
2016-04-25,259.5
2016-04-26,260.4
2016-04-27,261.5
2016-04-28,261.5
2016-04-29,267.2
2016-05-03,271.0
2016-05-04,269.7
2016-05-05,269.5
2016-05-06,268.7
2016-05-09,270.1
2016-05-10,266.2
2016-05-11,267.0
2016-05-12,268.2
2016-05-13,267.4
2016-05-16,269.3
2016-05-17,269.3
2016-05-18,269.9
2016-05-19,266.7
2016-05-20,265.6
2016-05-23,265.7
2016-05-24,264.8
2016-05-25,261.1
2016-05-26,261.0
2016-05-27,258.0
2016-05-30,255.9
2016-05-31,258.3
2016-06-01,259.3
2016-06-02,258.9
2016-06-03,258.0
2016-06-06,263.3
2016-06-07,264.4
2016-06-08,265.0
2016-06-09,268.3
2016-06-10,269.6
2016-06-11,270.6
2016-06-12,270.6
2016-06-13,271.2
2016-06-14,272.5
2016-06-15,273.6
2016-06-16,274.2
2016-06-17,272.8
2016-06-20,273.5
2016-06-21,273.9
2016-06-22,270.5
2016-06-23,268.9
2016-06-24,272.3
2016-06-25,280.5
2016-06-27,284.0
2016-06-28,284.1
2016-06-29,283.2
2016-06-30,282.7
2016-07-01,285.2
2016-07-02,288.2
2016-07-04,291.9
2016-07-05,289.4
2016-07-06,295.9
2016-07-07,295.9
2016-07-08,292.2
2016-07-09,294.6
2016-07-11,295.9
2016-07-12,293.5
2016-07-13,288.2
2016-07-14,290.5
2016-07-15,287.4
2016-07-16,288.7
2016-07-18,287.6
2016-07-19,287.7
2016-07-20,288.4
2016-07-21,283.4
2016-07-22,286.7
2016-07-23,285.7
2016-07-25,284.6
2016-07-26,285.3
2016-07-27,284.5
2016-07-28,287.9
2016-07-29,287.9
2016-07-30,289.8
2016-08-01,289.0
2016-08-02,290.0
2016-08-03,291.9
2016-08-04,291.0
2016-08-05,291.7
2016-08-08,287.9
2016-08-09,287.4
2016-08-10,289.4
2016-08-11,288.9
2016-08-12,287.9
2016-08-15,287.5
2016-08-16,288.6
2016-08-17,288.5
2016-08-18,290.0
2016-08-19,289.2
2016-08-20,288.6
2016-08-22,287.7
2016-08-23,287.9
2016-08-24,288.2
2016-08-25,286.0
2016-08-26,285.1
2016-08-28,285.4
2016-08-29,284.8
2016-08-30,285.7
2016-08-31,284.1
2016-09-01,283.5
2016-09-02,283.6
2016-09-07,290.9
2016-09-08,290.2
2016-09-09,289.1
2016-09-10,286.9
2016-09-11,286.9
2016-09-12,287.4
2016-09-13,287.3
2016-09-14,286.2
2016-09-15,286.6
2016-09-18,285.8
2016-09-19,284.2
2016-09-20,284.0
2016-09-21,284.9
2016-09-22,287.7
2016-09-23,288.9
2016-09-26,288.6
2016-09-27,288.7
2016-09-28,286.7
2016-09-29,286.2
2016-09-30,285.7
2016-10-01,286.3
2016-10-02,286.3
2016-10-03,286.3
2016-10-04,286.0
2016-10-05,276.3
2016-10-06,277.0
2016-10-07,271.5
2016-10-08,272.1
2016-10-09,272.1
2016-10-10,274.7
2016-10-11,274.2
2016-10-12,274.0
2016-10-13,273.8
2016-10-14,274.8
2016-10-15,273.7
2016-10-17,273.8
2016-10-18,274.4
2016-10-19,276.0
2016-10-20,277.7
2016-10-21,277.0
2016-10-24,277.2
2016-10-25,278.0
2016-10-26,279.5
2016-10-27,278.7
2016-10-28,279.3
2016-10-31,281.0
2016-11-01,280.6
2016-11-02,282.6
2016-11-03,284.7
2016-11-04,284.8
2016-11-07,283.6
2016-11-08,281.4
2016-11-09,286.2
2016-11-10,283.6
2016-11-11,279.0
2016-11-14,270.0
2016-11-15,273.7
2016-11-16,275.0
2016-11-17,274.8
2016-11-18,271.7
2016-11-21,273.2
2016-11-22,274.3
2016-11-23,273.7
2016-11-24,271.0
2016-11-25,270.0
2016-11-28,272.0
2016-11-29,271.2
2016-11-30,269.6
2016-12-01,264.7
2016-12-02,266.2
2016-12-05,265.7
2016-12-06,266.5
2016-12-07,265.5
2016-12-08,267.2
2016-12-09,266.5
2016-12-12,265.2
2016-12-13,266.1
2016-12-14,265.7
2016-12-15,264.3
2016-12-16,262.9
2016-12-19,263.7
2016-12-20,263.7
2016-12-21,262.5
2016-12-22,261.1
2016-12-23,260.6
2016-12-26,260.7
2016-12-27,262.0
2016-12-28,262.6
2016-12-29,263.4
2016-12-30,266.3
2017-01-03,265.5
2017-01-04,265.6
2017-01-05,265.7
2017-01-06,265.8
2017-01-09,266.1
2017-01-10,267.9
2017-01-11,269.5
2017-01-12,269.9
2017-01-13,270.0
2017-01-16,270.0
2017-01-17,271.3
2017-01-18,272.9
2017-01-19,269.4
2017-01-20,270.0
2017-01-21,271.1
2017-01-22,271.1
2017-01-23,271.5
2017-01-24,271.2
2017-01-25,269.7
2017-01-26,267.9
2017-01-27,267.5
2017-01-28,267.8
2017-01-29,267.8
2017-01-30,268.5
2017-01-31,271.0
2017-02-01,272.8
2017-02-02,274.9
2017-02-03,270.7
2017-02-04,271.7
2017-02-05,271.7
2017-02-06,272.9
2017-02-07,274.1
2017-02-08,276.1
2017-02-09,277.2
2017-02-10,274.2
2017-02-11,276.5
2017-02-13,275.7
2017-02-14,274.7
2017-02-15,274.2
2017-02-16,276.2
2017-02-17,276.6
2017-02-20,276.4
2017-02-21,276.1
2017-02-22,276.8
2017-02-23,276.8
2017-02-24,279.2
2017-02-27,281.3
2017-02-28,280.6
2017-03-01,279.0
2017-03-02,279.3
2017-03-03,277.0
2017-03-06,277.7
2017-03-07,276.5
2017-03-08,275.1
2017-03-09,274.0
2017-03-10,271.5
2017-03-13,272.5
2017-03-14,272.6
2017-03-15,272.3
2017-03-16,276.9
2017-03-17,276.5
2017-03-20,277.8
2017-03-21,277.3
2017-03-22,279.3
2017-03-23,278.8
2017-03-24,278.4
2017-03-25,279.5
2017-03-27,280.9
2017-03-28,281.3
2017-03-29,280.7
2017-03-30,280.5
2017-03-31,279.1
2017-04-01,281.0
2017-04-05,280.8
2017-04-06,281.1
2017-04-07,284.6
2017-04-08,282.2
2017-04-10,281.6
2017-04-11,281.8
2017-04-12,286.5
2017-04-13,287.0
2017-04-14,287.5
2017-04-15,289.4
2017-04-17,288.4
2017-04-18,286.9
2017-04-19,286.8
2017-04-20,286.3
2017-04-21,286.4
2017-04-24,285.9
2017-04-25,284.6
2017-04-26,283.2
2017-04-27,283.5
2017-04-28,282.8
2017-05-02,282.6
2017-05-03,281.6
2017-05-04,279.0
2017-05-05,275.9
2017-05-06,277.0
2017-05-08,276.8
2017-05-09,276.6
2017-05-10,274.9
2017-05-11,274.9
2017-05-12,275.6
2017-05-13,277.0
2017-05-15,276.0
2017-05-16,277.1
2017-05-17,278.5
2017-05-18,281.6
2017-05-19,280.5
2017-05-20,281.5
2017-05-22,277.0
2017-05-23,282.2
2017-05-24,280.6
2017-05-25,281.2
2017-05-26,280.3
2017-05-27,283.5
2017-05-31,281.0
2017-06-01,280.3
2017-06-02,279.3
2017-06-03,282.8
2017-06-05,282.7
2017-06-06,283.2
2017-06-07,284.7
2017-06-08,284.0
2017-06-09,282.1
2017-06-10,280.8
2017-06-12,280.1
2017-06-13,279.5
2017-06-14,280.1
2017-06-15,280.1
2017-06-16,280.1
2017-06-19,278.3
2017-06-20,276.7
2017-06-21,276.7
2017-06-22,278.2
2017-06-23,278.3
2017-06-25,279.9
2017-06-26,279.1
2017-06-27,276.5
2017-06-28,277.1
2017-06-29,276.6
2017-06-30,274.7
2017-07-01,274.8
2017-07-03,273.3
2017-07-04,271.0
2017-07-05,271.5
2017-07-06,271.5
2017-07-07,271.0
2017-07-08,270.4
2017-07-10,268.2
2017-07-11,268.2
2017-07-12,270.0
2017-07-13,270.2
2017-07-14,268.7
2017-07-15,272.0
2017-07-17,271.2
2017-07-18,272.2
2017-07-19,272.4
2017-07-20,272.4
2017-07-21,272.4
2017-07-24,275.1
2017-07-25,274.7
2017-07-26,273.7
2017-07-27,276.0
2017-07-28,275.5
2017-07-29,277.2
2017-07-31,276.7
2017-08-01,276.3
2017-08-02,276.2
2017-08-03,275.5
2017-08-04,276.1
2017-08-05,275.0
2017-08-07,274.5
2017-08-08,274.2
2017-08-09,274.8
2017-08-10,276.0
2017-08-11,277.5
2017-08-12,278.5
2017-08-14,277.8
2017-08-15,275.9
2017-08-16,275.4
2017-08-17,278.2
2017-08-18,278.1
2017-08-21,277.7
2017-08-22,278.5
2017-08-23,277.6
2017-08-24,278.1
2017-08-25,277.7
2017-08-26,278.7
2017-08-28,278.6
2017-08-29,282.2
2017-08-30,280.7
2017-08-31,279.2
2017-09-01,281.0
2017-09-04,281.0
2017-09-05,282.4
2017-09-06,282.8
2017-09-07,282.2
2017-09-08,283.0
2017-09-09,282.7
2017-09-11,282.2
2017-09-12,280.9
2017-09-13,281.2
2017-09-14,280.4
2017-09-15,281.9
2017-09-16,281.2
2017-09-18,280.3
2017-09-19,279.2
2017-09-20,279.8
2017-09-21,278.5
2017-09-22,277.0
2017-09-23,278.2
2017-09-25,277.2
2017-09-26,281.0
2017-09-27,279.7
2017-09-28,277.9
2017-09-29,278.1
2017-09-30,278.5
2017-10-01,278.5
2017-10-02,278.5
2017-10-03,278.5
2017-10-04,278.5
2017-10-05,278.6
2017-10-08,278.6
2017-10-09,277.5
2017-10-10,277.3
2017-10-11,276.9
2017-10-12,277.0
2017-10-13,277.3
2017-10-15,278.2
2017-10-16,277.7
2017-10-17,277.9
2017-10-18,276.9
2017-10-19,275.9
2017-10-20,276.4
2017-10-23,275.3
2017-10-24,276.0
2017-10-25,274.9
2017-10-26,275.4
2017-10-27,274.4
2017-10-28,274.7
2017-10-30,274.4
2017-10-31,274.8
2017-11-01,273.8
2017-11-02,274.4
2017-11-03,274.6
2017-11-06,274.6
2017-11-07,275.3
2017-11-08,275.3
2017-11-09,276.1
2017-11-10,277.2
2017-11-11,276.9
2017-11-13,276.2
2017-11-14,276.0
2017-11-15,275.9
2017-11-16,275.7
2017-11-17,275.6
2017-11-18,278.2
2017-11-20,277.2
2017-11-21,275.9
2017-11-22,276.0
2017-11-23,276.3
2017-11-24,275.9
2017-11-25,276.1
2017-11-27,275.8
2017-11-28,276.9
2017-11-29,276.9
2017-11-30,276.0
2017-12-01,273.9
2017-12-04,273.6
2017-12-05,273.9
2017-12-06,271.9
2017-12-07,271.7
2017-12-08,269.0
2017-12-09,269.1
2017-12-11,268.4
2017-12-12,268.1
2017-12-13,267.9
2017-12-14,270.6
2017-12-15,270.2
2017-12-18,270.5
2017-12-19,271.2
2017-12-20,272.0
2017-12-21,271.3
2017-12-22,271.1
2017-12-25,272.8
2017-12-26,273.0
2017-12-27,273.3
2017-12-28,274.4
2017-12-29,275.0
2018-01-02,276.0
2018-01-03,277.8
2018-01-04,277.8
2018-01-05,277.7
2018-01-08,277.9
2018-01-09,277.9
2018-01-10,277.7
2018-01-11,278.7
2018-01-12,279.1
2018-01-15,280.1
2018-01-16,280.0
2018-01-17,279.8
2018-01-18,277.7
2018-01-19,276.9
2018-01-22,277.5
2018-01-23,277.4
2018-01-24,278.2
2018-01-25,279.7
2018-01-26,278.4
2018-01-29,277.9
2018-01-30,276.0
2018-01-31,275.2
2018-02-01,274.7
2018-02-02,274.7
2018-02-05,273.2
2018-02-06,275.1
2018-02-07,272.0
2018-02-08,269.3
2018-02-09,271.7
2018-02-10,270.0
2018-02-25,273.4
2018-02-26,273.2
2018-02-27,273.1
2018-02-28,271.0
2018-03-01,271.0
2018-03-02,271.6
2018-03-05,272.6
2018-03-06,272.1
2018-03-07,273.6
2018-03-08,272.8
2018-03-09,271.9
2018-03-12,271.7
2018-03-15,272.0
2018-03-16,270.5
2018-03-19,270.0
2018-03-20,270.2
2018-03-21,270.0
2018-03-22,273.1
2018-03-23,274.5
2018-03-26,275.9
2018-03-28,274.2
2018-03-29,271.8
2018-03-30,270.7
2018-04-02,271.4
2018-04-03,273.0
2018-04-04,272.6
2018-04-09,272.7
2018-04-10,273.2
2018-04-11,273.2
2018-04-12,274.9
2018-04-13,273.4
2018-04-16,274.3
2018-04-17,274.2
2018-04-18,274.1
2018-04-19,274.7
2018-04-20,274.3
2018-04-23,272.6
2018-04-25,272.3
2018-04-26,271.9
2018-04-27,271.0
2018-04-28,271.9
2018-05-04,270.7
2018-05-07,271.5
2018-05-08,271.4
2018-05-09,271.2
2018-05-10,271.3
2018-05-11,271.5
2018-05-14,271.5
2018-05-15,270.7
2018-05-16,267.5
2018-05-17,266.8
2018-05-18,266.6
2018-05-21,267.0
2018-05-22,266.9
2018-05-23,267.0
2018-05-24,267.9
2018-05-25,269.4
2018-05-28,269.1
2018-05-29,269.5
2018-05-30,270.6
2018-05-31,270.3
2018-06-01,270.0
2018-06-04,269.2
2018-06-05,268.5
2018-06-06,269.0
2018-06-07,268.6
2018-06-08,268.8
2018-06-11,269.8
2018-06-13,269.1
2018-06-14,269.3
2018-06-15,270.5
2018-06-19,268.2
2018-06-20,267.1
2018-06-22,266.8
2018-06-25,267.9
2018-06-26,268.0
2018-06-28,268.2
2018-06-29,268.1
2018-07-02,268.8
2018-07-03,269.0
2018-07-04,270.0
2018-07-05,269.8
2018-07-06,269.9
2018-07-09,270.3
2018-07-10,269.3
2018-07-11,270.1
2018-07-12,269.8
2018-07-13,269.3
2018-07-16,269.2
2018-07-17,268.5
2018-07-18,267.0
2018-07-19,266.9
2018-07-20,267.5
2018-07-23,269.0
2018-07-24,269.3
2018-07-25,269.4
2018-07-26,269.2
2018-07-27,269.4
2018-07-30,269.5
2018-07-31,269.6
2018-08-01,269.7
2018-08-02,269.1
2018-08-03,268.8
2018-08-06,269.0
2018-08-07,268.5
2018-08-08,267.5
2018-08-09,268.0
2018-08-10,268.3
2018-08-13,268.9
2018-08-14,266.5
2018-08-15,266.6
2018-08-16,262.0
2018-08-20,263.4
2018-08-21,264.4
2018-08-22,265.4
2018-08-23,265.4
2018-08-24,265.1
2018-08-27,266.2
2018-08-28,267.0
2018-08-29,265.9
2018-08-30,266.6
2018-08-31,266.7
2018-09-03,266.1
2018-09-06,265.7
2018-09-07,266.5
2018-09-10,266.1
2018-09-13,266.7
2018-09-14,267.1
2018-09-26,267.7
2018-09-27,267.6
2018-09-28,265.4
2018-09-29,266.2
2018-10-01,266.2
2018-10-04,266.2
2018-10-07,266.2
2018-10-08,267.9
2018-10-10,267.6
2018-10-11,268.5
2018-10-17,274.4
2018-10-18,275.0
2018-10-19,276.0
2018-10-22,275.8
2018-10-23,275.4
2018-10-24,277.8
2018-10-25,278.4
2018-10-26,278.1
2018-10-29,278.2
2018-10-30,277.6
2018-10-31,276.0
2018-11-01,275.0
2018-11-02,276.4
2018-11-05,275.7
2018-11-06,276.0
2018-11-07,275.7
2018-11-08,275.5
2018-11-09,275.0
2018-11-12,272.7
2018-11-13,272.0
2018-11-14,271.2
2018-11-15,272.2
2018-11-16,273.0
2018-11-19,274.8
2018-11-20,274.8
2018-11-21,274.8
2018-11-22,274.8
2018-11-23,275.7
2018-11-26,275.5
2018-11-27,275.5
2018-11-28,274.2
2018-11-29,275.4
2018-11-30,275.6
2018-12-03,275.5
2018-12-04,275.5
2018-12-05,275.1
2018-12-06,276.3
2018-12-07,276.7
2018-12-10,278.7
2018-12-11,279.1
2018-12-12,278.5
2018-12-13,278.0
2018-12-14,278.0
2018-12-17,278.0
2018-12-18,278.0
2018-12-19,278.0
2018-12-20,278.0
2018-12-21,281.5
2018-12-24,282.9
2018-12-25,284.7
2018-12-26,284.6
2018-12-27,284.6
2018-12-28,285.2
2018-12-29,285.5
2019-01-02,285.9
2019-01-03,287.9
2019-01-04,289.6
2019-01-07,278.0
2019-01-08,278.1
2019-01-09,286.2
2019-01-10,286.0
2019-01-11,284.6
2019-01-13,283.5
2019-01-14,286.0
2019-01-15,283.6
2019-01-16,284.0
2019-01-17,284.0
2019-01-18,284.4
2019-01-21,283.4
2019-01-22,282.7
2019-01-23,284.1
2019-01-24,283.5
2019-01-25,283.2
2019-01-28,285.5
2019-01-29,286.4
2019-01-30,287.5
2019-01-31,287.4
2019-02-03,288.2
2019-02-05,288.2
2019-02-07,288.2
2019-02-08,288.2
2019-02-09,288.2
2019-02-11,288.2
2019-02-12,288.5
2019-02-13,288.3
2019-02-14,288.0
2019-02-15,288.4
2019-02-18,290.6
2019-02-19,291.7
2019-02-20,293.6
2019-02-21,292.7
2019-02-22,289.9
2019-02-25,289.4
2019-02-26,289.1
2019-02-27,288.9
2019-02-28,287.0
2019-03-01,286.5
2019-03-04,282.9
2019-03-05,280.9
2019-03-06,280.9
2019-03-07,281.7
2019-03-08,281.9
2019-03-11,284.7
2019-03-12,283.8
2019-03-13,285.2
2019-03-14,285.8
2019-03-15,284.0
2019-03-18,284.5
2019-03-19,285.9
2019-03-20,285.7
2019-03-21,286.7
2019-03-22,286.3
2019-03-25,287.9
2019-03-26,288.8
2019-03-27,288.6
2019-03-28,287.6
2019-03-29,283.5
2019-04-01,283.1
2019-04-02,283.0
2019-04-03,283.3
2019-04-04,283.1
2019-04-08,284.0
2019-04-09,285.1
2019-04-10,285.7
2019-04-11,286.5
2019-04-12,284.5
2019-04-15,282.7
2019-04-16,282.2
2019-04-17,280.6
2019-04-18,279.7
2019-04-19,280.3
2019-04-22,280.9
2019-04-23,280.9
2019-04-24,279.7
2019-04-25,278.1
2019-04-26,281.0
2019-04-28,282.7
2019-04-29,282.3
2019-04-30,281.5
2019-05-05,282.7
2019-05-06,283.3
2019-05-07,283.1
2019-05-08,283.6
2019-05-09,283.7
2019-05-10,284.5
2019-05-13,286.0
2019-05-14,290.2
2019-05-15,289.7
2019-05-16,289.4
2019-05-17,288.0
2019-05-20,287.6
2019-05-21,287.3
2019-05-22,286.9
2019-05-23,287.7
2019-05-24,289.6
2019-05-27,289.2
2019-05-28,288.8
2019-05-29,288.7
2019-05-30,288.7
2019-05-31,291.1
2019-06-03,294.7
2019-06-04,298.0
2019-06-05,297.9
2019-06-06,299.4
2019-06-10,300.0
2019-06-11,299.3
2019-06-12,299.0
2019-06-13,301.0
2019-06-14,303.6
2019-06-17,303.5
2019-06-18,302.9
2019-06-19,302.3
2019-06-20,309.5
2019-06-21,314.4
2019-06-24,314.7
2019-06-25,318.7
2019-06-26,317.0
2019-06-27,315.5
2019-06-28,318.0
2019-07-01,309.9
2019-07-02,310.1
2019-07-03,318.7
2019-07-04,317.7
2019-07-05,317.1
2019-07-08,313.4
2019-07-09,312.5
2019-07-10,312.5
2019-07-11,318.1
2019-07-12,315.3
2019-07-15,316.0
2019-07-16,316.0
2019-07-17,315.0
2019-07-18,318.2
2019-07-19,322.4
2019-07-22,319.1
2019-07-23,318.0
2019-07-24,318.1
2019-07-25,318.3
2019-07-26,317.0
2019-07-29,318.8
2019-07-30,318.9
2019-07-31,320.1
2019-08-01,316.5
2019-08-02,323.2
2019-08-05,331.6
2019-08-06,336.2
2019-08-07,339.8
2019-08-08,344.4
2019-08-09,345.1
2019-08-12,344.7
2019-08-13,348.1
2019-08-14,343.2
2019-08-15,347.9
2019-08-16,348.0
2019-08-19,345.2
2019-08-20,343.7
2019-08-21,344.9
2019-08-22,344.5
2019-08-23,344.6
2019-08-26,358.0
2019-08-27,355.5
2019-08-28,358.0
2019-08-29,358.7
2019-08-30,354.4
2019-09-02,354.6
2019-09-03,355.6
2019-09-04,359.3
2019-09-05,358.4
2019-09-06,351.8
2019-09-09,349.2
2019-09-10,343.7
2019-09-11,345.0
2019-09-12,344.1
2019-09-16,345.4
2019-09-17,344.5
2019-09-18,345.7
2019-09-19,343.7
2019-09-20,346.0
2019-09-23,350.3
2019-09-24,351.1
2019-09-25,353.3
2019-09-26,349.1
2019-09-27,348.2
2019-09-29,344.3
2019-09-30,345.2
2019-10-03,345.7
2019-10-04,345.7
2019-10-05,346.3
2019-10-08,344.5
2019-10-09,348.4
2019-10-10,347.7
2019-10-11,344.2
2019-10-12,341.7
2019-10-14,341.2
2019-10-15,342.2
2019-10-16,340.7
2019-10-17,341.9
2019-10-18,342.3
2019-10-21,341.2
2019-10-22,340.0
2019-10-23,341.1
2019-10-24,341.5
2019-10-25,343.6
2019-10-28,344.3
2019-10-29,341.5
2019-10-30,341.1
2019-10-31,341.3
2019-11-01,344.3
2019-11-04,344.2
2019-11-05,343.1
2019-11-06,336.4
2019-11-07,338.2
2019-11-08,331.3
2019-11-11,331.0
2019-11-12,329.7
2019-11-13,330.8
2019-11-14,332.0
2019-11-15,332.3
2019-11-18,332.5
2019-11-19,334.3
2019-11-20,334.6
2019-11-21,335.4
2019-11-22,333.0
2019-11-25,332.4
2019-11-26,330.4
2019-11-27,332.0
2019-11-28,331.5
2019-11-29,331.3
2019-12-02,332.3
2019-12-03,333.0
2019-12-04,338.0
2019-12-05,337.0
2019-12-06,336.7
2019-12-09,333.0
2019-12-10,333.2
2019-12-11,333.7
2019-12-12,335.5
2019-12-13,331.2
2019-12-16,334.0
2019-12-17,334.2
2019-12-18,334.7
2019-12-19,334.5
2019-12-20,335.1
2019-12-23,335.7
2019-12-24,337.1
2019-12-25,340.2
2019-12-26,339.7
2019-12-27,342.8
2019-12-31,343.4
2020-01-02,343.2
2020-01-03,346.3
2020-01-06,356.0
2020-01-07,351.7
2020-01-08,356.7
2020-01-09,350.2
2020-01-10,347.7
2020-01-13,348.0
2020-01-14,342.3
2020-01-15,345.2
2020-01-16,346.9
2020-01-17,357.1
2020-01-19,346.7
2020-01-20,346.2
2020-01-21,349.5
2020-01-22,347.6
2020-01-23,348.1
2020-01-30,348.1
2020-01-31,354.5
2020-02-03,357.7
2020-02-04,357.7
2020-02-05,352.5
2020-02-06,351.2
2020-02-07,352.2
2020-02-10,354.5
2020-02-11,353.2
2020-02-12,352.6
2020-02-13,354.1
2020-02-14,354.7
2020-02-17,355.9
2020-02-18,357.6
2020-02-19,362.1
2020-02-20,364.0
2020-02-21,369.8
2020-02-24,376.8
2020-02-25,374.5
2020-02-26,371.3
2020-02-27,372.8
2020-02-28,370.5
2020-03-02,360.0
2020-03-03,359.1
2020-03-04,368.0
2020-03-05,366.3
2020-03-06,373.7
2020-03-09,377.7
2020-03-10,371.0
2020-03-11,369.0
2020-03-12,367.0
2020-03-13,352.0
2020-03-16,348.0
2020-03-17,334.0
2020-03-18,343.5
2020-03-19,336.0
2020-03-20,337.0
2020-03-23,339.5
2020-03-24,358.5
2020-03-25,365.0
2020-03-26,363.8
2020-03-27,367.0
2020-03-30,365.5
2020-03-31,364.7
2020-04-01,356.5
2020-04-02,359.5
2020-04-03,364.8
2020-04-07,374.2
2020-04-08,370.5
2020-04-09,370.1
2020-04-10,374.0
2020-04-13,372.5
2020-04-14,377.5
2020-04-15,378.0
2020-04-16,376.0
2020-04-17,374.8
2020-04-20,370.7
2020-04-21,373.3
2020-04-22,374.0
2020-04-23,380.0
2020-04-24,381.0
2020-04-26,382.0
2020-04-27,381.5
2020-04-28,378.0
2020-04-29,379.0
2020-04-30,378.8
2020-05-01,378.8
2020-05-04,378.8
2020-05-05,378.8
2020-05-06,380.8
2020-05-07,379.7
2020-05-08,383.7
2020-05-09,382.0
2020-05-11,382.0
2020-05-12,381.0
2020-05-13,381.7
2020-05-14,383.7
2020-05-15,388.0
2020-05-18,400.0
2020-05-19,393.7
2020-05-20,396.5
2020-05-21,394.5
2020-05-22,390.6
2020-05-25,392.0
2020-05-26,393.2
2020-05-27,390.6
2020-05-28,390.9
2020-05-29,392.0
2020-06-01,395.0
2020-06-02,395.3
2020-06-03,391.7
2020-06-04,388.5
2020-06-05,390.2
2020-06-08,383.3
2020-06-09,385.5
2020-06-10,388.7
2020-06-11,391.0
2020-06-12,391.5
2020-06-15,392.5
2020-06-16,390.5
2020-06-17,390.5
2020-06-18,391.0
2020-06-19,390.5
2020-06-22,396.5
2020-06-23,395.9
2020-06-24,397.5
2020-06-28,397.7
2020-06-29,398.0
2020-06-30,397.5
2020-07-01,399.9
2020-07-02,397.5
2020-07-03,398.3
2020-07-06,398.0
2020-07-07,398.3
2020-07-08,399.7
2020-07-09,401.8
2020-07-10,400.5
2020-07-13,400.8
2020-07-14,400.0
2020-07-15,401.7
2020-07-16,401.0
2020-07-17,397.6
2020-07-20,399.0
2020-07-21,400.5
2020-07-22,411.0
2020-07-23,412.5
2020-07-24,416.0
2020-07-27,426.5
2020-07-28,435.0
2020-07-29,428.0
2020-07-30,428.5
2020-07-31,425.0
2020-08-03,428.5
2020-08-04,429.0
2020-08-05,437.0
2020-08-06,441.0
2020-08-07,448.0
2020-08-10,441.0
2020-08-11,440.0
2020-08-12,404.0
2020-08-13,414.0
2020-08-14,422.0
2020-08-17,422.0
2020-08-18,422.0
2020-08-19,428.0
2020-08-20,416.0
2020-08-21,416.0
2020-08-24,411.5
2020-08-25,414.0
2020-08-26,413.3
2020-08-27,417.3
2020-08-28,416.3
2020-08-31,420.5
2020-09-01,423.5
2020-09-02,420.0
2020-09-03,417.0
2020-09-04,414.5
2020-09-07,415.0
2020-09-08,413.0
2020-09-09,414.0
2020-09-10,417.0
2020-09-11,417.0
2020-09-14,417.0
2020-09-15,417.0
2020-09-16,417.0
2020-09-17,417.0
2020-09-18,417.0
2020-09-21,417.0
2020-09-22,417.0
2020-09-23,417.0
2020-09-24,417.0
2020-09-25,398.0
2020-09-27,400.0
2020-09-28,399.0
2020-09-29,404.5
2020-09-30,405.5
2020-10-01,405.5
2020-10-02,406.0
2020-10-05,406.0
2020-10-06,407.5
2020-10-07,407.5
2020-10-08,407.5
2020-10-09,405.5
2020-10-12,409.5
2020-10-13,407.5
2020-10-14,401.4
2020-10-15,402.0
2020-10-16,404.4
2020-10-19,402.0
2020-10-20,401.8
2020-10-21,404.6
2020-10-22,403.4
2020-10-23,402.5
2020-10-26,401.4
2020-10-27,404.3
2020-10-28,404.6
2020-10-29,399.3
2020-10-30,397.3
2020-11-02,399.5
2020-11-03,401.9
2020-11-04,404.3
2020-11-05,403.5
2020-11-06,408.0
2020-11-09,409.0
2020-11-10,395.0
2020-11-11,395.0
2020-11-12,394.5
2020-11-13,396.5
2020-11-16,398.0
2020-11-17,396.0
2020-11-18,394.0
2020-11-19,393.0
2020-11-20,391.7
2020-11-23,391.6
2020-11-24,382.5
2020-11-25,379.9
2020-11-26,379.3
2020-11-27,379.5
2020-12-01,373.0
2020-12-02,377.2
2020-12-03,382.5
2020-12-04,383.9
2020-12-07,381.7
2020-12-08,387.4
2020-12-09,387.4
2020-12-10,382.5
2020-12-11,382.5
2020-12-14,381.9
2020-12-15,381.8
2020-12-16,387.2
2020-12-17,387.5
2020-12-18,391.3
2020-12-21,395.5
2020-12-22,393.3
2020-12-23,390.5
2020-12-24,391.2
2020-12-25,392.0
2020-12-28,395.6
2020-12-29,392.4
2020-12-30,391.6
2020-12-31,393.0
2021-01-04,399.0
2021-01-05,399.8
2021-01-06,401.7
2021-01-07,396.5
2021-01-08,396.5
2021-01-11,383.4
2021-01-12,386.2
2021-01-13,386.8
2021-01-14,384.2
2021-01-15,386.0
2021-01-18,382.2
2021-01-20,385.6
2021-01-21,388.6
2021-01-22,389.5
2021-01-25,387.5
2021-01-26,387.6
2021-01-27,384.5
2021-01-28,384.0
2021-01-29,383.6
2021-02-01,388.2
2021-02-02,388.3
2021-02-03,383.5
2021-02-04,379.5
2021-02-05,375.0
2021-02-07,379.0
2021-02-08,377.3
2021-02-09,382.6
2021-02-10,382.5
2021-02-22,373.3
2021-02-23,378.7
2021-02-24,377.7
2021-02-25,374.0
2021-02-26,370.5
2021-03-01,366.2
2021-03-02,358.1
2021-03-03,362.3
2021-03-04,358.4
2021-03-05,354.9
2021-03-08,360.0
2021-03-09,356.8
2021-03-10,361.7
2021-03-11,365.1
2021-03-12,361.4
2021-03-15,364.1
2021-03-16,364.5
2021-03-17,365.1
2021-03-18,368.2
2021-03-19,365.5
2021-03-22,366.6
2021-03-23,365.6
2021-03-24,366.0
2021-03-25,367.1
2021-03-26,364.9
2021-03-29,366.3
2021-03-30,362.5
2021-03-31,356.1
2021-04-01,363.5
2021-04-02,368.5
2021-04-06,368.2
2021-04-07,367.5
2021-04-08,368.1
2021-04-09,371.2
2021-04-12,368.8
2021-04-13,367.3
2021-04-14,369.2
2021-04-15,367.9
2021-04-16,372.5
2021-04-19,375.5
2021-04-20,372.5
2021-04-21,374.8
2021-04-22,376.2
2021-04-23,374.8
2021-04-25,373.3
2021-04-26,372.6
2021-04-27,372.7
2021-04-28,371.4
2021-04-29,372.2
2021-04-30,369.7
2021-05-06,374.7
2021-05-07,379.8
2021-05-08,381.0
2021-05-10,380.6
2021-05-11,381.0
2021-05-12,379.5
2021-05-13,379.4
2021-05-14,379.5
2021-05-17,385.3
2021-05-18,388.7
2021-05-19,387.6
2021-05-20,390.2
2021-05-21,390.0
2021-05-24,391.2
2021-05-25,388.8
2021-05-26,393.7
2021-05-27,390.8
2021-05-28,389.6
2021-05-31,391.8
2021-06-01,393.0
2021-06-02,389.3
2021-06-03,389.2
2021-06-04,377.9
2021-06-07,384.6
2021-06-08,386.2
2021-06-09,386.3
2021-06-10,384.8
2021-06-11,387.8
2021-06-15,380.6
2021-06-16,381.1
2021-06-17,375.8
2021-06-18,371.0
2021-06-21,369.9
2021-06-22,372.8
2021-06-23,372.3
2021-06-24,370.9
2021-06-25,370.4
2021-06-28,370.6
2021-06-29,369.7
2021-06-30,367.0
2021-07-01,370.4
2021-07-02,371.3
2021-07-05,372.8
2021-07-06,374.7
2021-07-07,375.6
2021-07-08,375.5
2021-07-09,376.4
2021-07-12,376.2
2021-07-13,376.8
2021-07-14,377.8
2021-07-15,380.0
2021-07-16,380.6
2021-07-19,378.4
2021-07-20,379.3
2021-07-21,377.0
2021-07-22,374.9
2021-07-23,375.9
2021-07-26,377.0
2021-07-27,375.3
2021-07-28,378.4
2021-07-29,379.1
2021-07-30,380.5
2021-08-02,377.4
2021-08-03,377.0
2021-08-04,377.6
2021-08-05,377.1
2021-08-06,375.0
2021-08-09,363.5
2021-08-10,363.1
2021-08-11,362.0
2021-08-12,365.8
2021-08-13,366.7
2021-08-16,372.0
2021-08-17,372.8
2021-08-18,374.2
2021-08-19,373.1
2021-08-20,374.0
2021-08-23,374.0
2021-08-24,376.5
2021-08-25,375.0
2021-08-26,374.0
2021-08-27,375.5
2021-08-30,378.0
2021-08-31,377.8
2021-09-01,377.4
2021-09-02,377.4
2021-09-03,377.3
2021-09-06,380.2
2021-09-07,379.7
2021-09-08,375.1
2021-09-09,372.6
2021-09-10,373.7
2021-09-13,373.0
2021-09-14,372.7
2021-09-15,374.8
2021-09-16,372.7
2021-09-17,366.5
2021-09-18,368.0
2021-09-22,372.4
2021-09-23,369.0
2021-09-24,366.4
2021-09-26,367.5
2021-09-27,368.0
2021-09-28,366.0
2021-09-29,364.1
2021-09-30,362.9
2021-10-08,367.0
2021-10-09,368.0
2021-10-11,366.6
2021-10-12,366.9
2021-10-13,367.3
2021-10-14,371.4
2021-10-15,372.5
2021-10-18,368.0
2021-10-19,367.2
2021-10-20,365.9
2021-10-21,368.7
2021-10-22,368.8
2021-10-25,369.5
2021-10-26,371.0
2021-10-27,368.0
2021-10-28,370.9
2021-10-29,370.4
2021-11-01,368.8
2021-11-02,369.4
2021-11-03,367.4
2021-11-04,366.8
2021-11-05,370.5
2021-11-08,375.2
2021-11-09,375.3
2021-11-10,376.9
2021-11-11,382.1
2021-11-12,380.0
2021-11-15,381.1
2021-11-16,382.6
2021-11-17,380.9
2021-11-18,383.5
2021-11-19,382.8
2021-11-22,379.4
2021-11-23,372.7
2021-11-24,369.7
2021-11-25,369.5
2021-11-26,370.4
2021-11-29,370.0
2021-11-30,367.7
2021-12-01,365.3
2021-12-02,366.4
2021-12-03,365.7
2021-12-06,367.5
2021-12-07,366.9
2021-12-08,367.9
2021-12-09,366.0
2021-12-10,366.4
2021-12-13,367.6
2021-12-14,367.6
2021-12-15,364.8
2021-12-16,367.0
2021-12-17,371.1
2021-12-20,371.2
2021-12-21,369.4
2021-12-22,368.5
2021-12-23,371.7
2021-12-24,372.9
2021-12-27,372.5
2021-12-28,372.4
2021-12-29,371.9
2021-12-30,370.7
2021-12-31,374.0
2022-01-04,371.5
2022-01-05,373.3
2022-01-06,371.7
2022-01-07,368.6
2022-01-10,368.7
2022-01-11,371.2
2022-01-12,373.7
2022-01-13,374.2
2022-01-14,374.7
2022-01-17,372.3
2022-01-18,372.7
2022-01-19,371.5
2022-01-20,376.6
2022-01-21,376.6
2022-01-24,375.1
2022-01-25,375.8
2022-01-26,376.8
2022-01-27,371.2
2022-01-28,368.6
2022-02-07,371.0
2022-02-08,373.5
2022-02-09,375.0
2022-02-10,376.2
2022-02-11,374.6
2022-02-14,379.8
2022-02-15,383.9
2022-02-16,378.3
2022-02-17,381.0
2022-02-18,385.4
2022-02-21,386.3
2022-02-22,389.7
2022-02-23,386.9
2022-02-24,391.5
2022-02-25,389.7
2022-02-28,387.9
2022-03-01,387.0
2022-03-02,393.1
2022-03-03,392.5
2022-03-04,394.8
2022-03-07,404.5
2022-03-08,402.9
2022-03-09,416.9
2022-03-10,401.5
2022-03-11,405.0
2022-03-14,402.7
2022-03-15,396.8
2022-03-16,391.4
2022-03-17,394.8
2022-03-18,395.0
2022-03-21,394.3
2022-03-22,396.5
2022-03-23,394.7
2022-03-24,398.2
2022-03-25,401.5
2022-03-28,399.6
2022-03-29,395.0
2022-03-30,394.1
2022-03-31,394.0
2022-04-01,395.5
2022-04-02,395.0
2022-04-11,398.4
2022-04-12,400.8
2022-04-13,402.8
2022-04-14,403.4
2022-04-15,404.5
2022-04-18,405.8
2022-04-19,404.5
2022-04-20,399.9
2022-04-21,403.0
2022-04-22,405.0
2022-04-24,403.5
2022-04-25,404.1
2022-04-26,399.5
2022-04-27,400.3
2022-04-28,398.3
2022-04-29,406.0
2022-05-05,404.0
2022-05-06,402.7
2022-05-07,404.0
2022-05-09,404.3
2022-05-10,402.1
2022-05-11,398.4
2022-05-12,402.6
2022-05-13,399.5
2022-05-16,396.5
2022-05-17,398.0
2022-05-18,394.0
2022-05-19,395.7
2022-05-20,397.7
2022-05-23,398.7
2022-05-24,397.6
2022-05-25,399.5
2022-05-26,400.0
2022-05-27,402.4
2022-05-30,399.2
2022-05-31,398.2
2022-06-01,396.0
2022-06-02,398.4
2022-06-06,397.8
2022-06-07,395.7
2022-06-08,397.4
2022-06-09,399.3
2022-06-10,397.6
2022-06-13,403.9
2022-06-14,396.2
2022-06-15,393.5
2022-06-16,395.4
2022-06-17,397.6
2022-06-20,396.9
2022-06-21,396.4
2022-06-22,395.6
2022-06-23,396.0
2022-06-24,393.9
2022-06-27,395.4
2022-06-28,393.8
2022-06-29,393.5
2022-06-30,392.5
2022-07-01,388.8
2022-07-04,390.9
2022-07-05,390.5
2022-07-06,382.9
2022-07-07,377.6
2022-07-08,376.7
2022-07-11,377.0
2022-07-12,376.8
2022-07-13,375.0
2022-07-14,376.2
2022-07-15,373.4
2022-07-18,374.0
2022-07-19,372.3
2022-07-20,373.3
2022-07-21,369.9
2022-07-22,374.6
2022-07-25,376.8
2022-07-26,376.2
2022-07-27,375.5
2022-07-28,379.0
2022-07-29,383.6
2022-08-01,384.8
2022-08-02,388.3
2022-08-03,385.9
2022-08-04,386.6
2022-08-05,390.0
2022-08-08,387.7
2022-08-09,389.9
2022-08-10,391.3
2022-08-11,388.9
2022-08-12,389.5
2022-08-15,391.9
2022-08-16,390.7
2022-08-17,389.4
2022-08-18,387.1
2022-08-19,386.4
2022-08-22,385.9
2022-08-23,386.5
2022-08-24,388.2
2022-08-25,389.7
2022-08-26,390.2
2022-08-29,387.8
2022-08-30,389.9
2022-08-31,387.0
2022-09-01,383.9
2022-09-02,382.4
2022-09-05,386.5
2022-09-06,388.8
2022-09-07,386.3
2022-09-08,389.2
2022-09-09,389.0
2022-09-13,389.2
2022-09-14,387.1
2022-09-15,386.2
2022-09-16,383.7
2022-09-19,385.0
2022-09-20,386.3
2022-09-21,385.4
2022-09-22,385.7
2022-09-23,387.7
2022-09-26,384.6
2022-09-27,384.8
2022-09-28,386.7
2022-09-29,389.8
2022-09-30,389.9
2022-10-01,390.5
2022-10-08,398.5
2022-10-09,398.5
2022-10-10,393.8
2022-10-11,392.8
2022-10-12,392.3
2022-10-13,392.7
2022-10-14,392.3
2022-10-17,392.3
2022-10-18,390.9
2022-10-19,391.5
2022-10-20,388.5
2022-10-21,389.1
2022-10-24,392.7
2022-10-25,393.9
2022-10-26,394.3
2022-10-27,393.0
2022-10-28,393.7
2022-10-31,391.1
2022-11-01,392.3
2022-11-02,392.8
2022-11-03,391.8
2022-11-04,391.4
2022-11-07,394.6
2022-11-08,395.7
2022-11-09,403.0
2022-11-10,404.4
2022-11-11,409.2
2022-11-15,405.4
2022-11-16,406.6
2022-11-17,407.2
2022-11-18,407.4
2022-11-21,404.9
2022-11-22,404.7
2022-11-23,404.5
2022-11-24,406.5
2022-11-25,407.5
2022-11-28,407.6
2022-11-29,406.6
2022-11-30,405.5
2022-12-01,406.2
2022-12-02,409.4
2022-12-05,407.3
2022-12-06,402.0
2022-12-07,401.6
2022-12-08,402.5
2022-12-09,404.1
2022-12-12,404.0
2022-12-13,403.5
2022-12-14,407.9
2022-12-15,404.6
2022-12-16,402.6
2022-12-19,405.7
2022-12-20,405.4
2022-12-21,409.2
2022-12-22,410.0
2022-12-23,406.9
2022-12-30,409.7
2023-01-03,410.4
2023-01-04,412.6
2023-01-05,414.0
2023-01-06,409.5
2023-01-07,413.2
2023-01-08,413.2
2023-01-09,414.1
2023-01-10,413.2
2023-01-11,414.7
2023-01-12,414.3
2023-01-13,414.5
2023-01-16,418.1
2023-01-17,418.7
2023-01-18,418.0
2023-01-19,418.7
2023-01-20,422.8
2023-01-21,423.0
2023-01-22,423.0
2023-01-23,423.5
2023-01-24,424.0
2023-01-25,423.5
2023-01-26,426.5
2023-01-27,422.5
2023-01-28,421.5
2023-01-29,421.5
2023-01-30,422.2
2023-01-31,418.8
2023-02-01,421.2
2023-02-02,424.6
2023-02-03,419.3
2023-02-04,414.5
2023-02-05,414.5
2023-02-06,414.2
2023-02-07,412.9
2023-02-08,412.9
2023-02-09,413.5
2023-02-10,410.6
2023-02-12,413.5
2023-02-13,413.2
2023-02-14,412.2
2023-02-15,413.7
2023-02-16,412.3
2023-02-17,411.6
2023-02-19,413.5
2023-02-20,413.4
2023-02-21,413.0
2023-02-22,413.8
2023-02-23,412.7
2023-02-24,414.0
2023-02-27,413.1
2023-02-28,413.5
2023-03-01,414.7
2023-03-02,414.4
2023-03-03,415.8
2023-03-05,419.0
2023-03-06,419.4
2023-03-07,419.8
2023-03-08,415.5
2023-03-09,415.1
2023-03-10,417.5
2023-03-12,422.8
2023-03-13,422.1
2023-03-14,426.6
2023-03-15,426.4
2023-03-16,431.0
2023-03-17,432.3
2023-03-19,446.6
2023-03-20,445.2
2023-03-21,442.9
2023-03-22,434.0
2023-03-23,438.6
2023-03-24,440.9
2023-03-26,438.7
2023-03-27,438.5
2023-03-28,435.8
2023-03-29,438.1
2023-03-30,436.8
2023-03-31,438.9
2023-04-02,437.5
2023-04-03,434.6
2023-04-04,439.8
2023-04-05,448.0
2023-04-06,445.8
2023-04-07,446.1
2023-04-09,445.6
2023-04-10,441.2
2023-04-11,443.2
2023-04-12,447.4
2023-04-13,446.9
2023-04-14,450.8
2023-04-16,443.1
2023-04-17,444.1
2023-04-18,443.5
2023-04-19,444.7
2023-04-20,442.8
2023-04-21,444.7
2023-04-23,441.1
2023-04-24,441.0
2023-04-25,444.0
2023-04-26,445.3
2023-04-27,446.3
2023-04-28,443.8
2023-04-29,442.5
2023-04-30,442.5
2023-05-01,444.0
2023-05-02,444.3
2023-05-03,450.2
2023-05-04,453.0
2023-05-05,455.5
2023-05-06,448.6
2023-05-07,448.6
2023-05-08,449.8
2023-05-09,451.0
2023-05-10,453.0
2023-05-11,453.9
2023-05-12,450.0
2023-05-15,451.9
2023-05-16,452.2
2023-05-17,448.7
2023-05-18,448.2
2023-05-19,445.9
2023-05-21,448.3
2023-05-22,448.4
2023-05-23,446.3
2023-05-24,449.2
2023-05-25,446.3
2023-05-26,444.2
2023-05-28,444.5
2023-05-29,443.8
2023-05-30,444.9
2023-05-31,448.3
2023-06-01,449.6
2023-06-02,451.8
2023-06-04,446.5
2023-06-05,445.9
2023-06-06,448.9
2023-06-07,450.7
2023-06-08,448.1
2023-06-09,450.5
2023-06-11,450.7
2023-06-12,450.4
2023-06-13,451.8
2023-06-14,449.6
2023-06-15,447.3
2023-06-16,450.5
2023-06-18,449.3
2023-06-19,450.4
2023-06-20,450.7
2023-06-21,449.6
2023-06-22,447.7
2023-06-23,449.5
2023-06-25,447.5
2023-06-26,448.1
2023-06-27,447.8
2023-06-28,446.8
2023-06-29,447.2
2023-06-30,448.6
2023-07-02,450.8
2023-07-03,448.9
2023-07-04,450.0
2023-07-05,450.2
2023-07-06,450.3
2023-07-07,448.8
2023-07-09,450.0
2023-07-10,450.9
2023-07-11,450.5
