指标名称,期货结算价(活跃合约):COMEX铜
2010-01-04,3.406
2010-01-05,3.4135
2010-01-06,3.4945
2010-01-07,3.427
2010-01-08,3.4005
2010-01-11,3.441
2010-01-12,3.3495
2010-01-13,3.4
2010-01-14,3.3875
2010-01-15,3.366
2010-01-19,3.447
2010-01-20,3.355
2010-01-21,3.295
2010-01-22,3.347
2010-01-25,3.393
2010-01-26,3.3395
2010-01-27,3.2225
2010-01-28,3.098
2010-01-29,3.0525
2010-02-01,3.0835
2010-02-02,3.0895
2010-02-03,2.9735
2010-02-04,2.879
2010-02-05,2.8575
2010-02-08,2.913
2010-02-09,2.987
2010-02-10,2.989
2010-02-11,3.1515
2010-02-12,3.102
2010-02-16,3.2395
2010-02-17,3.259
2010-02-18,3.3055
2010-02-19,3.379
2010-02-22,3.3285
2010-02-23,3.2345
2010-02-24,3.2535
2010-02-25,3.21
2010-02-26,3.284
2010-03-01,3.35
2010-03-02,3.4115
2010-03-03,3.435
2010-03-04,3.3755
2010-03-05,3.4175
2010-03-08,3.4105
2010-03-09,3.4115
2010-03-10,3.368
2010-03-11,3.377
2010-03-12,3.38
2010-03-15,3.315
2010-03-16,3.365
2010-03-17,3.418
2010-03-18,3.3955
2010-03-19,3.3725
2010-03-22,3.3805
2010-03-23,3.379
2010-03-24,3.3455
2010-03-25,3.3805
2010-03-26,3.403
2010-03-29,3.5355
2010-03-30,3.5635
2010-03-31,3.5535
2010-04-01,3.584
2010-04-05,3.6315
2010-04-06,3.617
2010-04-07,3.5975
2010-04-08,3.5865
2010-04-09,3.59
2010-04-12,3.5645
2010-04-13,3.6005
2010-04-14,3.6105
2010-04-15,3.621
2010-04-16,3.5355
2010-04-19,3.518
2010-04-20,3.5355
2010-04-21,3.5575
2010-04-22,3.5065
2010-04-23,3.5305
2010-04-26,3.548
2010-04-27,3.3825
2010-04-28,3.3865
2010-04-29,3.3505
2010-04-30,3.3535
2010-05-03,3.2935
2010-05-04,3.1785
2010-05-05,3.1515
2010-05-06,3.117
2010-05-07,3.1445
2010-05-10,3.228
2010-05-11,3.2065
2010-05-12,3.188
2010-05-13,3.2315
2010-05-14,3.134
2010-05-17,2.932
2010-05-18,3.031
2010-05-19,2.9595
2010-05-20,2.9445
2010-05-21,3.061
2010-05-24,3.1475
2010-05-25,3.042
2010-05-26,3.0805
2010-05-27,3.1585
2010-05-28,3.1045
2010-06-01,3.063
2010-06-02,3.0405
2010-06-03,2.9465
2010-06-04,2.8195
2010-06-07,2.766
2010-06-08,2.7795
2010-06-09,2.85
2010-06-10,2.8625
2010-06-11,2.904
2010-06-14,3.0125
2010-06-15,3.024
2010-06-16,3.0135
2010-06-17,2.924
2010-06-18,2.9015
2010-06-21,2.9595
2010-06-22,3.0105
2010-06-23,2.9545
2010-06-24,3.024
2010-06-25,3.111
2010-06-28,3.0895
2010-06-29,2.9305
2010-06-30,2.9505
2010-07-01,2.877
2010-07-02,2.916
2010-07-06,2.971
2010-07-07,3.015
2010-07-08,3.0155
2010-07-09,3.0535
2010-07-12,3.009
2010-07-13,3.0175
2010-07-14,3.0085
2010-07-15,3.012
2010-07-16,2.9295
2010-07-19,2.938
2010-07-20,3.0015
2010-07-21,3.093
2010-07-22,3.1645
2010-07-23,3.185
2010-07-26,3.223
2010-07-27,3.2065
2010-07-28,3.2455
2010-07-29,3.29
2010-07-30,3.3115
2010-08-02,3.3895
2010-08-03,3.3585
2010-08-04,3.4045
2010-08-05,3.3535
2010-08-06,3.343
2010-08-09,3.354
2010-08-10,3.3125
2010-08-11,3.2755
2010-08-12,3.3055
2010-08-13,3.2725
2010-08-16,3.3005
2010-08-17,3.3585
2010-08-18,3.3705
2010-08-19,3.3395
2010-08-20,3.3115
2010-08-23,3.3125
2010-08-24,3.262
2010-08-25,3.2315
2010-08-26,3.3255
2010-08-27,3.3845
2010-08-30,3.4295
2010-08-31,3.37
2010-09-01,3.4775
2010-09-02,3.4955
2010-09-03,3.5
2010-09-07,3.4705
2010-09-08,3.5005
2010-09-09,3.4435
2010-09-10,3.4065
2010-09-13,3.479
2010-09-14,3.4685
2010-09-15,3.4665
2010-09-16,3.4935
2010-09-17,3.522
2010-09-20,3.5045
2010-09-21,3.481
2010-09-22,3.565
2010-09-23,3.5905
2010-09-24,3.618
2010-09-27,3.597
2010-09-28,3.637
2010-09-29,3.6615
2010-09-30,3.6515
2010-10-01,3.6905
2010-10-04,3.664
2010-10-05,3.7265
2010-10-06,3.753
2010-10-07,3.6795
2010-10-08,3.7745
2010-10-11,3.7895
2010-10-12,3.7895
2010-10-13,3.8205
2010-10-14,3.8155
2010-10-15,3.839
2010-10-18,3.855
2010-10-19,3.7575
2010-10-20,3.7935
2010-10-21,3.7815
2010-10-22,3.797
2010-10-25,3.863
2010-10-26,3.869
2010-10-27,3.7755
2010-10-28,3.7875
2010-10-29,3.7335
2010-11-01,3.785
2010-11-02,3.839
2010-11-03,3.785
2010-11-04,3.912
2010-11-05,3.9485
2010-11-08,3.9565
2010-11-09,4.043
2010-11-10,3.969
2010-11-11,4.0295
2010-11-12,3.898
2010-11-15,3.9245
2010-11-16,3.731
2010-11-17,3.734
2010-11-18,3.8385
2010-11-19,3.8425
2010-11-22,3.762
2010-11-23,3.711
2010-11-24,3.7665
2010-11-26,3.7625
2010-11-29,3.7675
2010-11-30,3.8255
2010-12-01,3.9475
2010-12-02,3.979
2010-12-03,3.999
2010-12-06,4.008
2010-12-07,4.0495
2010-12-08,4.1005
2010-12-09,4.087
2010-12-10,4.112
2010-12-13,4.207
2010-12-14,4.209
2010-12-15,4.1325
2010-12-16,4.116
2010-12-17,4.159
2010-12-20,4.206
2010-12-21,4.276
2010-12-22,4.275
2010-12-23,4.2585
2010-12-27,4.28
2010-12-28,4.328
2010-12-29,4.3115
2010-12-30,4.3625
2010-12-31,4.447
2011-01-03,4.458
2011-01-04,4.316
2011-01-05,4.364
2011-01-06,4.33
2011-01-07,4.283
2011-01-10,4.265
2011-01-11,4.349
2011-01-12,4.412
2011-01-13,4.378
2011-01-14,4.412
2011-01-18,4.428
2011-01-19,4.37
2011-01-20,4.272
2011-01-21,4.309
2011-01-24,4.349
2011-01-25,4.307
2011-01-26,4.267
2011-01-27,4.339
2011-01-28,4.373
2011-01-31,4.459
2011-02-01,4.547
2011-02-02,4.544
2011-02-03,4.545
2011-02-04,4.58
2011-02-07,4.575
2011-02-08,4.574
2011-02-09,4.566
2011-02-10,4.544
2011-02-11,4.536
2011-02-14,4.629
2011-02-15,4.546
2011-02-16,4.483
2011-02-17,4.497
2011-02-18,4.496
2011-02-22,4.363
2011-02-23,4.292
2011-02-24,4.344
2011-02-25,4.467
2011-02-28,4.497
2011-03-01,4.51
2011-03-02,4.498
2011-03-03,4.49
2011-03-04,4.486
2011-03-07,4.327
2011-03-08,4.339
2011-03-09,4.213
2011-03-10,4.198
2011-03-11,4.208
2011-03-14,4.187
2011-03-15,4.137
2011-03-16,4.198
2011-03-17,4.344
2011-03-18,4.339
2011-03-21,4.286
2011-03-22,4.313
2011-03-23,4.429
2011-03-24,4.425
2011-03-25,4.419
2011-03-28,4.35
2011-03-29,4.347
2011-03-30,4.274
2011-03-31,4.308
2011-04-01,4.259
2011-04-04,4.255
2011-04-05,4.265
2011-04-06,4.37
2011-04-07,4.417
2011-04-08,4.502
2011-04-11,4.46
2011-04-12,4.384
2011-04-13,4.295
2011-04-14,4.304
2011-04-15,4.278
2011-04-18,4.218
2011-04-19,4.249
2011-04-20,4.359
2011-04-21,4.419
2011-04-25,4.324
2011-04-26,4.34
2011-04-27,4.247
2011-04-28,4.262
2011-04-29,4.179
2011-05-02,4.196
2011-05-03,4.253
2011-05-04,4.134
2011-05-05,3.998
2011-05-06,3.976
2011-05-09,4.016
2011-05-10,4.042
2011-05-11,3.914
2011-05-12,3.971
2011-05-13,3.984
2011-05-16,3.991
2011-05-17,4.029
2011-05-18,4.105
2011-05-19,4.053
2011-05-20,4.122
2011-05-23,3.992
2011-05-24,4.013
2011-05-25,4.107
2011-05-26,4.111
2011-05-27,4.186
2011-05-31,4.178
2011-06-01,4.107
2011-06-02,4.085
2011-06-03,4.135
2011-06-06,4.142
2011-06-07,4.15
2011-06-08,4.109
2011-06-09,4.108
2011-06-10,4.056
2011-06-13,4.053
2011-06-14,4.174
2011-06-15,4.139
2011-06-16,4.126
2011-06-17,4.121
2011-06-20,4.093
2011-06-21,4.107
2011-06-22,4.107
2011-06-23,4.057
2011-06-24,4.116
2011-06-27,4.068
2011-06-28,4.108
2011-06-29,4.224
2011-06-30,4.283
2011-07-01,4.303
2011-07-05,4.348
2011-07-06,4.335
2011-07-07,4.397
2011-07-08,4.395
2011-07-11,4.368
2011-07-12,4.392
2011-07-13,4.404
2011-07-14,4.38
2011-07-15,4.413
2011-07-18,4.42
2011-07-19,4.468
2011-07-20,4.436
2011-07-21,4.3835
2011-07-22,4.41
2011-07-25,4.4065
2011-07-26,4.478
2011-07-27,4.447
2011-07-28,4.47
2011-07-29,4.423
2011-08-01,4.41
2011-08-02,4.395
2011-08-03,4.326
2011-08-04,4.237
2011-08-05,4.185
2011-08-08,3.931
2011-08-09,3.97
2011-08-10,3.901
2011-08-11,4.0085
2011-08-12,4.021
2011-08-15,4.041
2011-08-16,4.003
2011-08-17,4.0415
2011-08-18,3.975
2011-08-19,3.991
2011-08-22,3.991
2011-08-23,4.004
2011-08-24,4.005
2011-08-25,4.087
2011-08-26,4.107
2011-08-29,4.098
2011-08-30,4.13
2011-08-31,4.194
2011-09-01,4.1495
2011-09-02,4.1245
2011-09-06,4.056
2011-09-07,4.132
2011-09-08,4.1435
2011-09-09,4.0025
2011-09-12,3.9655
2011-09-13,3.97
2011-09-14,3.898
2011-09-15,3.957
2011-09-16,3.9315
2011-09-19,3.7825
2011-09-20,3.7255
2011-09-21,3.764
2011-09-22,3.4885
2011-09-23,3.366
2011-09-26,3.283
2011-09-27,3.4395
2011-09-28,3.18
2011-09-29,3.246
2011-09-30,3.152
2011-10-03,3.1505
2011-10-04,3.1035
2011-10-05,3.106
2011-10-06,3.2465
2011-10-07,3.2735
2011-10-10,3.368
2011-10-11,3.272
2011-10-12,3.3935
2011-10-13,3.307
2011-10-14,3.4085
2011-10-17,3.332
2011-10-18,3.374
2011-10-19,3.2285
2011-10-20,3.0575
2011-10-21,3.223
2011-10-24,3.449
2011-10-25,3.473
2011-10-26,3.49
2011-10-27,3.692
2011-10-28,3.706
2011-10-31,3.632
2011-11-01,3.5025
2011-11-02,3.581
2011-11-03,3.5885
2011-11-04,3.5645
2011-11-07,3.5355
2011-11-08,3.533
2011-11-09,3.441
2011-11-10,3.374
2011-11-11,3.483
2011-11-14,3.507
2011-11-15,3.52
2011-11-16,3.503
2011-11-17,3.401
2011-11-18,3.402
2011-11-21,3.3195
2011-11-22,3.348
2011-11-23,3.2775
2011-11-25,3.284
2011-11-28,3.3715
2011-11-29,3.3905
2011-11-30,3.5755
2011-12-01,3.534
2011-12-02,3.5845
2011-12-05,3.6155
2011-12-06,3.5755
2011-12-07,3.556
2011-12-08,3.5
2011-12-09,3.5575
2011-12-12,3.464
2011-12-13,3.4415
2011-12-14,3.2785
2011-12-15,3.267
2011-12-16,3.331
2011-12-19,3.3085
2011-12-20,3.3695
2011-12-21,3.3945
2011-12-22,3.4155
2011-12-23,3.4695
2011-12-27,3.409
2011-12-28,3.3655
2011-12-29,3.37
2011-12-30,3.436
2012-01-03,3.5285
2012-01-04,3.4345
2012-01-05,3.4265
2012-01-06,3.435
2012-01-09,3.416
2012-01-10,3.513
2012-01-11,3.546
2012-01-12,3.649
2012-01-13,3.637
2012-01-17,3.7295
2012-01-18,3.7525
2012-01-19,3.8005
2012-01-20,3.745
2012-01-23,3.7985
2012-01-24,3.8075
2012-01-25,3.8295
2012-01-26,3.9015
2012-01-27,3.889
2012-01-30,3.8265
2012-01-31,3.79
2012-02-01,3.842
2012-02-02,3.781
2012-02-03,3.9015
2012-02-06,3.8645
2012-02-07,3.876
2012-02-08,3.9095
2012-02-09,3.9785
2012-02-10,3.862
2012-02-13,3.847
2012-02-14,3.823
2012-02-15,3.81
2012-02-16,3.7985
2012-02-17,3.716
2012-02-21,3.8445
2012-02-22,3.8425
2012-02-23,3.814
2012-02-24,3.87
2012-02-27,3.889
2012-02-28,3.9215
2012-02-29,3.8795
2012-03-01,3.9315
2012-03-02,3.903
2012-03-05,3.8595
2012-03-06,3.7375
2012-03-07,3.767
2012-03-08,3.7915
2012-03-09,3.8585
2012-03-12,3.8375
2012-03-13,3.9025
2012-03-14,3.848
2012-03-15,3.8975
2012-03-16,3.878
2012-03-19,3.909
2012-03-20,3.8305
2012-03-21,3.8455
2012-03-22,3.7655
2012-03-23,3.769
2012-03-26,3.8875
2012-03-27,3.88
2012-03-28,3.7925
2012-03-29,3.7965
2012-03-30,3.825
2012-04-02,3.921
2012-04-03,3.919
2012-04-04,3.7905
2012-04-05,3.7955
2012-04-09,3.72
2012-04-10,3.65
2012-04-11,3.6395
2012-04-12,3.7205
2012-04-13,3.627
2012-04-16,3.636
2012-04-17,3.654
2012-04-18,3.6385
2012-04-19,3.636
2012-04-20,3.7065
2012-04-23,3.634
2012-04-24,3.681
2012-04-25,3.7075
2012-04-26,3.7735
2012-04-27,3.825
2012-04-30,3.8295
2012-05-01,3.8435
2012-05-02,3.787
2012-05-03,3.736
2012-05-04,3.721
2012-05-07,3.7735
2012-05-08,3.6775
2012-05-09,3.6595
2012-05-10,3.6905
2012-05-11,3.648
2012-05-14,3.554
2012-05-15,3.5175
2012-05-16,3.478
2012-05-17,3.479
2012-05-18,3.4685
2012-05-21,3.502
2012-05-22,3.487
2012-05-23,3.396
2012-05-24,3.4285
2012-05-25,3.448
2012-05-29,3.462
2012-05-30,3.39
2012-05-31,3.3655
2012-06-01,3.3135
2012-06-04,3.307
2012-06-05,3.289
2012-06-06,3.379
2012-06-07,3.3705
2012-06-08,3.285
2012-06-11,3.343
2012-06-12,3.3355
2012-06-13,3.3395
2012-06-14,3.3545
2012-06-15,3.3905
2012-06-18,3.4025
2012-06-19,3.441
2012-06-20,3.396
2012-06-21,3.3065
2012-06-22,3.315
2012-06-25,3.3255
2012-06-26,3.3205
2012-06-27,3.3565
2012-06-28,3.3315
2012-06-29,3.4965
2012-07-02,3.469
2012-07-03,3.54
2012-07-05,3.493
2012-07-06,3.4095
2012-07-09,3.4315
2012-07-10,3.398
2012-07-11,3.4475
2012-07-12,3.415
2012-07-13,3.504
2012-07-16,3.485
2012-07-17,3.4555
2012-07-18,3.474
2012-07-19,3.5345
2012-07-20,3.448
2012-07-23,3.38
2012-07-24,3.353
2012-07-25,3.3745
2012-07-26,3.3935
2012-07-27,3.426
2012-07-30,3.416
2012-07-31,3.4175
2012-08-01,3.375
2012-08-02,3.2905
2012-08-03,3.3675
2012-08-06,3.389
2012-08-07,3.4405
2012-08-08,3.4215
2012-08-09,3.425
2012-08-10,3.3925
2012-08-13,3.3655
2012-08-14,3.371
2012-08-15,3.361
2012-08-16,3.3935
2012-08-17,3.428
2012-08-20,3.379
2012-08-21,3.461
2012-08-22,3.4605
2012-08-23,3.4985
2012-08-24,3.4895
2012-08-27,3.4825
2012-08-28,3.469
2012-08-29,3.449
2012-08-30,3.447
2012-08-31,3.457
2012-09-04,3.469
2012-09-05,3.529
2012-09-06,3.5165
2012-09-07,3.645
2012-09-10,3.6885
2012-09-11,3.697
2012-09-12,3.6925
2012-09-13,3.71
2012-09-14,3.8325
2012-09-17,3.792
2012-09-18,3.787
2012-09-19,3.814
2012-09-20,3.759
2012-09-21,3.789
2012-09-24,3.7315
2012-09-25,3.7585
2012-09-26,3.71
2012-09-27,3.744
2012-09-28,3.758
2012-10-01,3.7855
2012-10-02,3.801
2012-10-03,3.784
2012-10-04,3.786
2012-10-05,3.778
2012-10-08,3.718
2012-10-09,3.718
2012-10-10,3.718
2012-10-11,3.7515
2012-10-12,3.703
2012-10-15,3.7015
2012-10-16,3.7
2012-10-17,3.748
2012-10-18,3.743
2012-10-19,3.6375
2012-10-22,3.622
2012-10-23,3.5695
2012-10-24,3.568
2012-10-25,3.5505
2012-10-26,3.55
2012-10-29,3.4945
2012-10-30,3.506
2012-10-31,3.5175
2012-11-01,3.552
2012-11-02,3.4815
2012-11-05,3.47
2012-11-06,3.506
2012-11-07,3.4415
2012-11-08,3.4695
2012-11-09,3.4455
2012-11-12,3.468
2012-11-13,3.483
2012-11-14,3.465
2012-11-15,3.4735
2012-11-16,3.4615
2012-11-19,3.5365
2012-11-20,3.5265
2012-11-21,3.5065
2012-11-23,3.539
2012-11-26,3.5485
2012-11-27,3.551
2012-11-28,3.5375
2012-11-29,3.6055
2012-11-30,3.65
2012-12-03,3.6585
2012-12-04,3.6555
2012-12-05,3.6865
2012-12-06,3.6445
2012-12-07,3.663
2012-12-10,3.706
2012-12-11,3.6865
2012-12-12,3.716
2012-12-13,3.66
2012-12-14,3.683
2012-12-17,3.666
2012-12-18,3.6535
2012-12-19,3.6055
2012-12-20,3.536
2012-12-21,3.567
2012-12-24,3.546
2012-12-26,3.5975
2012-12-27,3.601
2012-12-28,3.5895
2012-12-31,3.6525
2013-01-02,3.736
2013-01-03,3.717
2013-01-04,3.6935
2013-01-07,3.678
2013-01-08,3.672
2013-01-09,3.6705
2013-01-10,3.709
2013-01-11,3.654
2013-01-14,3.634
2013-01-15,3.6375
2013-01-16,3.6065
2013-01-17,3.662
2013-01-18,3.679
2013-01-22,3.705
2013-01-23,3.6845
2013-01-24,3.6765
2013-01-25,3.652
2013-01-28,3.6615
2013-01-29,3.6915
2013-01-30,3.75
2013-01-31,3.732
2013-02-01,3.7845
2013-02-04,3.7685
2013-02-05,3.77
2013-02-06,3.7405
2013-02-07,3.727
2013-02-08,3.7595
2013-02-11,3.7225
2013-02-12,3.744
2013-02-13,3.7425
2013-02-14,3.7375
2013-02-15,3.7535
2013-02-19,3.6665
2013-02-20,3.625
2013-02-21,3.5695
2013-02-22,3.5505
2013-02-25,3.561
2013-02-26,3.583
2013-02-27,3.567
2013-02-28,3.5475
2013-03-01,3.501
2013-03-04,3.5015
2013-03-05,3.515
2013-03-06,3.493
2013-03-07,3.5205
2013-03-08,3.509
2013-03-11,3.517
2013-03-12,3.5545
2013-03-13,3.525
2013-03-14,3.5365
2013-03-15,3.5205
2013-03-18,3.428
2013-03-19,3.4055
2013-03-20,3.4465
2013-03-21,3.435
2013-03-22,3.466
2013-03-25,3.445
2013-03-26,3.4425
2013-03-27,3.4435
2013-03-28,3.402
2013-04-01,3.3745
2013-04-02,3.3785
2013-04-03,3.333
2013-04-04,3.3515
2013-04-05,3.344
2013-04-08,3.371
2013-04-09,3.4415
2013-04-10,3.418
2013-04-11,3.4335
2013-04-12,3.35
2013-04-15,3.273
2013-04-16,3.3055
2013-04-17,3.2025
2013-04-18,3.219
2013-04-19,3.163
2013-04-22,3.144
2013-04-23,3.104
2013-04-24,3.165
2013-04-25,3.2425
2013-04-26,3.186
2013-04-29,3.2265
2013-04-30,3.1875
2013-05-01,3.08
2013-05-02,3.1045
2013-05-03,3.3145
2013-05-06,3.3105
2013-05-07,3.3025
2013-05-08,3.3705
2013-05-09,3.3405
2013-05-10,3.353
2013-05-13,3.3595
2013-05-14,3.288
2013-05-15,3.265
2013-05-16,3.2945
2013-05-17,3.323
2013-05-20,3.36
2013-05-21,3.3435
2013-05-22,3.3805
2013-05-23,3.304
2013-05-24,3.2955
2013-05-28,3.315
2013-05-29,3.297
2013-05-30,3.3155
2013-05-31,3.2925
2013-06-03,3.3305
2013-06-04,3.369
2013-06-05,3.3715
2013-06-06,3.319
2013-06-07,3.2685
2013-06-10,3.241
2013-06-11,3.195
2013-06-12,3.2255
2013-06-13,3.185
2013-06-14,3.2015
2013-06-17,3.1975
2013-06-18,3.1675
2013-06-19,3.1515
2013-06-20,3.0715
2013-06-21,3.1
2013-06-24,3.0285
2013-06-25,3.076
2013-06-26,3.0405
2013-06-27,3.0595
2013-06-28,3.0575
2013-07-01,3.157
2013-07-02,3.143
2013-07-03,3.1745
2013-07-05,3.065
2013-07-08,3.0995
2013-07-09,3.0645
2013-07-10,3.091
2013-07-11,3.1775
2013-07-12,3.155
2013-07-15,3.1445
2013-07-16,3.1865
2013-07-17,3.1285
2013-07-18,3.1315
2013-07-19,3.14
2013-07-22,3.185
2013-07-23,3.198
2013-07-24,3.179
2013-07-25,3.1855
2013-07-26,3.1055
2013-07-29,3.1075
2013-07-30,3.042
2013-07-31,3.1185
2013-08-01,3.166
2013-08-02,3.1725
2013-08-05,3.168
2013-08-06,3.173
2013-08-07,3.173
2013-08-08,3.2705
2013-08-09,3.3065
2013-08-12,3.303
2013-08-13,3.317
2013-08-14,3.3425
2013-08-15,3.3405
2013-08-16,3.367
2013-08-19,3.336
2013-08-20,3.342
2013-08-21,3.3125
2013-08-22,3.3345
2013-08-23,3.356
2013-08-26,3.327
2013-08-27,3.3355
2013-08-28,3.311
2013-08-29,3.2605
2013-08-30,3.233
2013-09-03,3.3045
2013-09-04,3.241
2013-09-05,3.244
2013-09-06,3.2615
2013-09-09,3.278
2013-09-10,3.2625
2013-09-11,3.257
2013-09-12,3.21
2013-09-13,3.2035
2013-09-16,3.222
2013-09-17,3.223
2013-09-18,3.2785
2013-09-19,3.347
2013-09-20,3.3205
2013-09-23,3.2985
2013-09-24,3.2565
2013-09-25,3.272
2013-09-26,3.307
2013-09-27,3.3295
2013-09-30,3.323
2013-10-01,3.274
2013-10-02,3.316
2013-10-03,3.2685
2013-10-04,3.301
2013-10-07,3.2965
2013-10-08,3.2925
2013-10-09,3.231
2013-10-10,3.2485
2013-10-11,3.269
2013-10-14,3.303
2013-10-15,3.3075
2013-10-16,3.308
2013-10-17,3.297
2013-10-18,3.299
2013-10-21,3.3035
2013-10-22,3.3355
2013-10-23,3.2675
2013-10-24,3.2635
2013-10-25,3.269
2013-10-28,3.269
2013-10-29,3.278
2013-10-30,3.3255
2013-10-31,3.3005
2013-11-01,3.2985
2013-11-04,3.253
2013-11-05,3.2585
2013-11-06,3.237
2013-11-07,3.2485
2013-11-08,3.254
2013-11-11,3.2595
2013-11-12,3.234
2013-11-13,3.1595
2013-11-14,3.172
2013-11-15,3.182
2013-11-18,3.1605
2013-11-19,3.166
2013-11-20,3.1685
2013-11-21,3.199
2013-11-22,3.2185
2013-11-25,3.23
2013-11-26,3.219
2013-11-27,3.1905
2013-11-29,3.205
2013-12-02,3.1825
2013-12-03,3.1675
2013-12-04,3.249
2013-12-05,3.2295
2013-12-06,3.2485
2013-12-09,3.258
2013-12-10,3.2665
2013-12-11,3.295
2013-12-12,3.2955
2013-12-13,3.312
2013-12-16,3.3295
2013-12-17,3.3215
2013-12-18,3.319
2013-12-19,3.2955
2013-12-20,3.308
2013-12-23,3.3075
2013-12-24,3.374
2013-12-26,3.3985
2013-12-27,3.385
2013-12-30,3.3825
2013-12-31,3.3965
2014-01-02,3.3815
2014-01-03,3.355
2014-01-06,3.3595
2014-01-07,3.3595
2014-01-08,3.3425
2014-01-09,3.299
2014-01-10,3.3415
2014-01-13,3.3465
2014-01-14,3.336
2014-01-15,3.358
2014-01-16,3.3425
2014-01-17,3.3445
2014-01-21,3.351
2014-01-22,3.337
2014-01-23,3.2855
2014-01-24,3.2715
2014-01-27,3.259
2014-01-28,3.253
2014-01-29,3.2405
2014-01-30,3.2265
2014-01-31,3.197
2014-02-03,3.1835
2014-02-04,3.192
2014-02-05,3.1885
2014-02-06,3.229
2014-02-07,3.236
2014-02-10,3.2245
2014-02-11,3.215
2014-02-12,3.256
2014-02-13,3.25
2014-02-14,3.2645
2014-02-18,3.2855
2014-02-19,3.2855
2014-02-20,3.261
2014-02-21,3.26
2014-02-24,3.24
2014-02-25,3.227
2014-02-26,3.2155
2014-02-27,3.201
2014-02-28,3.1875
2014-03-03,3.172
2014-03-04,3.2145
2014-03-05,3.2025
2014-03-06,3.218
2014-03-07,3.0825
2014-03-10,3.0315
2014-03-11,2.952
2014-03-12,2.962
2014-03-13,2.923
2014-03-14,2.9505
2014-03-17,2.952
2014-03-18,2.9515
2014-03-19,2.987
2014-03-20,2.9285
2014-03-21,2.9505
2014-03-24,2.9455
2014-03-25,3.0055
2014-03-26,2.9655
2014-03-27,2.993
2014-03-28,3.0415
2014-03-31,3.0255
2014-04-01,3.0345
2014-04-02,3.0455
2014-04-03,3.027
2014-04-04,3.0225
2014-04-07,3.0395
2014-04-08,3.051
2014-04-09,3.037
2014-04-10,3.045
2014-04-11,3.0415
2014-04-14,3.0475
2014-04-15,2.983
2014-04-16,3.0155
2014-04-17,3.034
2014-04-21,3.0285
2014-04-22,3.034
2014-04-23,3.0395
2014-04-24,3.088
2014-04-25,3.093
2014-04-28,3.093
2014-04-29,3.073
2014-04-30,3.0275
2014-05-01,3.0215
2014-05-02,3.07
2014-05-05,3.0535
2014-05-06,3.057
2014-05-07,3.0325
2014-05-08,3.0625
2014-05-09,3.083
2014-05-12,3.1495
2014-05-13,3.1355
2014-05-14,3.16
2014-05-15,3.1445
2014-05-16,3.147
2014-05-19,3.167
2014-05-20,3.145
2014-05-21,3.123
2014-05-22,3.142
2014-05-23,3.1675
2014-05-27,3.1775
2014-05-28,3.1735
2014-05-29,3.1445
2014-05-30,3.1235
2014-06-02,3.1705
2014-06-03,3.137
2014-06-04,3.093
2014-06-05,3.0905
2014-06-06,3.051
2014-06-09,3.0435
2014-06-10,3.053
2014-06-11,3.0405
2014-06-12,3.0155
2014-06-13,3.0295
2014-06-16,3.044
2014-06-17,3.058
2014-06-18,3.061
2014-06-19,3.0755
2014-06-20,3.113
2014-06-23,3.142
2014-06-24,3.145
2014-06-25,3.166
2014-06-26,3.172
2014-06-27,3.168
2014-06-30,3.2035
2014-07-01,3.204
2014-07-02,3.265
2014-07-03,3.2795
2014-07-07,3.261
2014-07-08,3.257
2014-07-09,3.248
2014-07-10,3.267
2014-07-11,3.269
2014-07-14,3.249
2014-07-15,3.2495
2014-07-16,3.2145
2014-07-17,3.2205
2014-07-18,3.1845
2014-07-21,3.199
2014-07-22,3.208
2014-07-23,3.207
2014-07-24,3.2665
2014-07-25,3.2405
2014-07-28,3.2435
2014-07-29,3.219
2014-07-30,3.2415
2014-07-31,3.231
2014-08-01,3.2145
2014-08-04,3.244
2014-08-05,3.2045
2014-08-06,3.166
2014-08-07,3.176
2014-08-08,3.1735
2014-08-11,3.1745
2014-08-12,3.1545
2014-08-13,3.112
2014-08-14,3.1125
2014-08-15,3.1245
2014-08-18,3.1335
2014-08-19,3.119
2014-08-20,3.1975
2014-08-21,3.195
2014-08-22,3.223
2014-08-25,3.237
2014-08-26,3.2125
2014-08-27,3.1985
2014-08-28,3.1505
2014-08-29,3.1605
2014-09-02,3.155
2014-09-03,3.127
2014-09-04,3.151
2014-09-05,3.1695
2014-09-08,3.1685
2014-09-09,3.102
2014-09-10,3.1105
2014-09-11,3.0925
2014-09-12,3.1065
2014-09-15,3.0855
2014-09-16,3.166
2014-09-17,3.1435
2014-09-18,3.094
2014-09-19,3.0915
2014-09-22,3.0385
2014-09-23,3.035
2014-09-24,3.0535
2014-09-25,3.03
2014-09-26,3.0355
2014-09-29,3.0565
2014-09-30,3.0075
2014-10-01,3.036
2014-10-02,2.9985
2014-10-03,2.9985
2014-10-06,3.0355
2014-10-07,3.039
2014-10-08,3.0035
2014-10-09,3.03
2014-10-10,3.035
2014-10-13,3.0405
2014-10-14,3.09
2014-10-15,3.009
2014-10-16,2.9815
2014-10-17,3.0035
2014-10-20,2.988
2014-10-21,3.028
2014-10-22,3.0175
2014-10-23,3.04
2014-10-24,3.041
2014-10-27,3.064
2014-10-28,3.093
2014-10-29,3.1045
2014-10-30,3.0625
2014-10-31,3.047
2014-11-03,3.065
2014-11-04,3.0185
2014-11-05,3.0075
2014-11-06,3.0175
2014-11-07,3.0385
2014-11-10,3.02
2014-11-11,3.033
2014-11-12,3.025
2014-11-13,2.9945
2014-11-14,3.0385
2014-11-17,3.0315
2014-11-18,2.992
2014-11-19,3.0325
2014-11-20,3.0115
2014-11-21,3.029
2014-11-24,3.006
2014-11-25,2.9775
2014-11-26,2.9565
2014-11-28,2.846
2014-12-01,2.898
2014-12-02,2.8915
2014-12-03,2.872
2014-12-04,2.9145
2014-12-05,2.9025
2014-12-08,2.8855
2014-12-09,2.9275
2014-12-10,2.893
2014-12-11,2.921
2014-12-12,2.934
2014-12-15,2.8785
2014-12-16,2.8585
2014-12-17,2.8705
2014-12-18,2.8535
2014-12-19,2.8845
2014-12-22,2.8725
2014-12-23,2.866
2014-12-24,2.8535
2014-12-26,2.814
2014-12-29,2.822
2014-12-30,2.854
2014-12-31,2.8255
2015-01-02,2.8175
2015-01-05,2.766
2015-01-06,2.767
2015-01-07,2.7585
2015-01-08,2.7695
2015-01-09,2.7545
2015-01-12,2.7255
2015-01-13,2.644
2015-01-14,2.5055
2015-01-15,2.558
2015-01-16,2.617
2015-01-20,2.594
2015-01-21,2.6125
2015-01-22,2.5785
2015-01-23,2.5015
2015-01-26,2.543
2015-01-27,2.4625
2015-01-28,2.4795
2015-01-29,2.4515
2015-01-30,2.4945
2015-02-02,2.49
2015-02-03,2.5815
2015-02-04,2.591
2015-02-05,2.595
2015-02-06,2.5855
2015-02-09,2.5805
2015-02-10,2.5515
2015-02-11,2.541
2015-02-12,2.602
2015-02-13,2.605
2015-02-17,2.5815
2015-02-18,2.61
2015-02-19,2.6155
2015-02-20,2.591
2015-02-23,2.5865
2015-02-24,2.6395
2015-02-25,2.6435
2015-02-26,2.6945
2015-02-27,2.6915
2015-03-02,2.6975
2015-03-03,2.6565
2015-03-04,2.6595
2015-03-05,2.6525
2015-03-06,2.9175
2015-03-09,2.6705
2015-03-10,2.624
2015-03-11,2.606
2015-03-12,2.6585
2015-03-13,2.6635
2015-03-16,2.6675
2015-03-17,2.633
2015-03-18,2.5705
2015-03-19,2.66
2015-03-20,2.761
2015-03-23,2.7895
2015-03-24,2.803
2015-03-25,2.792
2015-03-26,2.811
2015-03-27,2.7675
2015-03-30,2.7815
2015-03-31,2.74
2015-04-01,2.7485
2015-04-02,2.734
2015-04-06,2.717
2015-04-07,2.763
2015-04-08,2.7315
2015-04-09,2.729
2015-04-10,2.734
2015-04-13,2.719
2015-04-14,2.7
2015-04-15,2.7095
2015-04-16,2.7675
2015-04-17,2.77
2015-04-20,2.73
2015-04-21,2.7055
2015-04-22,2.677
2015-04-23,2.702
2015-04-24,2.753
2015-04-27,2.777
2015-04-28,2.7865
2015-04-29,2.799
2015-04-30,2.8865
2015-05-01,2.9295
2015-05-04,2.9205
2015-05-05,2.935
2015-05-06,2.926
2015-05-07,2.918
2015-05-08,2.918
2015-05-11,2.903
2015-05-12,2.9315
2015-05-13,2.929
2015-05-14,2.9235
2015-05-15,2.9245
2015-05-18,2.9065
2015-05-19,2.8375
2015-05-20,2.8375
2015-05-21,2.8485
2015-05-22,2.811
2015-05-26,2.778
2015-05-27,2.7685
2015-05-28,2.7675
2015-05-29,2.728
2015-06-01,2.72
2015-06-02,2.736
2015-06-03,2.7265
2015-06-04,2.687
2015-06-05,2.687
2015-06-08,2.6965
2015-06-09,2.714
2015-06-10,2.747
2015-06-11,2.669
2015-06-12,2.678
2015-06-15,2.65
2015-06-16,2.6205
2015-06-17,2.6085
2015-06-18,2.6115
2015-06-19,2.575
2015-06-22,2.571
2015-06-23,2.615
2015-06-24,2.624
2015-06-25,2.6195
2015-06-26,2.6355
2015-06-29,2.6335
2015-06-30,2.615
2015-07-01,2.6305
2015-07-02,2.631
2015-07-06,2.538
2015-07-07,2.4465
2015-07-08,2.497
2015-07-09,2.5515
2015-07-10,2.5375
2015-07-13,2.5445
2015-07-14,2.535
2015-07-15,2.5215
2015-07-16,2.523
2015-07-17,2.496
2015-07-20,2.4815
2015-07-21,2.4745
2015-07-22,2.428
2015-07-23,2.3855
2015-07-24,2.3825
2015-07-27,2.3535
2015-07-28,2.4025
2015-07-29,2.4075
2015-07-30,2.377
2015-07-31,2.3635
2015-08-03,2.346
2015-08-04,2.362
2015-08-05,2.3485
2015-08-06,2.341
2015-08-07,2.3325
2015-08-10,2.4
2015-08-11,2.3315
2015-08-12,2.35
2015-08-13,2.353
2015-08-14,2.3515
2015-08-17,2.321
2015-08-18,2.286
2015-08-19,2.2775
2015-08-20,2.3175
2015-08-21,2.2985
2015-08-24,2.248
2015-08-25,2.3005
2015-08-26,2.235
2015-08-27,2.3285
2015-08-28,2.346
2015-08-31,2.3375
2015-09-01,2.3015
2015-09-02,2.3295
2015-09-03,2.3845
2015-09-04,2.312
2015-09-08,2.434
2015-09-09,2.4365
2015-09-10,2.447
2015-09-11,2.4535
2015-09-14,2.4055
2015-09-15,2.4265
2015-09-16,2.452
2015-09-17,2.452
2015-09-18,2.386
2015-09-21,2.3885
2015-09-22,2.2975
2015-09-23,2.2955
2015-09-24,2.3025
2015-09-25,2.2835
2015-09-28,2.2515
2015-09-29,2.2515
2015-09-30,2.2515
2015-10-01,2.3045
2015-10-02,2.3255
2015-10-05,2.3555
2015-10-06,2.355
2015-10-07,2.355
2015-10-08,2.343
2015-10-09,2.414
2015-10-12,2.4155
2015-10-13,2.3875
2015-10-14,2.4155
2015-10-15,2.423
2015-10-16,2.4035
2015-10-19,2.3675
2015-10-20,2.3655
2015-10-21,2.3605
2015-10-22,2.3835
2015-10-23,2.35
2015-10-26,2.357
2015-10-27,2.362
2015-10-28,2.3625
2015-10-29,2.321
2015-10-30,2.3175
2015-11-02,2.319
2015-11-03,2.3305
2015-11-04,2.3225
2015-11-05,2.255
2015-11-06,2.242
2015-11-09,2.23
2015-11-10,2.2175
2015-11-11,2.218
2015-11-12,2.1725
2015-11-13,2.168
2015-11-16,2.1155
2015-11-17,2.1115
2015-11-18,2.083
2015-11-19,2.083
2015-11-20,2.0595
2015-11-23,2.0215
2015-11-24,2.069
2015-11-25,2.049
2015-11-27,2.0575
2015-11-30,2.0485
2015-12-01,2.0715
2015-12-02,2.0715
2015-12-03,2.061
2015-12-04,2.079
2015-12-07,2.051
2015-12-08,2.054
2015-12-09,2.066
2015-12-10,2.0725
2015-12-11,2.1165
2015-12-14,2.1115
2015-12-15,2.0565
2015-12-16,2.0715
2015-12-17,2.0435
2015-12-18,2.1125
2015-12-21,2.14
2015-12-22,2.109
2015-12-23,2.1245
2015-12-24,2.124
2015-12-28,2.079
2015-12-29,2.1365
2015-12-30,2.1465
2015-12-31,2.135
2016-01-04,2.0795
2016-01-05,2.0955
2016-01-06,2.088
2016-01-07,2.022
2016-01-08,2.022
2016-01-11,1.9725
2016-01-12,1.959
2016-01-13,1.956
2016-01-14,1.976
2016-01-15,1.9435
2016-01-19,1.9775
2016-01-20,1.9595
2016-01-21,1.9965
2016-01-22,2.0025
2016-01-25,1.998
2016-01-26,2.0375
2016-01-27,2.064
2016-01-28,2.0515
2016-01-29,2.067
2016-02-01,2.0555
2016-02-02,2.055
2016-02-03,2.095
2016-02-04,2.1315
2016-02-05,2.103
2016-02-08,2.0905
2016-02-09,2.0395
2016-02-10,2.027
2016-02-11,2.0065
2016-02-12,2.029
2016-02-16,2.051
2016-02-17,2.079
2016-02-18,2.0765
2016-02-19,2.0805
2016-02-22,2.119
2016-02-23,2.109
2016-02-24,2.101
2016-02-25,2.073
2016-02-26,2.125
2016-02-29,2.1325
2016-03-01,2.1455
2016-03-02,2.181
2016-03-03,2.2085
2016-03-04,2.2745
2016-03-07,2.2835
2016-03-08,2.222
2016-03-09,2.2325
2016-03-10,2.22
2016-03-11,2.241
2016-03-14,2.2395
2016-03-15,2.2335
2016-03-16,2.234
2016-03-17,2.2925
2016-03-18,2.2825
2016-03-21,2.2925
2016-03-22,2.2895
2016-03-23,2.2355
2016-03-24,2.229
2016-03-28,2.246
2016-03-29,2.214
2016-03-30,2.19
2016-03-31,2.183
2016-04-01,2.163
2016-04-04,2.1405
2016-04-05,2.138
2016-04-06,2.1435
2016-04-07,2.0765
2016-04-08,2.087
2016-04-11,2.0905
2016-04-12,2.147
2016-04-13,2.168
2016-04-14,2.171
2016-04-15,2.153
2016-04-18,2.173
2016-04-19,2.2315
2016-04-20,2.2455
2016-04-21,2.256
2016-04-22,2.2685
2016-04-25,2.256
2016-04-26,2.2465
2016-04-27,2.2245
2016-04-28,2.2315
2016-04-29,2.2835
2016-05-02,2.2665
2016-05-03,2.219
2016-05-04,2.1865
2016-05-05,2.154
2016-05-06,2.154
2016-05-09,2.1065
2016-05-10,2.0925
2016-05-11,2.1035
2016-05-12,2.0745
2016-05-13,2.074
2016-05-16,2.089
2016-05-17,2.089
2016-05-18,2.0785
2016-05-19,2.061
2016-05-20,2.0555
2016-05-23,2.055
2016-05-24,2.0665
2016-05-25,2.1015
2016-05-26,2.1025
2016-05-27,2.114
2016-05-31,2.0955
2016-06-01,2.073
2016-06-02,2.07
2016-06-03,2.113
2016-06-06,2.1175
2016-06-07,2.051
2016-06-08,2.0615
2016-06-09,2.039
2016-06-10,2.0305
2016-06-13,2.0535
2016-06-14,2.0405
2016-06-15,2.091
2016-06-16,2.048
2016-06-17,2.051
2016-06-20,2.093
2016-06-21,2.116
2016-06-22,2.136
2016-06-23,2.1655
2016-06-24,2.116
2016-06-27,2.1255
2016-06-28,2.1755
2016-06-29,2.186
2016-06-30,2.1955
2016-07-01,2.217
2016-07-05,2.1835
2016-07-06,2.1535
2016-07-07,2.1235
2016-07-08,2.119
2016-07-11,2.1475
2016-07-12,2.213
2016-07-13,2.24
2016-07-14,2.243
2016-07-15,2.2335
2016-07-18,2.237
2016-07-19,2.263
2016-07-20,2.254
2016-07-21,2.2585
2016-07-22,2.2355
2016-07-25,2.217
2016-07-26,2.2255
2016-07-27,2.185
2016-07-28,2.209
2016-07-29,2.2215
2016-08-01,2.1995
2016-08-02,2.209
2016-08-03,2.1985
2016-08-04,2.174
2016-08-05,2.154
2016-08-08,2.165
2016-08-09,2.15
2016-08-10,2.171
2016-08-11,2.191
2016-08-12,2.1515
2016-08-15,2.162
2016-08-16,2.182
2016-08-17,2.1635
2016-08-18,2.1785
2016-08-19,2.1775
2016-08-22,2.14
2016-08-23,2.126
2016-08-24,2.085
2016-08-25,2.083
2016-08-26,2.0845
2016-08-29,2.079
2016-08-30,2.0765
2016-08-31,2.0775
2016-09-01,2.0755
2016-09-02,2.078
2016-09-06,2.089
2016-09-07,2.0975
2016-09-08,2.1
2016-09-09,2.0925
2016-09-12,2.1
2016-09-13,2.1015
2016-09-14,2.155
2016-09-15,2.155
2016-09-16,2.1595
2016-09-19,2.1565
2016-09-20,2.165
2016-09-21,2.155
2016-09-22,2.1945
2016-09-23,2.201
2016-09-26,2.1985
2016-09-27,2.171
2016-09-28,2.1875
2016-09-29,2.19
2016-09-30,2.2105
2016-10-03,2.192
2016-10-04,2.167
2016-10-05,2.1645
2016-10-06,2.1555
2016-10-07,2.1635
2016-10-10,2.1975
2016-10-11,2.1855
2016-10-12,2.1765
2016-10-13,2.122
2016-10-14,2.1105
2016-10-17,2.107
2016-10-18,2.1055
2016-10-19,2.1035
2016-10-20,2.096
2016-10-21,2.0885
2016-10-24,2.093
2016-10-25,2.1385
2016-10-26,2.1455
2016-10-27,2.1635
2016-10-28,2.1935
2016-10-31,2.205
2016-11-01,2.229
2016-11-02,2.2305
2016-11-03,2.249
2016-11-04,2.265
2016-11-07,2.3095
2016-11-08,2.38
2016-11-09,2.4595
2016-11-10,2.551
2016-11-11,2.509
2016-11-14,2.521
2016-11-15,2.505
2016-11-16,2.4675
2016-11-17,2.502
2016-11-18,2.478
2016-11-21,2.5275
2016-11-22,2.556
2016-11-23,2.6175
2016-11-25,2.668
2016-11-28,2.6705
2016-11-29,2.61
2016-11-30,2.633
2016-12-01,2.643
2016-12-02,2.625
2016-12-05,2.698
2016-12-06,2.68
2016-12-07,2.644
2016-12-08,2.626
2016-12-09,2.6475
2016-12-12,2.619
2016-12-13,2.5985
2016-12-14,2.6045
2016-12-15,2.6005
2016-12-16,2.5645
2016-12-19,2.4995
2016-12-20,2.5025
2016-12-21,2.497
2016-12-22,2.4995
2016-12-23,2.479
2016-12-27,2.5155
2016-12-28,2.5005
2016-12-29,2.488
2016-12-30,2.5055
2017-01-03,2.489
2017-01-04,2.5565
2017-01-05,2.5375
2017-01-06,2.546
2017-01-09,2.5385
2017-01-10,2.6125
2017-01-11,2.6105
2017-01-12,2.6715
2017-01-13,2.69
2017-01-17,2.625
2017-01-18,2.6165
2017-01-19,2.6105
2017-01-20,2.625
2017-01-23,2.6475
2017-01-24,2.7085
2017-01-25,2.71
2017-01-26,2.673
2017-01-27,2.6895
2017-01-30,2.655
2017-01-31,2.7275
2017-02-01,2.7115
2017-02-02,2.6855
2017-02-03,2.616
2017-02-06,2.6515
2017-02-07,2.632
2017-02-08,2.6665
2017-02-09,2.6535
2017-02-10,2.768
2017-02-13,2.783
2017-02-14,2.737
2017-02-15,2.7405
2017-02-16,2.7355
2017-02-17,2.72
2017-02-21,2.7455
2017-02-22,2.746
2017-02-23,2.659
2017-02-24,2.696
2017-02-27,2.698
2017-02-28,2.714
2017-03-01,2.736
2017-03-02,2.6905
2017-03-03,2.6965
2017-03-06,2.652
2017-03-07,2.6185
2017-03-08,2.6005
2017-03-09,2.58
2017-03-10,2.595
2017-03-13,2.6255
2017-03-14,2.635
2017-03-15,2.6565
2017-03-16,2.6775
2017-03-17,2.6915
2017-03-20,2.667
2017-03-21,2.6185
2017-03-22,2.6305
2017-03-23,2.6445
2017-03-24,2.631
2017-03-27,2.632
2017-03-28,2.676
2017-03-29,2.6775
2017-03-30,2.6715
2017-03-31,2.6525
2017-04-03,2.6035
2017-04-04,2.612
2017-04-05,2.68
2017-04-06,2.658
2017-04-07,2.647
2017-04-10,2.604
2017-04-11,2.608
2017-04-12,2.545
2017-04-13,2.5705
2017-04-17,2.596
2017-04-18,2.5405
2017-04-19,2.549
2017-04-20,2.557
2017-04-21,2.551
2017-04-24,2.565
2017-04-25,2.591
2017-04-26,2.6005
2017-04-27,2.593
2017-04-28,2.6075
2017-05-01,2.6605
2017-05-02,2.6355
2017-05-03,2.5435
2017-05-04,2.5115
2017-05-05,2.5285
2017-05-08,2.4935
2017-05-09,2.498
2017-05-10,2.4945
2017-05-11,2.508
2017-05-12,2.524
2017-05-15,2.539
2017-05-16,2.5505
2017-05-17,2.5465
2017-05-18,2.5315
2017-05-19,2.5815
2017-05-22,2.5955
2017-05-23,2.596
2017-05-24,2.5835
2017-05-25,2.5975
2017-05-26,2.566
2017-05-29,2.565
2017-05-30,2.564
2017-05-31,2.58
2017-06-01,2.5875
2017-06-02,2.5745
2017-06-05,2.5575
2017-06-06,2.547
2017-06-07,2.5515
2017-06-08,2.6095
2017-06-09,2.6495
2017-06-12,2.6155
2017-06-13,2.5965
2017-06-14,2.5735
2017-06-15,2.5655
2017-06-16,2.564
2017-06-19,2.606
2017-06-20,2.572
2017-06-21,2.615
2017-06-22,2.61
2017-06-23,2.6345
2017-06-26,2.6385
2017-06-27,2.6615
2017-06-28,2.676
2017-06-29,2.6955
2017-06-30,2.711
2017-07-03,2.693
2017-07-04,2.693
2017-07-05,2.66
2017-07-06,2.6615
2017-07-07,2.647
2017-07-10,2.6475
2017-07-11,2.672
2017-07-12,2.684
2017-07-13,2.6615
2017-07-14,2.691
2017-07-17,2.724
2017-07-18,2.7305
2017-07-19,2.7105
2017-07-20,2.716
2017-07-21,2.7225
2017-07-24,2.7365
2017-07-25,2.8465
2017-07-26,2.872
2017-07-27,2.8775
2017-07-28,2.875
2017-07-31,2.8915
2017-08-01,2.881
2017-08-02,2.8845
2017-08-03,2.878
2017-08-04,2.885
2017-08-07,2.907
2017-08-08,2.9425
2017-08-09,2.927
2017-08-10,2.903
2017-08-11,2.912
2017-08-14,2.9045
2017-08-15,2.883
2017-08-16,2.9535
2017-08-17,2.938
2017-08-18,2.9615
2017-08-21,3.0015
2017-08-22,3.0075
2017-08-23,3.003
2017-08-24,3.0565
2017-08-25,3.0565
2017-08-28,3.086
2017-08-29,3.1045
2017-08-30,3.087
2017-08-31,3.0985
2017-09-01,3.118
2017-09-05,3.128
2017-09-06,3.1515
2017-09-07,3.1435
2017-09-08,3.0415
2017-09-11,3.066
2017-09-12,3.036
2017-09-13,2.981
2017-09-14,2.9575
2017-09-15,2.949
2017-09-18,2.969
2017-09-19,2.9695
2017-09-20,2.969
2017-09-21,2.9345
2017-09-22,2.9445
2017-09-25,2.9375
2017-09-26,2.919
2017-09-27,2.9295
2017-09-28,2.981
2017-09-29,2.955
2017-10-02,2.9555
2017-10-03,2.9635
2017-10-04,2.959
2017-10-05,3.0465
2017-10-06,3.029
2017-10-09,3.031
2017-10-10,3.0605
2017-10-11,3.0955
2017-10-12,3.12
2017-10-13,3.1335
2017-10-16,3.239
2017-10-17,3.1955
2017-10-18,3.178
2017-10-19,3.1675
2017-10-20,3.1655
2017-10-23,3.188
2017-10-24,3.198
2017-10-25,3.183
2017-10-26,3.1775
2017-10-27,3.1035
2017-10-30,3.112
2017-10-31,3.101
2017-11-01,3.1425
2017-11-02,3.1435
2017-11-03,3.1175
2017-11-06,3.1575
2017-11-07,3.089
2017-11-08,3.0995
2017-11-09,3.086
2017-11-10,3.076
2017-11-13,3.1165
2017-11-14,3.065
2017-11-15,3.0545
2017-11-16,3.048
2017-11-17,3.091
2017-11-20,3.1155
2017-11-21,3.1505
2017-11-22,3.159
2017-11-23,3.159
2017-11-24,3.1915
2017-11-27,3.1575
2017-11-28,3.0985
2017-11-29,3.0685
2017-11-30,3.064
2017-12-01,3.0925
2017-12-04,3.09
2017-12-05,2.946
2017-12-06,2.9615
2017-12-07,2.9645
2017-12-08,2.9785
2017-12-11,3.0115
2017-12-12,3.023
2017-12-13,3.0535
2017-12-14,3.0725
2017-12-15,3.1345
2017-12-18,3.146
2017-12-19,3.1515
2017-12-20,3.196
2017-12-21,3.2195
2017-12-22,3.2385
2017-12-26,3.2805
2017-12-27,3.284
2017-12-28,3.3085
2017-12-29,3.3005
2018-01-02,3.278
2018-01-03,3.2575
2018-01-04,3.263
2018-01-05,3.2295
2018-01-08,3.224
2018-01-09,3.216
2018-01-10,3.2355
2018-01-11,3.233
2018-01-12,3.2185
2018-01-16,3.2195
2018-01-17,3.189
2018-01-18,3.199
2018-01-19,3.1875
2018-01-22,3.1985
2018-01-23,3.111
2018-01-24,3.2285
2018-01-25,3.2165
2018-01-26,3.199
2018-01-29,3.194
2018-01-30,3.189
2018-01-31,3.1955
2018-02-01,3.209
2018-02-02,3.1875
2018-02-05,3.221
2018-02-06,3.189
2018-02-07,3.0875
2018-02-08,3.082
2018-02-09,3.0335
2018-02-12,3.0865
2018-02-13,3.1625
2018-02-14,3.236
2018-02-15,3.2455
2018-02-16,3.2685
2018-02-20,3.2135
2018-02-21,3.237
2018-02-22,3.2615
2018-02-23,3.233
2018-02-26,3.2245
2018-02-27,3.1865
2018-02-28,3.1325
2018-03-01,3.123
2018-03-02,3.1245
2018-03-05,3.128
2018-03-06,3.159
2018-03-07,3.136
2018-03-08,3.079
2018-03-09,3.136
2018-03-12,3.124
2018-03-13,3.138
2018-03-14,3.1585
2018-03-15,3.1275
2018-03-16,3.1075
2018-03-19,3.082
2018-03-20,3.038
2018-03-21,3.0585
2018-03-22,3.02
2018-03-23,2.993
2018-03-26,2.97
2018-03-27,3.0005
2018-03-28,3.002
2018-03-29,3.0255
2018-04-02,3.05
2018-04-03,3.0635
2018-04-04,3.0105
2018-04-05,3.0745
2018-04-06,3.0585
2018-04-09,3.077
2018-04-10,3.137
2018-04-11,3.117
2018-04-12,3.0635
2018-04-13,3.071
2018-04-16,3.0955
2018-04-17,3.0795
2018-04-18,3.1815
2018-04-19,3.154
2018-04-20,3.1555
2018-04-23,3.1315
2018-04-24,3.164
2018-04-25,3.1575
2018-04-26,3.138
2018-04-27,3.0695
2018-04-30,3.074
2018-05-01,3.0375
2018-05-02,3.0685
2018-05-03,3.0805
2018-05-04,3.0855
2018-05-07,3.079
2018-05-08,3.059
2018-05-09,3.0575
2018-05-10,3.11
2018-05-11,3.1115
2018-05-14,3.093
2018-05-15,3.056
2018-05-16,3.0705
2018-05-17,3.089
2018-05-18,3.0635
2018-05-21,3.0985
2018-05-22,3.132
2018-05-23,3.0705
2018-05-24,3.096
2018-05-25,3.0775
2018-05-28,3.0775
2018-05-29,3.0625
2018-05-30,3.069
2018-05-31,3.065
2018-06-01,3.0985
2018-06-04,3.1345
2018-06-05,3.1985
2018-06-06,3.262
2018-06-07,3.275
2018-06-08,3.3
2018-06-11,3.257
2018-06-12,3.2495
2018-06-13,3.254
2018-06-14,3.222
2018-06-15,3.1445
2018-06-18,3.1065
2018-06-19,3.07
2018-06-20,3.062
2018-06-21,3.0435
2018-06-22,3.049
2018-06-25,3.0095
2018-06-26,3.0155
2018-06-27,3.0075
2018-06-28,2.9715
2018-06-29,2.966
2018-07-02,2.944
2018-07-03,2.917
2018-07-04,2.917
2018-07-05,2.826
2018-07-06,2.824
2018-07-09,2.85
2018-07-10,2.8395
2018-07-11,2.7435
2018-07-12,2.777
2018-07-13,2.7755
2018-07-16,2.7645
2018-07-17,2.747
2018-07-18,2.76
2018-07-19,2.6955
2018-07-20,2.756
2018-07-23,2.7465
2018-07-24,2.8105
2018-07-25,2.8175
2018-07-26,2.818
2018-07-27,2.802
2018-07-30,2.792
2018-07-31,2.8315
2018-08-01,2.7475
2018-08-02,2.7375
2018-08-03,2.7635
2018-08-06,2.7315
2018-08-07,2.752
2018-08-08,2.751
2018-08-09,2.7655
2018-08-10,2.7425
2018-08-13,2.731
2018-08-14,2.682
2018-08-15,2.56
2018-08-16,2.6165
2018-08-17,2.629
2018-08-20,2.686
2018-08-21,2.7115
2018-08-22,2.6935
2018-08-23,2.6775
2018-08-24,2.723
2018-08-27,2.732
2018-08-28,2.7585
2018-08-29,2.7365
2018-08-30,2.7175
2018-08-31,2.671
2018-09-04,2.602
2018-09-05,2.61
2018-09-06,2.6365
2018-09-07,2.6225
2018-09-10,2.628
2018-09-11,2.6215
2018-09-12,2.676
2018-09-13,2.683
2018-09-14,2.646
2018-09-17,2.651
2018-09-18,2.7305
2018-09-19,2.7295
2018-09-20,2.74
2018-09-21,2.8575
2018-09-24,2.836
2018-09-25,2.8235
2018-09-26,2.828
2018-09-27,2.783
2018-09-28,2.805
2018-10-01,2.7875
2018-10-02,2.8065
2018-10-03,2.834
2018-10-04,2.7775
2018-10-05,2.763
2018-10-08,2.767
2018-10-09,2.8065
2018-10-10,2.7805
2018-10-11,2.803
2018-10-12,2.8005
2018-10-15,2.7885
2018-10-16,2.7795
2018-10-17,2.778
2018-10-18,2.7465
2018-10-19,2.778
2018-10-22,2.7855
2018-10-23,2.758
2018-10-24,2.7575
2018-10-25,2.7545
2018-10-26,2.741
2018-10-29,2.7405
2018-10-30,2.664
2018-10-31,2.659
2018-11-01,2.7215
2018-11-02,2.807
2018-11-05,2.756
2018-11-06,2.7325
2018-11-07,2.7545
2018-11-08,2.736
2018-11-09,2.6845
2018-11-12,2.6765
2018-11-13,2.687
2018-11-14,2.71
2018-11-15,2.7465
2018-11-16,2.7985
2018-11-19,2.8065
2018-11-20,2.7765
2018-11-21,2.808
2018-11-23,2.7855
2018-11-26,2.773
2018-11-27,2.726
2018-11-28,2.8135
2018-11-29,2.7895
2018-11-30,2.7875
2018-12-03,2.8095
2018-12-04,2.759
2018-12-05,2.774
2018-12-06,2.743
2018-12-07,2.7595
2018-12-10,2.72
2018-12-11,2.767
2018-12-12,2.77
2018-12-13,2.767
2018-12-14,2.7625
2018-12-17,2.7545
2018-12-18,2.6645
2018-12-19,2.716
2018-12-20,2.6965
2018-12-21,2.674
2018-12-24,2.661
2018-12-26,2.7
2018-12-27,2.668
2018-12-28,2.6815
2018-12-31,2.631
2019-01-02,2.623
2019-01-03,2.568
2019-01-04,2.6475
2019-01-07,2.637
2019-01-08,2.656
2019-01-09,2.657
2019-01-10,2.6375
2019-01-11,2.662
2019-01-14,2.635
2019-01-15,2.6345
2019-01-16,2.6735
2019-01-17,2.68
2019-01-18,2.719
2019-01-22,2.6595
2019-01-23,2.6545
2019-01-24,2.6445
2019-01-25,2.729
2019-01-28,2.68
2019-01-29,2.725
2019-01-30,2.7675
2019-01-31,2.7845
2019-02-01,2.773
2019-02-04,2.7945
2019-02-05,2.817
2019-02-06,2.8365
2019-02-07,2.8285
2019-02-08,2.8105
2019-02-11,2.79
2019-02-12,2.772
2019-02-13,2.773
2019-02-14,2.774
2019-02-15,2.7985
2019-02-19,2.8745
2019-02-20,2.9205
2019-02-21,2.8985
2019-02-22,2.948
2019-02-25,2.949
2019-02-26,2.9505
2019-02-27,2.9625
2019-02-28,2.948
2019-03-01,2.932
2019-03-04,2.909
2019-03-05,2.9335
2019-03-06,2.9185
2019-03-07,2.9105
2019-03-08,2.8935
2019-03-11,2.901
2019-03-12,2.9285
2019-03-13,2.9355
2019-03-14,2.8915
2019-03-15,2.906
2019-03-18,2.909
2019-03-19,2.923
2019-03-20,2.921
2019-03-21,2.906
2019-03-22,2.8425
2019-03-25,2.8565
2019-03-26,2.854
2019-03-27,2.863
2019-03-28,2.8725
2019-03-29,2.936
2019-04-01,2.9245
2019-04-02,2.9055
2019-04-03,2.9485
2019-04-04,2.91
2019-04-05,2.8945
2019-04-08,2.932
2019-04-09,2.934
2019-04-10,2.9255
2019-04-11,2.887
2019-04-12,2.946
2019-04-15,2.935
2019-04-16,2.9305
2019-04-17,2.9735
2019-04-18,2.9265
2019-04-22,2.908
2019-04-23,2.9
2019-04-24,2.916
2019-04-25,2.8675
2019-04-26,2.894
2019-04-29,2.897
2019-04-30,2.904
2019-05-01,2.8015
2019-05-02,2.7795
2019-05-03,2.819
2019-05-06,2.8295
2019-05-07,2.7855
2019-05-08,2.7745
2019-05-09,2.7715
2019-05-10,2.7745
2019-05-13,2.719
2019-05-14,2.725
2019-05-15,2.743
2019-05-16,2.748
2019-05-17,2.7385
2019-05-20,2.726
2019-05-21,2.715
2019-05-22,2.678
2019-05-23,2.6805
2019-05-24,2.6995
2019-05-28,2.696
2019-05-29,2.664
2019-05-30,2.654
2019-05-31,2.64
2019-06-03,2.65
2019-06-04,2.669
2019-06-05,2.623
2019-06-06,2.6505
2019-06-07,2.6275
2019-06-10,2.6615
2019-06-11,2.6715
2019-06-12,2.654
2019-06-13,2.6565
2019-06-14,2.6295
2019-06-17,2.6465
2019-06-18,2.7025
2019-06-19,2.6805
2019-06-20,2.712
2019-06-21,2.704
2019-06-24,2.705
2019-06-25,2.735
2019-06-26,2.7155
2019-06-27,2.7165
2019-06-28,2.7135
2019-07-01,2.688
2019-07-02,2.664
2019-07-03,2.683
2019-07-05,2.661
2019-07-08,2.659
2019-07-09,2.625
2019-07-10,2.694
2019-07-11,2.6875
2019-07-12,2.694
2019-07-15,2.711
2019-07-16,2.7
2019-07-17,2.716
2019-07-18,2.71
2019-07-19,2.7525
2019-07-22,2.722
2019-07-23,2.7
2019-07-24,2.712
2019-07-25,2.7035
2019-07-26,2.685
2019-07-29,2.7175
2019-07-30,2.6785
2019-07-31,2.666
2019-08-01,2.6655
2019-08-02,2.5715
2019-08-05,2.544
2019-08-06,2.5575
2019-08-07,2.571
2019-08-08,2.6075
2019-08-09,2.589
2019-08-12,2.585
2019-08-13,2.63
2019-08-14,2.592
2019-08-15,2.595
2019-08-16,2.595
2019-08-19,2.6015
2019-08-20,2.584
2019-08-21,2.592
2019-08-22,2.5655
2019-08-23,2.5375
2019-08-26,2.55
2019-08-27,2.553
2019-08-28,2.5645
2019-08-29,2.5775
2019-08-30,2.5515
2019-09-03,2.528
2019-09-04,2.595
2019-09-05,2.642
2019-09-06,2.634
2019-09-09,2.6275
2019-09-10,2.628
2019-09-11,2.6145
2019-09-12,2.6405
2019-09-13,2.6995
2019-09-16,2.6405
2019-09-17,2.627
2019-09-18,2.613
2019-09-19,2.6085
2019-09-20,2.6065
2019-09-23,2.6115
2019-09-24,2.6065
2019-09-25,2.612
2019-09-26,2.5775
2019-09-27,2.5975
2019-09-30,2.5785
2019-10-01,2.5605
2019-10-02,2.5705
2019-10-03,2.5535
2019-10-04,2.5625
2019-10-07,2.577
2019-10-08,2.5685
2019-10-09,2.568
2019-10-10,2.6135
2019-10-11,2.628
2019-10-14,2.634
2019-10-15,2.614
2019-10-16,2.5895
2019-10-17,2.5975
2019-10-18,2.636
2019-10-21,2.6465
2019-10-22,2.633
2019-10-23,2.6715
2019-10-24,2.668
2019-10-25,2.6755
2019-10-28,2.683
2019-10-29,2.6915
2019-10-30,2.686
2019-10-31,2.638
2019-11-01,2.653
2019-11-04,2.671
2019-11-05,2.7005
2019-11-06,2.665
2019-11-07,2.7275
2019-11-08,2.682
2019-11-11,2.664
2019-11-12,2.6455
2019-11-13,2.6395
2019-11-14,2.6215
2019-11-15,2.6515
2019-11-18,2.634
2019-11-19,2.6685
2019-11-20,2.6605
2019-11-21,2.636
2019-11-22,2.659
2019-11-25,2.662
2019-11-26,2.6975
2019-11-27,2.696
2019-11-29,2.6615
2019-12-02,2.6505
2019-12-03,2.623
2019-12-04,2.659
2019-12-05,2.663
2019-12-06,2.725
2019-12-09,2.7585
2019-12-10,2.7655
2019-12-11,2.7895
2019-12-12,2.7965
2019-12-13,2.781
2019-12-16,2.8115
2019-12-17,2.8135
2019-12-18,2.8125
2019-12-19,2.8265
2019-12-20,2.806
2019-12-23,2.8085
2019-12-24,2.8275
2019-12-26,2.849
2019-12-27,2.8295
2019-12-30,2.8335
2019-12-31,2.797
2020-01-02,2.825
2020-01-03,2.787
2020-01-06,2.79
2020-01-07,2.7935
2020-01-08,2.812
2020-01-09,2.802
2020-01-10,2.8135
2020-01-13,2.861
2020-01-14,2.8735
2020-01-15,2.866
2020-01-16,2.847
2020-01-17,2.8455
2020-01-21,2.7935
2020-01-22,2.765
2020-01-23,2.726
2020-01-24,2.684
2020-01-27,2.5965
2020-01-28,2.5795
2020-01-29,2.554
2020-01-30,2.524
2020-01-31,2.517
2020-02-03,2.507
2020-02-04,2.542
2020-02-05,2.5745
2020-02-06,2.593
2020-02-07,2.553
2020-02-10,2.5505
2020-02-11,2.583
2020-02-12,2.6
2020-02-13,2.613
2020-02-14,2.5995
2020-02-18,2.6115
2020-02-19,2.614
2020-02-20,2.596
2020-02-21,2.616
2020-02-24,2.5835
2020-02-25,2.582
2020-02-26,2.5735
2020-02-27,2.5715
2020-02-28,2.54
2020-03-02,2.595
2020-03-03,2.573
2020-03-04,2.586
2020-03-05,2.573
2020-03-06,2.5605
2020-03-09,2.5105
2020-03-10,2.5215
2020-03-11,2.502
2020-03-12,2.4725
2020-03-13,2.464
2020-03-16,2.3925
2020-03-17,2.3135
2020-03-18,2.151
2020-03-19,2.1855
2020-03-20,2.1715
2020-03-23,2.1005
2020-03-24,2.18
2020-03-25,2.204
2020-03-26,2.178
2020-03-27,2.172
2020-03-30,2.1555
2020-03-31,2.228
2020-04-01,2.1745
2020-04-02,2.2185
2020-04-03,2.1925
2020-04-06,2.2175
2020-04-07,2.2725
2020-04-08,2.26
2020-04-09,2.2595
2020-04-13,2.3025
2020-04-14,2.3295
2020-04-15,2.296
2020-04-16,2.3055
2020-04-17,2.357
2020-04-20,2.337
2020-04-21,2.2645
2020-04-22,2.309
2020-04-23,2.318
2020-04-24,2.3365
2020-04-27,2.345
2020-04-28,2.3455
2020-04-29,2.3705
2020-04-30,2.344
2020-05-01,2.312
2020-05-04,2.3125
2020-05-05,2.3325
2020-05-06,2.347
2020-05-07,2.3805
2020-05-08,2.406
2020-05-11,2.38
2020-05-12,2.359
2020-05-13,2.346
2020-05-14,2.346
2020-05-15,2.3305
2020-05-18,2.404
2020-05-19,2.418
2020-05-20,2.46
2020-05-21,2.432
2020-05-22,2.3865
2020-05-26,2.4185
2020-05-27,2.382
2020-05-28,2.4135
2020-05-29,2.4255
2020-06-01,2.4705
2020-06-02,2.491
2020-06-03,2.4875
2020-06-04,2.4895
2020-06-05,2.5555
2020-06-08,2.5655
2020-06-09,2.599
2020-06-10,2.6565
2020-06-11,2.5865
2020-06-12,2.6
2020-06-15,2.567
2020-06-16,2.5645
2020-06-17,2.5895
2020-06-18,2.588
2020-06-19,2.611
2020-06-22,2.6525
2020-06-23,2.6585
2020-06-24,2.6505
2020-06-25,2.663
2020-06-26,2.659
2020-06-29,2.6925
2020-06-30,2.7285
2020-07-01,2.734
2020-07-02,2.7485
2020-07-06,2.7745
2020-07-07,2.797
2020-07-08,2.824
2020-07-09,2.8385
2020-07-10,2.8975
2020-07-13,2.955
2020-07-14,2.9325
2020-07-15,2.885
2020-07-16,2.9015
2020-07-17,2.9045
2020-07-20,2.9155
2020-07-21,2.958
2020-07-22,2.9245
2020-07-23,2.9385
2020-07-24,2.8925
2020-07-27,2.8975
2020-07-28,2.9175
2020-07-29,2.919
2020-07-30,2.914
2020-07-31,2.868
2020-08-03,2.912
2020-08-04,2.8945
2020-08-05,2.917
2020-08-06,2.9105
2020-08-07,2.7925
2020-08-10,2.8615
2020-08-11,2.8755
2020-08-12,2.891
2020-08-13,2.807
2020-08-14,2.859
2020-08-17,2.9015
2020-08-18,2.975
2020-08-19,3.023
2020-08-20,2.9745
2020-08-21,2.9175
2020-08-24,2.9265
2020-08-25,2.934
2020-08-26,2.9615
2020-08-27,2.9675
2020-08-28,3.0195
2020-08-31,3.0615
2020-09-01,3.0285
2020-09-02,3.0205
2020-09-03,2.975
2020-09-04,3.062
2020-09-08,3.025
2020-09-09,3.0515
2020-09-10,2.9985
2020-09-11,3.0395
2020-09-14,3.068
2020-09-15,3.063
2020-09-16,3.061
2020-09-17,3.071
2020-09-18,3.116
2020-09-21,3.032
2020-09-22,3.061
2020-09-23,2.993
2020-09-24,2.968
2020-09-25,2.971
2020-09-28,2.99
2020-09-29,2.99
2020-09-30,3.0325
2020-10-01,2.8655
2020-10-02,2.9775
2020-10-05,2.963
2020-10-06,2.9635
2020-10-07,3.033
2020-10-08,3.042
2020-10-09,3.0825
2020-10-12,3.064
2020-10-13,3.0445
2020-10-14,3.0505
2020-10-15,3.0855
2020-10-16,3.0675
2020-10-19,3.086
2020-10-20,3.148
2020-10-21,3.1985
2020-10-22,3.1535
2020-10-23,3.129
2020-10-26,3.0895
2020-10-27,3.0935
2020-10-28,3.064
2020-10-29,3.0565
2020-10-30,3.0475
2020-11-02,3.077
2020-11-03,3.0925
2020-11-04,3.107
2020-11-05,3.11
2020-11-06,3.154
2020-11-09,3.156
2020-11-10,3.1555
2020-11-11,3.134
2020-11-12,3.145
2020-11-13,3.178
2020-11-16,3.222
2020-11-17,3.198
2020-11-18,3.198
2020-11-19,3.202
2020-11-20,3.291
2020-11-23,3.258
2020-11-24,3.2995
2020-11-25,3.3095
2020-11-27,3.3995
2020-11-30,3.438
2020-12-01,3.485
2020-12-02,3.489
2020-12-03,3.4905
2020-12-04,3.5245
2020-12-07,3.5165
2020-12-08,3.499
2020-12-09,3.5135
2020-12-10,3.576
2020-12-11,3.528
2020-12-14,3.5265
2020-12-15,3.5445
2020-12-16,3.559
2020-12-17,3.6015
2020-12-18,3.6325
2020-12-21,3.5775
2020-12-22,3.52
2020-12-23,3.556
2020-12-24,3.5625
2020-12-28,3.571
2020-12-29,3.5555
2020-12-30,3.549
2020-12-31,3.519
2021-01-04,3.5545
2021-01-05,3.6395
2021-01-06,3.6505
2021-01-07,3.696
2021-01-08,3.6735
2021-01-11,3.5645
2021-01-12,3.6055
2021-01-13,3.617
2021-01-14,3.6645
2021-01-15,3.602
2021-01-19,3.6335
2021-01-20,3.6415
2021-01-21,3.6475
2021-01-22,3.626
2021-01-25,3.6295
2021-01-26,3.6195
2021-01-27,3.5575
2021-01-28,3.578
2021-01-29,3.556
2021-02-01,3.546
2021-02-02,3.5245
2021-02-03,3.5655
2021-02-04,3.553
2021-02-05,3.626
2021-02-08,3.666
2021-02-09,3.72
2021-02-10,3.7725
2021-02-11,3.7715
2021-02-12,3.788
2021-02-16,3.834
2021-02-17,3.8205
2021-02-18,3.901
2021-02-19,4.074
2021-02-22,4.141
2021-02-23,4.1785
2021-02-24,4.2945
2021-02-25,4.2635
2021-02-26,4.0925
2021-03-01,4.113
2021-03-02,4.222
2021-03-03,4.142
2021-03-04,3.9785
2021-03-05,4.0755
2021-03-08,4.093
2021-03-09,4.0085
2021-03-10,4.0325
2021-03-11,4.139
2021-03-12,4.14
2021-03-15,4.1405
2021-03-16,4.0715
2021-03-17,4.119
2021-03-18,4.108
2021-03-19,4.113
2021-03-22,4.1395
2021-03-23,4.0795
2021-03-24,4.064
2021-03-25,3.978
2021-03-26,4.068
2021-03-29,4.0345
2021-03-30,3.9785
2021-03-31,3.9955
2021-04-01,3.9905
2021-04-05,4.1375
2021-04-06,4.1165
2021-04-07,4.0545
2021-04-08,4.0945
2021-04-09,4.04
2021-04-12,4.0185
2021-04-13,4.0315
2021-04-14,4.1285
2021-04-15,4.2185
2021-04-16,4.168
2021-04-19,4.238
2021-04-20,4.213
2021-04-21,4.279
2021-04-22,4.273
2021-04-23,4.336
2021-04-26,4.441
2021-04-27,4.488
2021-04-28,4.498
2021-04-29,4.4865
2021-04-30,4.468
2021-05-03,4.5285
2021-05-04,4.5215
2021-05-05,4.524
2021-05-06,4.6025
2021-05-07,4.7485
2021-05-10,4.716
2021-05-11,4.762
2021-05-12,4.736
2021-05-13,4.6905
2021-05-14,4.6545
2021-05-17,4.7115
2021-05-18,4.7255
2021-05-19,4.5765
2021-05-20,4.568
2021-05-21,4.481
2021-05-24,4.5255
2021-05-25,4.5065
2021-05-26,4.5295
2021-05-27,4.663
2021-05-28,4.6775
2021-06-01,4.6535
2021-06-02,4.5915
2021-06-03,4.463
2021-06-04,4.529
2021-06-07,4.5265
2021-06-08,4.556
2021-06-09,4.531
2021-06-10,4.485
2021-06-11,4.5375
2021-06-14,4.527
2021-06-15,4.333
2021-06-16,4.385
2021-06-17,4.178
2021-06-18,4.157
2021-06-21,4.184
2021-06-22,4.23
2021-06-23,4.3305
2021-06-24,4.311
2021-06-25,4.292
2021-06-28,4.278
2021-06-29,4.2645
2021-06-30,4.289
2021-07-01,4.236
2021-07-02,4.276
2021-07-06,4.251
2021-07-07,4.3225
2021-07-08,4.2645
2021-07-09,4.3455
2021-07-12,4.316
2021-07-13,4.307
2021-07-14,4.2675
2021-07-15,4.323
2021-07-16,4.323
2021-07-19,4.2015
2021-07-20,4.263
2021-07-21,4.272
2021-07-22,4.3375
2021-07-23,4.4
2021-07-26,4.585
2021-07-27,4.5445
2021-07-28,4.482
2021-07-29,4.5235
2021-07-30,4.4825
2021-08-02,4.433
2021-08-03,4.386
2021-08-04,4.3325
2021-08-05,4.348
2021-08-06,4.348
2021-08-09,4.2895
2021-08-10,4.354
2021-08-11,4.3675
2021-08-12,4.36
2021-08-13,4.3915
2021-08-16,4.327
2021-08-17,4.206
2021-08-18,4.12
2021-08-19,4.041
2021-08-20,4.137
2021-08-23,4.237
2021-08-24,4.258
2021-08-25,4.2675
2021-08-26,4.2475
2021-08-27,4.332
2021-08-30,4.3755
2021-08-31,4.375
2021-09-01,4.278
2021-09-02,4.304
2021-09-03,4.334
2021-09-07,4.2815
2021-09-08,4.233
2021-09-09,4.2855
2021-09-10,4.452
2021-09-13,4.367
2021-09-14,4.321
2021-09-15,4.4065
2021-09-16,4.2815
2021-09-17,4.246
2021-09-20,4.1145
2021-09-21,4.126
2021-09-22,4.252
2021-09-23,4.231
2021-09-24,4.2855
2021-09-27,4.2895
2021-09-28,4.2465
2021-09-29,4.199
2021-09-30,4.089
2021-10-01,4.1885
2021-10-04,4.2385
2021-10-05,4.1925
2021-10-06,4.1475
2021-10-07,4.2435
2021-10-08,4.2755
2021-10-11,4.3665
2021-10-12,4.3255
2021-10-13,4.516
2021-10-14,4.6315
2021-10-15,4.7295
2021-10-18,4.7255
2021-10-19,4.703
2021-10-20,4.7345
2021-10-21,4.5585
2021-10-22,4.498
2021-10-25,4.528
2021-10-26,4.486
2021-10-27,4.3895
2021-10-28,4.4385
2021-10-29,4.368
2021-11-01,4.3935
2021-11-02,4.366
2021-11-03,4.321
2021-11-04,4.3205
2021-11-05,4.343
2021-11-08,4.399
2021-11-09,4.373
2021-11-10,4.323
2021-11-11,4.3995
2021-11-12,4.4495
2021-11-15,4.4
2021-11-16,4.3515
2021-11-17,4.266
2021-11-18,4.3045
2021-11-19,4.4075
2021-11-22,4.3965
2021-11-23,4.4235
2021-11-24,4.459
2021-11-30,4.28
2021-12-01,4.2475
2021-12-02,4.299
2021-12-03,4.267
2021-12-06,4.3375
2021-12-07,4.3395
2021-12-08,4.3935
2021-12-09,4.333
2021-12-10,4.2865
2021-12-13,4.284
2021-12-14,4.2575
2021-12-15,4.1825
2021-12-16,4.3045
2021-12-17,4.295
2021-12-20,4.2935
2021-12-21,4.346
2021-12-22,4.3915
2021-12-23,4.3925
2021-12-27,4.472
2021-12-28,4.433
2021-12-29,4.413
2021-12-30,4.3925
2021-12-31,4.4635
2022-01-03,4.4215
2022-01-04,4.475
2022-01-05,4.4135
2022-01-06,4.3545
2022-01-07,4.41
2022-01-10,4.352
2022-01-11,4.429
2022-01-12,4.5765
2022-01-13,4.546
2022-01-14,4.4205
2022-01-18,4.3825
2022-01-19,4.47
2022-01-20,4.5825
2022-01-21,4.524
2022-01-24,4.4125
2022-01-25,4.45
2022-01-26,4.515
2022-01-27,4.4235
2022-01-28,4.31
2022-01-31,4.3245
2022-02-01,4.434
2022-02-02,4.496
2022-02-03,4.471
2022-02-04,4.4875
2022-02-07,4.4625
2022-02-08,4.461
2022-02-09,4.6025
2022-02-10,4.6595
2022-02-11,4.506
2022-02-14,4.5075
2022-02-15,4.5315
2022-02-16,4.5365
2022-02-17,4.523
2022-02-18,4.5195
2022-02-22,4.5105
2022-02-23,4.484
2022-02-24,4.456
2022-02-25,4.485
2022-02-28,4.4545
2022-03-01,4.5965
2022-03-02,4.6655
2022-03-03,4.7815
2022-03-04,4.9375
2022-03-07,4.731
2022-03-08,4.71
2022-03-09,4.5725
2022-03-10,4.6525
2022-03-11,4.6255
2022-03-14,4.523
2022-03-15,4.513
2022-03-16,4.6005
2022-03-17,4.702
2022-03-18,4.7395
2022-03-21,4.7105
2022-03-22,4.7
2022-03-23,4.7765
2022-03-24,4.7425
2022-03-25,4.6985
2022-03-28,4.7255
2022-03-29,4.731
2022-03-30,4.7505
2022-03-31,4.751
2022-04-01,4.6885
2022-04-04,4.7815
2022-04-05,4.795
2022-04-06,4.738
2022-04-07,4.6995
2022-04-08,4.725
2022-04-11,4.634
2022-04-12,4.7095
2022-04-13,4.712
2022-04-14,4.7235
2022-04-18,4.802
2022-04-19,4.718
2022-04-20,4.652
2022-04-21,4.704
2022-04-22,4.5815
2022-04-25,4.449
2022-04-26,4.464
2022-04-27,4.475
2022-04-28,4.4335
2022-04-29,4.4085
2022-05-02,4.268
2022-05-03,4.283
2022-05-04,4.338
2022-05-05,4.2915
2022-05-06,4.267
2022-05-09,4.1935
2022-05-10,4.1545
2022-05-11,4.209
2022-05-12,4.1005
2022-05-13,4.175
2022-05-16,4.1915
2022-05-17,4.239
2022-05-18,4.1785
2022-05-19,4.283
2022-05-20,4.275
2022-05-23,4.3455
2022-05-24,4.305
2022-05-25,4.2545
2022-05-26,4.259
2022-05-27,4.3065
2022-05-31,4.296
2022-06-01,4.3285
2022-06-02,4.5525
2022-06-03,4.472
2022-06-06,4.435
2022-06-07,4.4355
2022-06-08,4.4545
2022-06-09,4.381
2022-06-10,4.2945
2022-06-13,4.2115
2022-06-14,4.1565
2022-06-15,4.1635
2022-06-16,4.108
2022-06-17,4.0135
2022-06-21,4.039
2022-06-22,3.944
2022-06-23,3.739
2022-06-24,3.7405
2022-06-27,3.7625
2022-06-28,3.78
2022-06-29,3.7805
2022-06-30,3.71
2022-07-01,3.604
2022-07-05,3.415
2022-07-06,3.408
2022-07-07,3.572
2022-07-08,3.522
2022-07-11,3.4305
2022-07-12,3.288
2022-07-13,3.3225
2022-07-14,3.2115
2022-07-15,3.234
2022-07-18,3.346
2022-07-19,3.291
2022-07-20,3.325
2022-07-21,3.2985
2022-07-22,3.3495
2022-07-25,3.3545
2022-07-26,3.3845
2022-07-27,3.43
2022-07-28,3.4745
2022-07-29,3.5735
2022-08-01,3.5425
2022-08-02,3.5185
2022-08-03,3.467
2022-08-04,3.4815
2022-08-05,3.552
2022-08-08,3.5865
2022-08-09,3.5855
2022-08-10,3.6495
2022-08-11,3.7065
2022-08-12,3.6685
2022-08-15,3.6175
2022-08-16,3.6245
2022-08-17,3.5835
2022-08-18,3.6315
2022-08-19,3.6645
2022-08-22,3.6515
2022-08-23,3.6955
2022-08-24,3.644
2022-08-25,3.699
2022-08-26,3.697
2022-08-29,3.612
2022-08-30,3.551
2022-08-31,3.5185
2022-09-01,3.4065
2022-09-02,3.4135
2022-09-06,3.462
2022-09-07,3.4305
2022-09-08,3.527
2022-09-09,3.568
2022-09-12,3.6105
2022-09-13,3.5555
2022-09-14,3.5195
2022-09-15,3.49
2022-09-16,3.5165
2022-09-19,3.5125
2022-09-20,3.503
2022-09-21,3.467
2022-09-22,3.471
2022-09-23,3.343
2022-09-26,3.2945
2022-09-27,3.2835
2022-09-28,3.3585
2022-09-29,3.418
2022-09-30,3.4125
2022-10-03,3.41
2022-10-04,3.49
2022-10-05,3.5005
2022-10-06,3.446
2022-10-07,3.3865
2022-10-10,3.4305
2022-10-11,3.462
2022-10-12,3.425
2022-10-13,3.4405
2022-10-14,3.4235
2022-10-17,3.4155
2022-10-18,3.362
2022-10-19,3.318
2022-10-20,3.4105
2022-10-21,3.4745
2022-10-24,3.4305
2022-10-25,3.397
2022-10-26,3.545
2022-10-27,3.5195
2022-10-28,3.429
2022-10-31,3.375
2022-11-01,3.4725
2022-11-02,3.4685
2022-11-03,3.427
2022-11-04,3.6865
2022-11-07,3.6035
2022-11-08,3.6825
2022-11-09,3.7
2022-11-10,3.758
2022-11-11,3.9135
2022-11-14,3.8335
2022-11-15,3.82
2022-11-16,3.7735
2022-11-17,3.688
2022-11-18,3.632
2022-11-21,3.5715
2022-11-22,3.6145
2022-11-23,3.6185
2022-11-25,3.6305
2022-11-28,3.6155
2022-11-29,3.6395
2022-11-30,3.738
2022-12-01,3.8175
2022-12-02,3.8505
2022-12-05,3.795
2022-12-06,3.818
2022-12-07,3.8605
2022-12-08,3.8835
2022-12-09,3.8785
2022-12-12,3.8005
2022-12-13,3.842
2022-12-14,3.878
2022-12-15,3.763
2022-12-16,3.7615
2022-12-19,3.783
2022-12-20,3.799
2022-12-21,3.81
2022-12-22,3.757
2022-12-23,3.809
2022-12-27,3.8405
2022-12-28,3.8425
2022-12-29,3.824
2022-12-30,3.8105
2023-01-03,3.7665
2023-01-04,3.7405
2023-01-05,3.821
2023-01-06,3.911
2023-01-09,4.0265
2023-01-10,4.0775
2023-01-11,4.166
2023-01-12,4.1965
2023-01-13,4.216
2023-01-17,4.223
2023-01-18,4.2345
2023-01-19,4.2315
2023-01-20,4.2515
2023-01-23,4.2565
2023-01-24,4.2485
2023-01-25,4.2445
2023-01-26,4.2675
2023-01-27,4.2225
2023-01-30,4.202
2023-01-31,4.226
2023-02-01,4.111
2023-02-02,4.091
2023-02-03,4.0565
2023-02-06,4.035
2023-02-07,4.0805
2023-02-08,4.0355
2023-02-09,4.097
2023-02-10,4.0165
2023-02-13,4.0575
2023-02-14,4.075
2023-02-15,4.0105
2023-02-16,4.1355
2023-02-17,4.1085
2023-02-21,4.2255
2023-02-22,4.1905
2023-02-23,4.059
2023-02-24,3.952
2023-02-27,4.011
2023-02-28,4.0895
2023-03-01,4.16
2023-03-02,4.076
2023-03-03,4.067
2023-03-06,4.0885
2023-03-07,3.975
2023-03-08,4.027
2023-03-09,4.039
2023-03-10,4.0305
2023-03-13,4.0535
2023-03-14,4.003
2023-03-15,3.843
2023-03-16,3.8645
2023-03-17,3.8925
2023-03-20,3.9515
2023-03-21,3.994
2023-03-22,4.0445
2023-03-23,4.1235
2023-03-24,4.075
2023-03-27,4.0785
2023-03-28,4.0855
2023-03-29,4.0865
2023-03-30,4.0915
2023-03-31,4.0945
2023-04-03,4.0455
2023-04-04,3.971
2023-04-05,3.9865
2023-04-06,4.0155
2023-04-10,3.9765
2023-04-11,4.0195
2023-04-12,4.081
2023-04-13,4.124
2023-04-14,4.1065
2023-04-17,4.066
2023-04-18,4.0915
2023-04-19,4.077
2023-04-20,4.0255
2023-04-21,3.98
2023-04-24,3.954
2023-04-25,3.848
2023-04-26,3.8615
2023-04-27,3.884
2023-04-28,3.8905
2023-05-01,3.934
2023-05-02,3.8625
2023-05-03,3.845
2023-05-04,3.863
2023-05-05,3.883
2023-05-08,3.9295
2023-05-09,3.9015
2023-05-10,3.841
2023-05-11,3.71
2023-05-12,3.7285
2023-05-15,3.751
2023-05-16,3.667
2023-05-17,3.7545
2023-05-18,3.6895
2023-05-19,3.732
2023-05-22,3.685
2023-05-23,3.6545
2023-05-24,3.5615
2023-05-25,3.588
2023-05-26,3.682
2023-05-30,3.663
2023-05-31,3.637
2023-06-01,3.711
2023-06-02,3.7275
2023-06-05,3.768
2023-06-06,3.7685
2023-06-07,3.756
2023-06-08,3.795
2023-06-09,3.789
2023-06-12,3.752
2023-06-13,3.831
2023-06-14,3.87
2023-06-15,3.901
2023-06-16,3.889
2023-06-20,3.8835
2023-06-21,3.9135
2023-06-22,3.89
2023-06-23,3.8035
2023-06-26,3.784
2023-06-27,3.7885
2023-06-28,3.7425
2023-06-29,3.699
2023-06-30,3.7595
2023-07-03,3.794
2023-07-05,3.7685
2023-07-06,3.7345
2023-07-07,3.782
2023-07-10,3.7845
2023-07-11,3.766
