指标名称,期货收盘价(活跃合约):黄金
2010-01-04,245.96
2010-01-05,253.23
2010-01-06,251.1
2010-01-07,252.36
2010-01-08,249.56
2010-01-11,256.85
2010-01-12,257.15
2010-01-13,250.72
2010-01-14,252.97
2010-01-15,252.21
2010-01-18,251.81
2010-01-19,252.39
2010-01-20,251.38
2010-01-21,248.3
2010-01-22,243.32
2010-01-25,245.36
2010-01-26,243.1
2010-01-27,243.81
2010-01-28,241.44
2010-01-29,239.36
2010-02-01,239.56
2010-02-02,244.74
2010-02-03,247.24
2010-02-04,245.11
2010-02-05,235.77
2010-02-08,236.86
2010-02-09,238.47
2010-02-10,239.85
2010-02-11,240.3
2010-02-12,242.2
2010-02-22,248.33
2010-02-23,247.22
2010-02-24,245.06
2010-02-25,242.28
2010-02-26,246.4
2010-03-01,247.79
2010-03-02,247.38
2010-03-03,251.9
2010-03-04,251.05
2010-03-05,251.28
2010-03-08,252.01
2010-03-09,248.36
2010-03-10,249.44
2010-03-11,245.93
2010-03-12,246.82
2010-03-15,244.99
2010-03-16,246.34
2010-03-17,250.13
2010-03-18,248.53
2010-03-19,248.71
2010-03-22,244.99
2010-03-23,244.5
2010-03-24,243.9
2010-03-25,241.8
2010-03-26,243.88
2010-03-29,246.01
2010-03-30,246.46
2010-03-31,245.28
2010-04-01,245.91
2010-04-02,248.03
2010-04-06,248.7
2010-04-07,250.68
2010-04-08,251.8
2010-04-09,253.7
2010-04-12,255.42
2010-04-13,253.45
2010-04-14,254.45
2010-04-15,254.16
2010-04-16,254.23
2010-04-19,249.7
2010-04-20,251.07
2010-04-21,252.56
2010-04-22,252.5
2010-04-23,251.26
2010-04-26,255.41
2010-04-27,254.39
2010-04-28,256.8
2010-04-29,257.08
2010-04-30,258.59
2010-05-04,258.61
2010-05-05,257.33
2010-05-06,258.2
2010-05-07,264.6
2010-05-10,262.75
2010-05-11,265.64
2010-05-12,270.17
2010-05-13,271.14
2010-05-14,271.32
2010-05-17,271.89
2010-05-18,267.62
2010-05-19,266.29
2010-05-20,261.27
2010-05-21,259.72
2010-05-24,262.25
2010-05-25,262.17
2010-05-26,265.8
2010-05-27,266.7
2010-05-28,267.68
2010-05-31,266.54
2010-06-01,268.59
2010-06-02,268.71
2010-06-03,269.18
2010-06-04,264.82
2010-06-07,267.77
2010-06-08,272.9
2010-06-09,271.35
2010-06-10,270.24
2010-06-11,268.44
2010-06-17,271.47
2010-06-18,273.93
2010-06-21,276.98
2010-06-22,271.24
2010-06-23,272.08
2010-06-24,270.75
2010-06-25,272.95
2010-06-28,274.91
2010-06-29,270.6
2010-06-30,272.04
2010-07-01,270.8
2010-07-02,263.12
2010-07-05,264.26
2010-07-06,263.01
2010-07-07,259.4
2010-07-08,263.16
2010-07-09,261.36
2010-07-12,263.3
2010-07-13,261.2
2010-07-14,264.6
2010-07-15,263.75
2010-07-16,263.02
2010-07-19,260.3
2010-07-20,258.85
2010-07-21,259.76
2010-07-22,258.73
2010-07-23,261.46
2010-07-26,261.12
2010-07-27,259.46
2010-07-28,255.18
2010-07-29,256.17
2010-07-30,255.94
2010-08-02,259.25
2010-08-03,258.95
2010-08-04,261.57
2010-08-05,261.4
2010-08-06,262.9
2010-08-09,264.63
2010-08-10,262.0
2010-08-11,262.43
2010-08-12,262.9
2010-08-13,266.73
2010-08-16,267.48
2010-08-17,267.8
2010-08-18,267.55
2010-08-19,268.98
2010-08-20,268.78
2010-08-23,268.6
2010-08-24,266.86
2010-08-25,269.8
2010-08-26,271.11
2010-08-27,270.22
2010-08-30,270.41
2010-08-31,270.28
2010-09-01,274.1
2010-09-02,273.1
2010-09-03,273.72
2010-09-06,273.25
2010-09-07,273.15
2010-09-08,275.33
2010-09-09,273.83
2010-09-10,272.01
2010-09-13,272.08
2010-09-14,272.6
2010-09-15,276.55
2010-09-16,275.95
2010-09-17,278.24
2010-09-20,279.2
2010-09-21,277.4
2010-09-27,281.15
2010-09-28,279.42
2010-09-29,283.19
2010-09-30,284.11
2010-10-08,285.69
2010-10-11,290.85
2010-10-12,289.98
2010-10-13,292.47
2010-10-14,297.47
2010-10-15,297.18
2010-10-18,292.41
2010-10-19,293.34
2010-10-20,286.99
2010-10-21,286.95
2010-10-22,284.41
2010-10-25,291.5
2010-10-26,289.28
2010-10-27,287.83
2010-10-28,287.55
2010-10-29,290.01
2010-11-01,295.27
2010-11-02,294.28
2010-11-03,292.39
2010-11-04,293.67
2010-11-05,301.24
2010-11-08,301.62
2010-11-09,311.23
2010-11-10,305.76
2010-11-11,307.16
2010-11-12,301.0
2010-11-15,295.9
2010-11-16,294.55
2010-11-17,288.4
2010-11-18,292.99
2010-11-19,294.0
2010-11-22,294.31
2010-11-23,294.98
2010-11-24,298.68
2010-11-25,297.45
2010-11-26,295.21
2010-11-29,294.8
2010-11-30,296.31
2010-12-01,303.95
2010-12-02,304.96
2010-12-03,303.65
2010-12-06,308.51
2010-12-07,309.84
2010-12-08,301.3
2010-12-09,300.35
2010-12-10,301.38
2010-12-13,302.34
2010-12-14,305.95
2010-12-15,301.1
2010-12-16,300.25
2010-12-17,299.53
2010-12-20,302.35
2010-12-21,302.38
2010-12-22,302.33
2010-12-23,302.01
2010-12-24,301.5
2010-12-27,301.6
2010-12-28,303.73
2010-12-29,307.1
2010-12-30,308.37
2010-12-31,309.11
2011-01-04,307.81
2011-01-05,299.95
2011-01-06,298.91
2011-01-07,297.01
2011-01-10,299.21
2011-01-11,299.66
2011-01-12,301.06
2011-01-13,299.84
2011-01-14,297.4
2011-01-17,292.75
2011-01-18,294.33
2011-01-19,295.86
2011-01-20,293.3
2011-01-21,290.2
2011-01-24,291.6
2011-01-25,287.75
2011-01-26,288.95
2011-01-27,290.41
2011-01-28,284.73
2011-01-31,288.35
2011-02-01,289.61
2011-02-09,292.96
2011-02-10,292.7
2011-02-11,293.32
2011-02-14,293.0
2011-02-15,293.59
2011-02-16,295.88
2011-02-17,296.06
2011-02-18,297.42
2011-02-21,299.27
2011-02-22,299.5
2011-02-23,299.7
2011-02-24,301.2
2011-02-25,299.61
2011-02-28,301.28
2011-03-01,302.0
2011-03-02,303.58
2011-03-03,301.61
2011-03-04,299.99
2011-03-07,304.33
2011-03-08,301.92
2011-03-09,301.78
2011-03-10,303.17
2011-03-11,299.12
2011-03-14,301.26
2011-03-15,299.38
2011-03-16,296.82
2011-03-17,295.8
2011-03-18,299.05
2011-03-21,303.1
2011-03-22,302.29
2011-03-23,302.42
2011-03-24,303.3
2011-03-25,303.28
2011-03-28,299.9
2011-03-29,299.82
2011-03-30,300.35
2011-03-31,301.26
2011-04-01,301.89
2011-04-06,306.13
2011-04-07,305.33
2011-04-08,307.8
2011-04-11,307.47
2011-04-12,305.89
2011-04-13,307.11
2011-04-14,307.69
2011-04-15,308.32
2011-04-18,312.22
2011-04-19,311.25
2011-04-20,314.54
2011-04-21,315.14
2011-04-22,315.64
2011-04-25,316.69
2011-04-26,312.8
2011-04-27,313.36
2011-04-28,318.1
2011-04-29,317.4
2011-05-03,317.15
2011-05-04,314.21
2011-05-05,313.11
2011-05-06,309.38
2011-05-09,310.9
2011-05-10,312.09
2011-05-11,314.64
2011-05-12,310.1
2011-05-13,314.24
2011-05-16,310.9
2011-05-17,311.59
2011-05-18,310.86
2011-05-19,312.37
2011-05-20,313.24
2011-05-23,314.14
2011-05-24,317.09
2011-05-25,317.23
2011-05-26,317.9
2011-05-27,317.54
2011-05-30,319.49
2011-05-31,320.01
2011-06-01,317.53
2011-06-02,320.25
2011-06-03,319.35
2011-06-07,321.3
2011-06-08,320.05
2011-06-09,319.0
2011-06-10,320.56
2011-06-13,318.5
2011-06-14,317.11
2011-06-15,317.19
2011-06-16,318.15
2011-06-17,317.66
2011-06-20,320.27
2011-06-21,321.31
2011-06-22,321.2
2011-06-23,321.07
2011-06-24,316.82
2011-06-27,311.52
2011-06-28,312.16
2011-06-29,313.57
2011-06-30,314.18
2011-07-01,311.8
2011-07-04,311.95
2011-07-05,311.24
2011-07-06,316.56
2011-07-07,319.55
2011-07-08,319.19
2011-07-11,321.86
2011-07-12,322.07
2011-07-13,326.66
2011-07-14,329.67
2011-07-15,328.11
2011-07-18,332.48
2011-07-19,334.11
2011-07-20,330.59
2011-07-21,333.45
2011-07-22,330.2
2011-07-25,336.1
2011-07-26,335.41
2011-07-27,336.62
2011-07-28,335.2
2011-07-29,334.5
2011-08-01,333.51
2011-08-02,335.58
2011-08-03,345.3
2011-08-04,345.62
2011-08-05,344.08
2011-08-08,354.47
2011-08-09,362.46
2011-08-10,361.78
2011-08-11,367.43
2011-08-12,362.99
2011-08-15,360.27
2011-08-16,366.46
2011-08-17,369.31
2011-08-18,370.38
2011-08-19,383.8
2011-08-22,392.38
2011-08-23,391.69
2011-08-24,380.9
2011-08-25,363.51
2011-08-26,367.8
2011-08-29,376.79
2011-08-30,372.3
2011-08-31,380.19
2011-09-01,376.35
2011-09-02,381.24
2011-09-05,390.6
2011-09-06,395.25
2011-09-07,378.7
2011-09-08,382.0
2011-09-09,388.31
2011-09-13,378.59
2011-09-14,378.33
2011-09-15,375.54
2011-09-16,365.91
2011-09-19,377.95
2011-09-20,368.8
2011-09-21,375.2
2011-09-22,367.01
2011-09-23,361.24
2011-09-26,341.94
2011-09-27,341.44
2011-09-28,341.25
2011-09-29,335.09
2011-09-30,338.39
2011-10-10,341.63
2011-10-11,345.93
2011-10-12,346.83
2011-10-13,346.42
2011-10-14,346.09
2011-10-17,347.35
2011-10-18,343.01
2011-10-19,340.52
2011-10-20,333.28
2011-10-21,335.25
2011-10-24,341.7
2011-10-25,341.1
2011-10-26,354.14
2011-10-27,355.44
2011-10-28,357.93
2011-10-31,352.62
2011-11-01,352.66
2011-11-02,355.8
2011-11-03,355.98
2011-11-04,362.03
2011-11-07,364.6
2011-11-08,368.18
2011-11-09,367.02
2011-11-10,360.15
2011-11-11,362.9
2011-11-14,367.36
2011-11-15,363.53
2011-11-16,362.82
2011-11-17,362.88
2011-11-18,353.56
2011-11-21,353.71
2011-11-22,346.59
2011-11-23,351.0
2011-11-24,348.8
2011-11-25,346.5
2011-11-28,351.26
2011-11-29,352.63
2011-11-30,353.2
2011-12-01,359.0
2011-12-02,359.06
2011-12-05,358.96
2011-12-06,352.75
2011-12-07,356.23
2011-12-08,357.88
2011-12-09,351.35
2011-12-12,346.96
2011-12-13,339.66
2011-12-14,337.53
2011-12-15,322.33
2011-12-16,328.7
2011-12-19,328.39
2011-12-20,329.7
2011-12-21,334.48
2011-12-22,331.51
2011-12-23,330.92
2011-12-26,327.35
2011-12-27,326.23
2011-12-28,324.18
2011-12-29,316.0
2011-12-30,319.45
2012-01-04,327.3
2012-01-05,331.95
2012-01-06,333.41
2012-01-09,330.3
2012-01-10,332.2
2012-01-11,336.2
2012-01-12,336.98
2012-01-13,336.65
2012-01-16,335.15
2012-01-17,339.77
2012-01-18,338.65
2012-01-19,340.68
2012-01-20,339.57
2012-01-30,353.21
2012-01-31,355.02
2012-02-01,354.07
2012-02-02,356.84
2012-02-03,358.58
2012-02-06,353.33
2012-02-07,352.63
2012-02-08,357.66
2012-02-09,355.09
2012-02-10,353.1
2012-02-13,352.56
2012-02-14,350.3
2012-02-15,352.18
2012-02-16,350.81
2012-02-17,353.34
2012-02-20,353.73
2012-02-21,355.59
2012-02-22,358.22
2012-02-23,362.49
2012-02-24,362.23
2012-02-27,360.9
2012-02-28,361.85
2012-02-29,364.75
2012-03-01,349.83
2012-03-02,350.49
2012-03-05,348.82
2012-03-06,346.76
2012-03-07,341.28
2012-03-08,344.61
2012-03-09,347.67
2012-03-12,347.96
2012-03-13,347.55
2012-03-14,341.39
2012-03-15,337.36
2012-03-16,340.7
2012-03-19,340.92
2012-03-20,338.52
2012-03-21,338.6
2012-03-22,337.99
2012-03-23,337.21
2012-03-26,340.78
2012-03-27,345.84
2012-03-28,342.39
2012-03-29,339.97
2012-03-30,340.2
2012-04-05,333.18
2012-04-06,334.4
2012-04-09,336.42
2012-04-10,337.61
2012-04-11,339.78
2012-04-12,339.4
2012-04-13,342.62
2012-04-16,335.8
2012-04-17,336.3
2012-04-18,338.46
2012-04-19,335.99
2012-04-20,336.3
2012-04-23,335.91
2012-04-24,335.05
2012-04-25,336.2
2012-04-26,338.03
2012-04-27,338.22
2012-05-02,338.15
2012-05-03,335.93
2012-05-04,334.56
2012-05-07,335.3
2012-05-08,333.59
2012-05-09,325.91
2012-05-10,326.4
2012-05-11,324.16
2012-05-14,322.89
2012-05-15,318.91
2012-05-16,313.97
2012-05-17,318.34
2012-05-18,323.19
2012-05-21,327.53
2012-05-22,325.26
2012-05-23,320.02
2012-05-24,321.4
2012-05-25,321.74
2012-05-28,326.3
2012-05-29,325.5
2012-05-30,319.86
2012-05-31,323.0
2012-06-01,322.63
2012-06-04,335.67
2012-06-05,334.36
2012-06-06,336.35
2012-06-07,334.7
2012-06-08,324.93
2012-06-11,329.85
2012-06-12,328.34
2012-06-13,332.6
2012-06-14,333.61
2012-06-15,335.26
2012-06-18,333.5
2012-06-19,335.5
2012-06-20,333.49
2012-06-21,330.14
2012-06-25,325.12
2012-06-26,326.9
2012-06-27,324.34
2012-06-28,325.39
2012-06-29,324.51
2012-07-02,328.1
2012-07-03,331.73
2012-07-04,333.3
2012-07-05,333.8
2012-07-06,330.59
2012-07-09,326.9
2012-07-10,327.3
2012-07-11,326.1
2012-07-12,324.7
2012-07-13,326.45
2012-07-16,328.82
2012-07-17,329.64
2012-07-18,327.13
2012-07-19,326.95
2012-07-20,327.5
2012-07-23,326.15
2012-07-24,326.5
2012-07-25,327.49
2012-07-26,332.88
2012-07-27,335.3
2012-07-30,334.45
2012-07-31,335.58
2012-08-01,334.12
2012-08-02,331.48
2012-08-03,329.85
2012-08-06,332.9
2012-08-07,333.68
2012-08-08,332.55
2012-08-09,334.81
2012-08-10,334.0
2012-08-13,336.02
2012-08-14,334.03
2012-08-15,331.15
2012-08-16,331.71
2012-08-17,335.28
2012-08-20,335.13
2012-08-21,336.29
2012-08-22,339.52
2012-08-23,345.99
2012-08-24,344.79
2012-08-27,346.63
2012-08-28,343.82
2012-08-29,345.5
2012-08-30,343.38
2012-08-31,343.39
2012-09-03,349.71
2012-09-04,350.3
2012-09-05,350.16
2012-09-06,352.6
2012-09-07,349.61
2012-09-10,358.23
2012-09-11,357.78
2012-09-12,357.89
2012-09-13,356.13
2012-09-14,365.19
2012-09-17,364.4
2012-09-18,361.87
2012-09-19,365.41
2012-09-20,361.92
2012-09-21,363.67
2012-09-24,360.12
2012-09-25,360.86
2012-09-26,360.86
2012-09-27,360.31
2012-09-28,365.48
2012-10-08,361.38
2012-10-09,361.8
2012-10-10,359.55
2012-10-11,359.55
2012-10-12,359.95
2012-10-15,354.19
2012-10-16,353.61
2012-10-17,354.8
2012-10-18,354.46
2012-10-19,351.67
2012-10-22,350.09
2012-10-23,349.7
2012-10-24,347.3
2012-10-25,347.7
2012-10-26,345.0
2012-10-29,347.57
2012-10-30,347.28
2012-10-31,347.27
2012-11-01,352.0
2012-11-02,347.9
2012-11-05,342.02
2012-11-06,343.9
2012-11-07,351.98
2012-11-08,350.68
2012-11-09,354.54
2012-11-12,353.82
2012-11-13,351.53
2012-11-14,352.38
2012-11-15,351.25
2012-11-16,348.95
2012-11-19,351.33
2012-11-20,353.25
2012-11-21,351.55
2012-11-22,352.64
2012-11-23,353.5
2012-11-26,356.83
2012-11-27,356.55
2012-11-28,354.18
2012-11-29,349.92
2012-11-30,352.08
2012-12-03,349.3
2012-12-04,345.53
2012-12-05,346.47
2012-12-06,343.6
2012-12-07,346.28
2012-12-10,347.27
2012-12-11,347.69
2012-12-12,348.47
2012-12-13,344.99
2012-12-14,345.43
2012-12-17,343.89
2012-12-18,347.37
2012-12-19,341.84
2012-12-20,340.76
2012-12-21,335.92
2012-12-24,338.81
2012-12-25,337.24
2012-12-26,337.38
2012-12-27,337.96
2012-12-28,339.2
2012-12-31,340.29
2013-01-04,336.84
2013-01-07,338.54
2013-01-08,336.53
2013-01-09,339.32
2013-01-10,338.68
2013-01-11,341.39
2013-01-14,340.35
2013-01-15,340.9
2013-01-16,343.5
2013-01-17,342.49
2013-01-18,344.28
2013-01-21,344.06
2013-01-22,345.5
2013-01-23,344.81
2013-01-24,341.73
2013-01-25,340.1
2013-01-28,338.47
2013-01-29,339.07
2013-01-30,339.5
2013-01-31,341.3
2013-02-01,338.67
2013-02-04,340.15
2013-02-05,341.85
2013-02-06,340.83
2013-02-07,341.73
2013-02-08,341.09
2013-02-18,329.76
2013-02-19,329.73
2013-02-20,328.97
2013-02-21,320.84
2013-02-22,324.32
2013-02-25,324.04
2013-02-26,324.54
2013-02-27,328.09
2013-02-28,326.4
2013-03-01,323.1
2013-03-04,322.56
2013-03-05,323.47
2013-03-06,322.33
2013-03-07,323.05
2013-03-08,321.3
2013-03-11,322.74
2013-03-12,322.11
2013-03-13,324.3
2013-03-14,322.95
2013-03-15,324.19
2013-03-18,324.21
2013-03-19,325.73
2013-03-20,326.88
2013-03-21,326.08
2013-03-22,326.33
2013-03-25,325.58
2013-03-26,324.57
2013-03-27,322.97
2013-03-28,325.03
2013-03-29,323.45
2013-04-01,322.98
2013-04-02,323.73
2013-04-03,316.24
2013-04-08,319.29
2013-04-09,318.82
2013-04-10,320.25
2013-04-11,314.35
2013-04-12,314.49
2013-04-15,298.93
2013-04-16,276.38
2013-04-17,275.09
2013-04-18,275.78
2013-04-19,282.28
2013-04-22,282.7
2013-04-23,283.31
2013-04-24,286.49
2013-04-25,290.35
2013-04-26,296.15
2013-05-02,290.9
2013-05-03,295.41
2013-05-06,294.15
2013-05-07,289.98
2013-05-08,290.27
2013-05-09,292.87
2013-05-10,291.6
2013-05-13,285.43
2013-05-14,286.31
2013-05-15,281.82
2013-05-16,278.18
2013-05-17,275.11
2013-05-20,269.5
2013-05-21,279.51
2013-05-22,278.86
2013-05-23,276.23
2013-05-24,278.36
2013-05-27,279.32
2013-05-28,278.44
2013-05-29,277.46
2013-05-30,281.88
2013-05-31,283.57
2013-06-03,279.52
2013-06-04,281.26
2013-06-05,280.62
2013-06-06,279.01
2013-06-07,281.82
2013-06-13,278.24
2013-06-14,277.15
2013-06-17,277.58
2013-06-18,275.97
2013-06-19,274.48
2013-06-20,266.94
2013-06-21,261.3
2013-06-24,256.9
2013-06-25,257.9
2013-06-26,251.05
2013-06-27,250.5
2013-06-28,243.8
2013-07-01,252.4
2013-07-02,254.8
2013-07-03,252.35
2013-07-04,253.45
2013-07-05,251.3
2013-07-08,245.95
2013-07-09,253.35
2013-07-10,251.75
2013-07-11,259.6
2013-07-12,257.1
2013-07-15,259.15
2013-07-16,258.45
2013-07-17,259.35
2013-07-18,256.6
2013-07-19,258.55
2013-07-22,264.25
2013-07-23,266.2
2013-07-24,267.75
2013-07-25,264.05
2013-07-26,265.9
2013-07-29,263.3
2013-07-30,263.5
2013-07-31,265.9
2013-08-01,263.5
2013-08-02,257.1
2013-08-05,262.45
2013-08-06,258.45
2013-08-07,256.1
2013-08-08,258.1
2013-08-09,261.55
2013-08-12,266.05
2013-08-13,267.65
2013-08-14,263.8
2013-08-15,268.05
2013-08-16,271.95
2013-08-19,274.6
2013-08-20,271.2
2013-08-21,273.2
2013-08-22,272.35
2013-08-23,274.75
2013-08-26,278.55
2013-08-27,279.25
2013-08-28,284.25
2013-08-29,280.95
2013-08-30,280.15
2013-09-02,278.55
2013-09-03,277.6
2013-09-04,280.5
2013-09-05,276.5
2013-09-06,273.85
2013-09-09,276.8
2013-09-10,275.05
2013-09-11,272.9
2013-09-12,268.55
2013-09-13,262.7
2013-09-16,264.05
2013-09-17,262.35
2013-09-18,260.4
2013-09-23,264.3
2013-09-24,263.85
2013-09-25,264.4
2013-09-26,265.35
2013-09-27,264.2
2013-09-30,267.4
2013-10-08,264.9
2013-10-09,263.45
2013-10-10,260.7
2013-10-11,257.85
2013-10-14,255.2
2013-10-15,254.25
2013-10-16,257.25
2013-10-17,254.7
2013-10-18,263.2
2013-10-21,262.95
2013-10-22,262.05
2013-10-23,265.1
2013-10-24,265.7
2013-10-25,264.6
2013-10-28,265.8
2013-10-29,266.25
2013-10-30,265.3
2013-10-31,263.25
2013-11-01,261.85
2013-11-04,261.75
2013-11-05,261.8
2013-11-06,261.35
2013-11-07,262.55
2013-11-08,260.4
2013-11-11,256.2
2013-11-12,254.9
2013-11-13,253.45
2013-11-14,255.5
2013-11-15,256.15
2013-11-18,256.25
2013-11-19,253.2
2013-11-20,254.0
2013-11-21,248.75
2013-11-22,248.75
2013-11-25,245.75
2013-11-26,250.15
2013-11-27,248.75
2013-11-28,247.7
2013-11-29,248.1
2013-12-02,249.25
2013-12-03,245.3
2013-12-04,244.95
2013-12-05,247.9
2013-12-06,246.0
2013-12-09,246.75
2013-12-10,249.25
2013-12-11,251.0
2013-12-12,250.1
2013-12-13,244.75
2013-12-16,245.75
2013-12-17,248.0
2013-12-18,245.65
2013-12-19,243.75
2013-12-20,238.35
2013-12-23,240.2
2013-12-24,239.0
2013-12-25,240.9
2013-12-26,240.6
2013-12-27,242.85
2013-12-30,241.05
2013-12-31,239.4
2014-01-02,244.45
2014-01-03,246.4
2014-01-06,246.9
2014-01-07,246.95
2014-01-08,243.8
2014-01-09,243.75
2014-01-10,244.9
2014-01-13,247.45
2014-01-14,247.7
2014-01-15,245.5
2014-01-16,245.75
2014-01-17,245.95
2014-01-20,248.0
2014-01-21,247.4
2014-01-22,245.0
2014-01-23,244.4
2014-01-24,248.25
2014-01-27,249.6
2014-01-28,247.85
2014-01-29,247.55
2014-01-30,247.95
2014-02-07,248.7
2014-02-10,250.9
2014-02-11,252.7
2014-02-12,253.1
2014-02-13,253.55
2014-02-14,256.85
2014-02-17,261.2
2014-02-18,259.1
2014-02-19,259.35
2014-02-20,258.5
2014-02-21,259.55
2014-02-24,261.45
2014-02-25,262.85
2014-02-26,265.0
2014-02-27,261.85
2014-02-28,262.55
2014-03-03,265.55
2014-03-04,263.95
2014-03-05,263.15
2014-03-06,262.75
2014-03-07,265.55
2014-03-10,261.35
2014-03-11,263.45
2014-03-12,266.9
2014-03-13,269.7
2014-03-14,269.5
2014-03-17,272.65
2014-03-18,268.6
2014-03-19,267.65
2014-03-20,264.8
2014-03-21,264.85
2014-03-24,263.35
2014-03-25,260.95
2014-03-26,261.4
2014-03-27,259.3
2014-03-28,259.0
2014-03-31,258.35
2014-04-01,256.9
2014-04-02,257.35
2014-04-03,258.8
2014-04-04,257.95
2014-04-08,261.85
2014-04-09,262.05
2014-04-10,263.1
2014-04-11,262.7
2014-04-14,265.1
2014-04-15,261.8
2014-04-16,259.4
2014-04-17,258.6
2014-04-18,258.15
2014-04-21,256.3
2014-04-22,257.7
2014-04-23,256.9
2014-04-24,256.8
2014-04-25,258.75
2014-04-28,262.1
2014-04-29,259.95
2014-04-30,260.35
2014-05-05,263.3
2014-05-06,264.55
2014-05-07,264.0
2014-05-08,260.25
2014-05-09,259.95
2014-05-12,259.75
2014-05-13,260.4
2014-05-14,260.8
2014-05-15,261.9
2014-05-16,260.5
2014-05-19,261.3
2014-05-20,260.0
2014-05-21,260.45
2014-05-22,261.0
2014-05-23,261.0
2014-05-26,260.65
2014-05-27,259.1
2014-05-28,255.15
2014-05-29,252.35
2014-05-30,253.3
2014-06-03,251.3
2014-06-04,251.4
2014-06-05,251.15
2014-06-06,253.55
2014-06-09,252.9
2014-06-10,252.6
2014-06-11,254.2
2014-06-12,253.7
2014-06-13,255.75
2014-06-16,257.9
2014-06-17,254.65
2014-06-18,255.0
2014-06-19,257.85
2014-06-20,264.55
2014-06-23,265.8
2014-06-24,265.3
2014-06-25,264.5
2014-06-26,264.3
2014-06-27,265.15
2014-06-30,263.9
2014-07-01,265.6
2014-07-02,265.95
2014-07-03,265.2
2014-07-04,265.35
2014-07-07,262.9
2014-07-08,264.15
2014-07-09,265.25
2014-07-10,266.05
2014-07-11,268.4
2014-07-14,264.3
2014-07-15,262.45
2014-07-16,260.0
2014-07-17,261.5
2014-07-18,263.25
2014-07-21,263.3
2014-07-22,262.1
2014-07-23,261.9
2014-07-24,260.0
2014-07-25,258.5
2014-07-28,260.9
2014-07-29,260.95
2014-07-30,259.75
2014-07-31,259.0
2014-08-01,256.6
2014-08-04,258.9
2014-08-05,258.1
2014-08-06,257.9
2014-08-07,260.5
2014-08-08,262.85
2014-08-11,260.55
2014-08-12,261.0
2014-08-13,261.05
2014-08-14,261.65
2014-08-15,261.4
2014-08-18,258.9
2014-08-19,258.15
2014-08-20,257.75
2014-08-21,254.55
2014-08-22,255.1
2014-08-25,254.55
2014-08-26,257.0
2014-08-27,255.95
2014-08-28,256.3
2014-08-29,256.75
2014-09-01,256.15
2014-09-02,253.75
2014-09-03,252.3
2014-09-04,252.45
2014-09-05,251.4
2014-09-09,249.65
2014-09-10,249.55
2014-09-11,248.15
2014-09-12,246.25
2014-09-15,245.7
2014-09-16,246.45
2014-09-17,246.85
2014-09-18,244.3
2014-09-19,243.7
2014-09-22,241.3
2014-09-23,241.8
2014-09-24,243.6
2014-09-25,240.65
2014-09-26,244.2
2014-09-29,242.9
2014-09-30,242.85
2014-10-08,242.35
2014-10-09,243.95
2014-10-10,243.0
2014-10-13,245.15
2014-10-14,244.9
2014-10-15,243.2
2014-10-16,245.6
2014-10-17,245.8
2014-10-20,245.8
2014-10-21,247.0
2014-10-22,246.95
2014-10-23,245.95
2014-10-24,243.8
2014-10-27,243.2
2014-10-28,242.55
2014-10-29,242.95
2014-10-30,238.1
2014-10-31,233.45
2014-11-03,229.9
2014-11-04,230.85
2014-11-05,225.5
2014-11-06,225.9
2014-11-07,226.5
2014-11-10,232.05
2014-11-11,228.1
2014-11-12,231.75
2014-11-13,230.25
2014-11-14,228.65
2014-11-17,236.0
2014-11-18,236.05
2014-11-19,236.8
2014-11-20,234.3
2014-11-21,236.6
2014-11-24,238.4
2014-11-25,238.6
2014-11-26,238.3
2014-11-27,237.85
2014-11-28,236.05
2014-12-01,229.35
2014-12-02,240.35
2014-12-03,239.5
2014-12-04,240.65
2014-12-05,240.3
2014-12-08,238.15
2014-12-09,242.0
2014-12-10,248.05
2014-12-11,245.4
2014-12-12,244.8
2014-12-15,244.95
2014-12-16,240.6
2014-12-17,240.7
2014-12-18,241.7
2014-12-19,242.5
2014-12-22,242.15
2014-12-23,238.55
2014-12-24,238.5
2014-12-25,238.05
2014-12-26,239.5
2014-12-29,241.6
2014-12-30,240.0
2014-12-31,241.65
2015-01-05,242.15
2015-01-06,244.45
2015-01-07,245.25
2015-01-08,244.5
2015-01-09,245.15
2015-01-12,247.75
2015-01-13,249.0
2015-01-14,247.9
2015-01-15,246.75
2015-01-16,253.65
2015-01-19,257.85
2015-01-20,257.65
2015-01-21,262.2
2015-01-22,259.05
2015-01-23,261.4
2015-01-26,261.6
2015-01-27,259.9
2015-01-28,260.8
2015-01-29,259.3
2015-01-30,255.05
2015-02-02,259.1
2015-02-03,259.4
2015-02-04,256.35
2015-02-05,257.5
2015-02-06,256.7
2015-02-09,251.4
2015-02-10,252.05
2015-02-11,250.8
2015-02-12,247.85
2015-02-13,249.45
2015-02-16,250.3
2015-02-17,249.0
2015-02-25,246.3
2015-02-26,246.45
2015-02-27,246.65
2015-03-02,249.3
2015-03-03,247.05
2015-03-04,246.7
2015-03-05,245.65
2015-03-06,245.0
2015-03-09,239.9
2015-03-10,237.5
2015-03-11,238.25
2015-03-12,238.4
2015-03-13,237.2
2015-03-16,238.0
2015-03-17,236.25
2015-03-18,233.65
2015-03-19,237.75
2015-03-20,237.4
2015-03-23,240.1
2015-03-24,241.1
2015-03-25,241.15
2015-03-26,243.9
2015-03-27,243.25
2015-03-30,240.4
2015-03-31,237.85
2015-04-01,238.35
2015-04-02,242.95
2015-04-03,241.75
2015-04-07,243.9
2015-04-08,243.75
2015-04-09,240.5
2015-04-10,240.25
2015-04-13,242.65
2015-04-14,240.15
2015-04-15,240.1
2015-04-16,241.75
2015-04-17,240.85
2015-04-20,242.75
2015-04-21,239.9
2015-04-22,241.2
2015-04-23,237.4
2015-04-24,238.9
2015-04-27,236.55
2015-04-28,240.75
2015-04-29,242.45
2015-04-30,241.2
2015-05-04,237.55
2015-05-05,238.5
2015-05-06,239.75
2015-05-07,240.05
2015-05-08,241.05
2015-05-11,241.15
2015-05-12,240.6
2015-05-13,242.7
2015-05-14,247.15
2015-05-15,247.45
2015-05-18,249.2
2015-05-19,247.75
2015-05-20,244.25
2015-05-21,245.1
2015-05-22,244.6
2015-05-25,244.2
2015-05-26,242.5
2015-05-27,241.1
2015-05-28,241.05
2015-05-29,240.8
2015-06-01,240.55
2015-06-02,240.85
2015-06-03,241.15
2015-06-04,239.2
2015-06-05,238.35
2015-06-08,237.7
2015-06-09,238.6
2015-06-10,239.65
2015-06-11,240.1
2015-06-12,239.5
2015-06-15,239.75
2015-06-16,240.55
2015-06-17,238.65
2015-06-18,240.3
2015-06-19,242.55
2015-06-23,239.85
2015-06-24,238.6
2015-06-25,238.25
2015-06-26,237.35
2015-06-29,239.25
2015-06-30,238.05
2015-07-01,237.7
2015-07-02,235.9
2015-07-03,236.7
2015-07-06,236.35
2015-07-07,236.9
2015-07-08,231.7
2015-07-09,235.4
2015-07-10,235.2
2015-07-13,235.15
2015-07-14,233.3
2015-07-15,233.5
2015-07-16,231.5
2015-07-17,231.3
2015-07-20,225.65
2015-07-21,223.05
2015-07-22,220.65
2015-07-23,221.1
2015-07-24,219.3
2015-07-27,223.7
2015-07-28,221.75
2015-07-29,221.85
2015-07-30,219.05
2015-07-31,218.15
2015-08-03,221.6
2015-08-04,219.3
2015-08-05,219.15
2015-08-06,218.7
2015-08-07,221.2
2015-08-10,221.55
2015-08-11,226.3
2015-08-12,235.45
2015-08-13,234.25
2015-08-14,232.85
2015-08-17,232.85
2015-08-18,232.45
2015-08-19,233.55
2015-08-20,236.95
2015-08-21,240.8
2015-08-24,240.0
2015-08-25,239.5
2015-08-26,236.8
2015-08-27,234.75
2015-08-28,235.25
2015-08-31,235.55
2015-09-01,236.75
2015-09-02,236.6
2015-09-07,232.75
2015-09-08,232.25
2015-09-09,232.9
2015-09-10,229.8
2015-09-11,229.6
2015-09-14,229.25
2015-09-15,229.3
2015-09-16,229.3
2015-09-17,231.95
2015-09-18,233.3
2015-09-21,235.7
2015-09-22,234.45
2015-09-23,233.6
2015-09-24,235.5
2015-09-25,237.2
2015-09-28,234.75
2015-09-29,232.25
2015-09-30,231.0
2015-10-08,234.9
2015-10-09,235.05
2015-10-12,238.25
2015-10-13,236.45
2015-10-14,240.35
2015-10-15,241.65
2015-10-16,240.95
2015-10-19,240.2
2015-10-20,239.95
2015-10-21,240.2
2015-10-22,239.4
2015-10-23,240.9
2015-10-26,238.7
2015-10-27,238.95
2015-10-28,240.45
2015-10-29,237.75
2015-10-30,234.85
2015-11-02,233.5
2015-11-03,232.55
2015-11-04,229.25
2015-11-05,227.4
2015-11-06,227.8
2015-11-09,224.65
2015-11-10,224.8
2015-11-11,227.2
2015-11-12,226.35
2015-11-13,225.3
2015-11-16,228.75
2015-11-17,224.5
2015-11-18,223.1
2015-11-19,224.4
2015-11-20,225.9
2015-11-23,222.95
2015-11-24,223.1
2015-11-25,224.95
2015-11-26,223.55
2015-11-27,222.95
2015-11-30,219.15
2015-12-01,224.15
2015-12-02,222.9
2015-12-03,220.0
2015-12-04,221.95
2015-12-07,227.55
2015-12-08,225.3
2015-12-09,226.3
2015-12-10,225.7
2015-12-11,225.95
2015-12-14,226.95
2015-12-15,224.85
2015-12-16,225.25
2015-12-17,225.85
2015-12-18,224.2
2015-12-21,227.25
2015-12-22,228.75
2015-12-23,227.7
2015-12-24,227.95
2015-12-25,228.35
2015-12-28,227.65
2015-12-29,228.3
2015-12-30,228.15
2015-12-31,226.05
2016-01-04,228.2
2016-01-05,230.3
2016-01-06,231.4
2016-01-07,236.6
2016-01-08,236.8
2016-01-11,237.45
2016-01-12,234.6
2016-01-13,232.25
2016-01-14,234.05
2016-01-15,232.6
2016-01-18,233.5
2016-01-19,233.2
2016-01-20,233.8
2016-01-21,236.25
2016-01-22,235.2
2016-01-25,235.8
2016-01-26,238.9
2016-01-27,239.35
2016-01-28,238.8
2016-01-29,238.3
2016-02-01,239.9
2016-02-02,240.55
2016-02-03,241.45
2016-02-04,243.95
2016-02-05,245.9
2016-02-15,256.15
2016-02-16,253.1
2016-02-17,255.05
2016-02-18,254.85
2016-02-19,258.0
2016-02-22,256.2
2016-02-23,256.3
2016-02-24,258.45
2016-02-25,261.5
2016-02-26,261.85
2016-02-29,259.4
2016-03-01,263.05
2016-03-02,259.85
2016-03-03,262.05
2016-03-04,265.6
2016-03-07,265.65
2016-03-08,266.7
2016-03-09,264.05
2016-03-10,261.9
2016-03-11,265.75
2016-03-14,262.5
2016-03-15,257.85
2016-03-16,259.45
2016-03-17,263.3
2016-03-18,263.35
2016-03-21,259.7
2016-03-22,261.4
2016-03-23,258.35
2016-03-24,255.1
2016-03-25,256.1
2016-03-28,255.05
2016-03-29,255.75
2016-03-30,258.6
2016-03-31,256.15
2016-04-01,257.2
2016-04-05,256.05
2016-04-06,256.75
2016-04-07,256.45
2016-04-08,258.0
2016-04-11,260.55
2016-04-12,261.8
2016-04-13,260.4
2016-04-14,257.8
2016-04-15,257.2
2016-04-18,257.35
2016-04-19,259.85
2016-04-20,260.65
2016-04-21,264.0
2016-04-22,260.6
2016-04-25,258.65
2016-04-26,258.1
2016-04-27,261.3
2016-04-28,262.25
2016-04-29,266.45
2016-05-03,271.5
2016-05-04,270.65
2016-05-05,270.25
2016-05-06,270.75
2016-05-09,270.05
2016-05-10,267.6
2016-05-11,268.9
2016-05-12,268.1
2016-05-13,270.1
2016-05-16,272.05
2016-05-17,270.1
2016-05-18,270.2
2016-05-19,265.95
2016-05-20,266.1
2016-05-23,265.45
2016-05-24,263.6
2016-05-25,259.7
2016-05-26,260.7
2016-05-27,259.5
2016-05-30,256.45
2016-05-31,258.95
2016-06-01,259.35
2016-06-02,259.65
2016-06-03,258.65
2016-06-06,264.4
2016-06-07,264.85
2016-06-08,266.55
2016-06-13,274.15
2016-06-14,273.35
2016-06-15,275.2
2016-06-16,279.95
2016-06-17,273.2
2016-06-20,273.75
2016-06-21,273.2
2016-06-22,269.6
2016-06-23,269.75
2016-06-24,282.25
2016-06-27,284.65
2016-06-28,283.35
2016-06-29,284.3
2016-06-30,283.0
2016-07-01,287.15
2016-07-04,292.15
2016-07-05,290.8
2016-07-06,296.7
2016-07-07,295.7
2016-07-08,292.8
2016-07-11,295.0
2016-07-12,293.6
2016-07-13,290.8
2016-07-14,288.85
2016-07-15,288.95
2016-07-18,288.15
2016-07-19,288.7
2016-07-20,287.55
2016-07-21,284.6
2016-07-22,286.3
2016-07-25,284.8
2016-07-26,285.2
2016-07-27,285.0
2016-07-28,289.25
2016-07-29,287.45
2016-08-01,289.65
2016-08-02,291.15
2016-08-03,292.6
2016-08-04,289.75
2016-08-05,293.3
2016-08-08,287.05
2016-08-09,286.8
2016-08-10,290.9
2016-08-11,288.5
2016-08-12,288.25
2016-08-15,287.7
2016-08-16,289.0
2016-08-17,287.6
2016-08-18,289.3
2016-08-19,289.3
2016-08-22,286.7
2016-08-23,287.25
2016-08-24,287.4
2016-08-25,284.75
2016-08-26,284.8
2016-08-29,283.9
2016-08-30,284.65
2016-08-31,283.4
2016-09-01,282.75
2016-09-02,283.15
2016-09-05,286.65
2016-09-06,286.95
2016-09-07,290.85
2016-09-08,290.45
2016-09-09,288.65
2016-09-12,287.5
2016-09-13,287.45
2016-09-14,286.0
2016-09-19,284.55
2016-09-20,284.85
2016-09-21,285.35
2016-09-22,287.7
2016-09-23,288.15
2016-09-26,288.1
2016-09-27,287.7
2016-09-28,285.45
2016-09-29,284.75
2016-09-30,285.3
2016-10-10,274.0
2016-10-11,273.9
2016-10-12,273.3
2016-10-13,274.2
2016-10-14,273.45
2016-10-17,273.7
2016-10-18,275.2
2016-10-19,275.2
2016-10-20,277.25
2016-10-21,276.3
2016-10-24,277.05
2016-10-25,277.9
2016-10-26,279.2
2016-10-27,278.25
2016-10-28,278.5
2016-10-31,279.65
2016-11-01,280.25
2016-11-02,282.95
2016-11-03,283.75
2016-11-04,282.4
2016-11-07,281.85
2016-11-08,281.2
2016-11-09,291.65
2016-11-10,286.15
2016-11-11,281.75
2016-11-14,272.95
2016-11-15,275.95
2016-11-16,277.05
2016-11-17,276.5
2016-11-18,273.45
2016-11-21,275.55
2016-11-22,276.25
2016-11-23,276.6
2016-11-24,273.7
2016-11-25,271.4
2016-11-28,273.8
2016-11-29,272.75
2016-11-30,271.05
2016-12-01,269.25
2016-12-02,268.85
2016-12-05,268.75
2016-12-06,268.15
2016-12-07,267.7
2016-12-08,269.75
2016-12-09,269.5
2016-12-12,267.95
2016-12-13,268.2
2016-12-14,269.65
2016-12-15,266.95
2016-12-16,265.35
2016-12-19,266.6
2016-12-20,265.25
2016-12-21,264.85
2016-12-22,263.3
2016-12-23,263.55
2016-12-26,264.75
2016-12-27,266.1
2016-12-28,267.3
2016-12-29,268.75
2016-12-30,271.35
2017-01-03,269.75
2017-01-04,270.4
2017-01-05,269.5
2017-01-06,268.85
2017-01-09,269.75
2017-01-10,271.5
2017-01-11,271.85
2017-01-12,272.25
2017-01-13,271.25
2017-01-16,272.95
2017-01-17,274.6
2017-01-18,273.5
2017-01-19,270.7
2017-01-20,271.4
2017-01-23,272.75
2017-01-24,272.35
2017-01-25,269.6
2017-01-26,267.6
2017-02-03,271.6
2017-02-06,274.3
2017-02-07,276.5
2017-02-08,276.75
2017-02-09,278.2
2017-02-10,275.25
2017-02-13,276.4
2017-02-14,276.0
2017-02-15,274.95
2017-02-16,276.35
2017-02-17,277.45
2017-02-20,276.85
2017-02-21,277.5
2017-02-22,277.2
2017-02-23,277.75
2017-02-24,281.15
2017-02-27,282.15
2017-02-28,281.2
2017-03-01,279.15
2017-03-02,279.45
2017-03-03,277.4
2017-03-06,277.45
2017-03-07,276.4
2017-03-08,274.55
2017-03-09,273.25
2017-03-10,271.05
2017-03-13,273.65
2017-03-14,272.35
2017-03-15,272.5
2017-03-16,277.15
2017-03-17,277.05
2017-03-20,278.45
2017-03-21,277.35
2017-03-22,279.8
2017-03-23,279.75
2017-03-24,278.95
2017-03-27,282.0
2017-03-28,281.2
2017-03-29,280.6
2017-03-30,280.6
2017-03-31,278.6
2017-04-05,281.25
2017-04-06,281.25
2017-04-07,283.5
2017-04-10,282.2
2017-04-11,282.75
2017-04-12,285.85
2017-04-13,287.15
2017-04-14,287.7
2017-04-17,287.2
2017-04-18,286.45
2017-04-19,286.3
2017-04-20,286.1
2017-04-21,285.9
2017-04-24,283.9
2017-04-25,283.9
2017-04-26,282.45
2017-04-27,282.85
2017-04-28,283.2
2017-05-02,283.9
2017-05-03,283.3
2017-05-04,279.65
2017-05-05,278.8
2017-05-08,278.5
2017-05-09,278.45
2017-05-10,277.05
2017-05-11,277.35
2017-05-12,278.1
2017-05-15,279.4
2017-05-16,280.0
2017-05-17,280.95
2017-05-18,283.25
2017-05-19,282.65
2017-05-22,283.3
2017-05-23,285.2
2017-05-24,281.85
2017-05-25,283.3
2017-05-26,283.35
2017-05-31,281.65
2017-06-01,281.85
2017-06-02,280.85
2017-06-05,284.55
2017-06-06,286.3
2017-06-07,286.6
2017-06-08,285.75
2017-06-09,282.5
2017-06-12,281.05
2017-06-13,281.15
2017-06-14,281.7
2017-06-15,279.85
2017-06-16,279.35
2017-06-19,278.85
2017-06-20,278.25
2017-06-21,278.15
2017-06-22,279.9
2017-06-23,280.45
2017-06-26,280.6
2017-06-27,279.4
2017-06-28,278.75
2017-06-29,278.15
2017-06-30,275.5
2017-07-03,274.6
2017-07-04,272.6
2017-07-05,272.4
2017-07-06,272.85
2017-07-07,272.2
2017-07-10,268.8
2017-07-11,270.0
2017-07-12,271.0
2017-07-13,271.75
2017-07-14,270.65
2017-07-17,273.0
2017-07-18,273.7
2017-07-19,274.05
2017-07-20,274.2
2017-07-21,275.8
2017-07-24,276.45
2017-07-25,276.8
2017-07-26,274.4
2017-07-27,277.6
2017-07-28,277.25
2017-07-31,278.05
2017-08-01,278.0
2017-08-02,277.95
2017-08-03,276.9
2017-08-04,278.45
2017-08-07,275.95
2017-08-08,275.7
2017-08-09,276.45
2017-08-10,278.45
2017-08-11,279.85
2017-08-14,279.75
2017-08-15,277.85
2017-08-16,276.95
2017-08-17,279.95
2017-08-18,280.5
2017-08-21,279.7
2017-08-22,279.1
2017-08-23,279.15
2017-08-24,279.25
2017-08-25,279.05
2017-08-28,280.45
2017-08-29,283.8
2017-08-30,280.35
2017-08-31,279.9
2017-09-01,281.8
2017-09-04,284.2
2017-09-05,283.65
2017-09-06,284.1
2017-09-07,283.05
2017-09-08,283.7
2017-09-11,282.4
2017-09-12,281.1
2017-09-13,281.5
2017-09-14,281.15
2017-09-15,282.45
2017-09-18,279.85
2017-09-19,279.8
2017-09-20,280.05
2017-09-21,277.5
2017-09-22,277.95
2017-09-25,277.6
2017-09-26,281.8
2017-09-27,279.2
2017-09-28,277.7
2017-09-29,278.9
2017-10-09,276.75
2017-10-10,276.65
2017-10-11,276.1
2017-10-12,277.1
2017-10-13,277.2
2017-10-16,278.7
2017-10-17,277.25
2017-10-18,276.15
2017-10-19,275.7
2017-10-20,276.05
2017-10-23,274.9
2017-10-24,275.8
2017-10-25,274.55
2017-10-26,275.8
2017-10-27,273.95
2017-10-30,274.3
2017-10-31,274.5
2017-11-01,273.9
2017-11-02,274.0
2017-11-03,274.0
2017-11-06,273.4
2017-11-07,274.75
2017-11-08,274.8
2017-11-09,275.75
2017-11-10,280.85
2017-11-13,279.65
2017-11-14,279.3
2017-11-15,279.8
2017-11-16,279.15
2017-11-17,280.1
2017-11-20,281.65
2017-11-21,279.9
2017-11-22,279.95
2017-11-23,280.1
2017-11-24,280.45
2017-11-27,280.45
2017-11-28,281.55
2017-11-29,281.75
2017-11-30,279.55
2017-12-01,277.75
2017-12-04,277.55
2017-12-05,277.7
2017-12-06,276.05
2017-12-07,274.15
2017-12-08,272.35
2017-12-11,272.55
2017-12-12,271.9
2017-12-13,271.85
2017-12-14,274.25
2017-12-15,274.25
2017-12-18,274.4
2017-12-19,275.55
2017-12-20,274.95
2017-12-21,274.7
2017-12-22,274.9
2017-12-25,276.6
2017-12-26,276.5
2017-12-27,277.15
2017-12-28,278.05
2017-12-29,277.8
2018-01-02,279.4
2018-01-03,280.35
2018-01-04,279.0
2018-01-05,279.85
2018-01-08,280.2
2018-01-09,280.55
2018-01-10,279.95
2018-01-11,280.85
2018-01-12,281.55
2018-01-15,282.05
2018-01-16,281.65
2018-01-17,280.8
2018-01-18,279.25
2018-01-19,278.35
2018-01-22,278.5
2018-01-23,279.4
2018-01-24,280.7
2018-01-25,281.75
2018-01-26,279.95
2018-01-29,278.7
2018-01-30,276.35
2018-01-31,276.6
2018-02-01,276.05
2018-02-02,276.4
2018-02-05,274.0
2018-02-06,276.0
2018-02-07,272.3
2018-02-08,271.7
2018-02-09,273.05
2018-02-12,272.9
2018-02-13,274.25
2018-02-14,276.1
2018-02-22,273.65
2018-02-23,274.6
2018-02-26,275.85
2018-02-27,274.4
2018-02-28,272.05
2018-03-01,271.7
2018-03-02,272.7
2018-03-05,273.65
2018-03-06,273.3
2018-03-07,274.5
2018-03-08,274.0
2018-03-09,272.55
2018-03-12,272.5
2018-03-13,272.3
2018-03-14,272.75
2018-03-15,272.5
2018-03-16,271.35
2018-03-19,270.05
2018-03-20,271.2
2018-03-21,271.15
2018-03-22,273.5
2018-03-23,276.5
2018-03-26,276.15
2018-03-27,275.8
2018-03-28,274.2
2018-03-29,271.05
2018-03-30,271.55
2018-04-02,271.75
2018-04-03,273.75
2018-04-04,273.4
2018-04-09,272.55
2018-04-10,272.7
2018-04-11,274.3
2018-04-12,275.2
2018-04-13,273.15
2018-04-16,274.25
2018-04-17,274.65
2018-04-18,274.5
2018-04-19,275.2
2018-04-20,273.85
2018-04-23,272.55
2018-04-24,271.85
2018-04-25,271.6
2018-04-26,271.9
2018-04-27,271.15
2018-05-02,270.4
2018-05-03,274.15
2018-05-04,274.3
2018-05-07,275.15
2018-05-08,274.95
2018-05-09,274.6
2018-05-10,274.8
2018-05-11,275.2
2018-05-14,275.15
2018-05-15,273.8
2018-05-16,271.25
2018-05-17,269.85
2018-05-18,270.3
2018-05-21,269.5
2018-05-22,270.25
2018-05-23,270.5
2018-05-24,272.25
2018-05-25,273.55
2018-05-28,272.35
2018-05-29,273.25
2018-05-30,274.15
2018-05-31,274.5
2018-06-01,273.85
2018-06-04,272.4
2018-06-05,271.9
2018-06-06,272.4
2018-06-07,272.15
2018-06-08,272.1
2018-06-11,272.7
2018-06-12,272.4
2018-06-13,272.1
2018-06-14,273.35
2018-06-15,273.65
2018-06-19,271.4
2018-06-20,270.2
2018-06-21,269.45
2018-06-22,270.55
2018-06-25,271.15
2018-06-26,271.25
2018-06-27,271.6
2018-06-28,270.9
2018-06-29,271.4
2018-07-02,272.1
2018-07-03,271.9
2018-07-04,272.65
2018-07-05,272.75
2018-07-06,273.25
2018-07-09,273.1
2018-07-10,272.0
2018-07-11,272.85
2018-07-12,271.9
2018-07-13,271.7
2018-07-16,272.05
2018-07-17,271.55
2018-07-18,269.05
2018-07-19,270.3
2018-07-20,270.65
2018-07-23,271.9
2018-07-24,271.7
2018-07-25,271.7
2018-07-26,272.1
2018-07-27,271.5
2018-07-30,271.55
2018-07-31,271.65
2018-08-01,271.45
2018-08-02,270.75
2018-08-03,270.2
2018-08-06,270.25
2018-08-07,270.1
2018-08-08,269.5
2018-08-09,269.55
2018-08-10,269.4
2018-08-13,270.1
2018-08-14,267.65
2018-08-15,267.4
2018-08-16,264.0
2018-08-17,263.4
2018-08-20,265.15
2018-08-21,266.35
2018-08-22,266.25
2018-08-23,266.2
2018-08-24,266.3
2018-08-27,267.45
2018-08-28,268.3
2018-08-29,267.05
2018-08-30,267.45
2018-08-31,267.8
2018-09-03,266.6
2018-09-04,265.6
2018-09-05,265.6
2018-09-06,266.4
2018-09-07,267.2
2018-09-10,266.25
2018-09-11,267.0
2018-09-12,266.8
2018-09-13,268.1
2018-09-14,268.65
2018-09-17,267.35
2018-09-18,267.65
2018-09-19,267.95
2018-09-20,268.2
2018-09-21,269.05
2018-09-25,267.95
2018-09-26,268.35
2018-09-27,267.4
2018-09-28,264.9
2018-10-08,268.65
2018-10-09,267.9
2018-10-10,267.9
2018-10-11,269.45
2018-10-12,272.85
2018-10-15,275.35
2018-10-16,275.25
2018-10-17,274.5
2018-10-18,274.75
2018-10-19,276.05
2018-10-22,275.85
2018-10-23,276.95
2018-10-24,277.15
2018-10-25,278.5
2018-10-26,278.3
2018-10-29,277.85
2018-10-30,277.25
2018-10-31,274.9
2018-11-01,275.3
2018-11-02,275.4
2018-11-05,275.6
2018-11-06,275.85
2018-11-07,275.9
2018-11-08,279.4
2018-11-09,278.7
2018-11-12,276.55
2018-11-13,275.45
2018-11-14,275.5
2018-11-15,277.05
2018-11-16,277.5
2018-11-19,278.25
2018-11-20,279.3
2018-11-21,279.0
2018-11-22,279.65
2018-11-23,279.65
2018-11-26,279.5
2018-11-27,278.9
2018-11-28,277.55
2018-11-29,279.55
2018-11-30,279.45
2018-12-03,278.35
2018-12-04,278.35
2018-12-05,278.9
2018-12-06,279.9
2018-12-07,280.25
2018-12-10,283.1
2018-12-11,282.65
2018-12-12,281.2
2018-12-13,280.8
2018-12-14,280.35
2018-12-17,280.2
2018-12-18,281.9
2018-12-19,282.55
2018-12-20,282.15
2018-12-21,284.8
2018-12-24,285.45
2018-12-25,287.1
2018-12-26,287.5
2018-12-27,286.3
2018-12-28,287.85
2019-01-02,288.3
2019-01-03,290.7
2019-01-04,290.55
2019-01-07,288.65
2019-01-08,287.25
2019-01-09,286.2
2019-01-10,286.9
2019-01-11,284.95
2019-01-14,285.05
2019-01-15,284.3
2019-01-16,284.6
2019-01-17,285.1
2019-01-18,285.05
2019-01-21,283.2
2019-01-22,283.25
2019-01-23,283.6
2019-01-24,283.3
2019-01-25,282.9
2019-01-28,285.6
2019-01-29,286.6
2019-01-30,287.55
2019-01-31,287.85
2019-02-01,289.2
2019-02-11,288.75
2019-02-12,288.85
2019-02-13,288.25
2019-02-14,287.6
2019-02-15,289.6
2019-02-18,290.95
2019-02-19,291.35
2019-02-20,293.35
2019-02-21,291.5
2019-02-22,289.6
2019-02-25,289.3
2019-02-26,289.0
2019-02-27,288.65
2019-02-28,286.85
2019-03-01,285.85
2019-03-04,281.8
2019-03-05,280.8
2019-03-06,282.35
2019-03-07,280.9
2019-03-08,283.55
2019-03-11,284.75
2019-03-12,284.2
2019-03-13,285.65
2019-03-14,285.1
2019-03-15,284.9
2019-03-18,285.2
2019-03-19,285.95
2019-03-20,285.55
2019-03-21,287.4
2019-03-22,286.35
2019-03-25,288.05
2019-03-26,288.3
2019-03-27,288.25
2019-03-28,287.45
2019-03-29,282.0
2019-04-01,282.1
2019-04-02,282.15
2019-04-03,282.9
2019-04-04,282.95
2019-04-08,284.15
2019-04-09,284.4
2019-04-10,285.8
2019-04-11,286.15
2019-04-12,283.3
2019-04-15,281.75
2019-04-16,281.5
2019-04-17,280.0
2019-04-18,278.2
2019-04-19,279.5
2019-04-22,280.3
2019-04-23,279.0
2019-04-24,278.85
2019-04-25,280.4
2019-04-26,281.45
2019-04-29,281.3
2019-04-30,281.55
2019-05-06,286.25
2019-05-07,285.7
2019-05-08,287.15
2019-05-09,287.2
2019-05-10,287.25
2019-05-13,289.2
2019-05-14,292.75
2019-05-15,291.25
2019-05-16,292.35
2019-05-17,291.7
2019-05-20,289.4
2019-05-21,289.15
2019-05-22,288.9
2019-05-23,289.35
2019-05-24,291.1
2019-05-27,291.25
2019-05-28,291.0
2019-05-29,291.45
2019-05-30,290.1
2019-05-31,293.45
2019-06-03,296.7
2019-06-04,299.75
2019-06-05,301.7
2019-06-06,301.7
2019-06-10,300.85
2019-06-11,299.55
2019-06-12,302.6
2019-06-13,303.2
2019-06-14,307.75
2019-06-17,304.1
2019-06-18,306.15
2019-06-19,304.3
2019-06-20,311.25
2019-06-21,313.6
2019-06-24,315.8
2019-06-25,321.8
2019-06-26,316.4
2019-06-27,315.6
2019-06-28,316.85
2019-07-01,308.85
2019-07-02,312.05
2019-07-03,321.1
2019-07-04,317.65
2019-07-05,318.0
2019-07-08,316.35
2019-07-09,313.45
2019-07-10,313.2
2019-07-11,319.0
2019-07-12,316.65
2019-07-15,317.75
2019-07-16,317.75
2019-07-17,315.8
2019-07-18,319.1
2019-07-19,323.3
2019-07-22,320.65
2019-07-23,318.7
2019-07-24,319.65
2019-07-25,320.3
2019-07-26,319.1
2019-07-29,319.6
2019-07-30,320.85
2019-07-31,322.25
2019-08-01,316.6
2019-08-02,324.25
2019-08-05,334.0
2019-08-06,335.55
2019-08-07,341.8
2019-08-08,344.35
2019-08-09,345.9
2019-08-12,344.25
2019-08-13,352.3
2019-08-14,342.95
2019-08-15,347.4
2019-08-16,347.75
2019-08-19,346.4
2019-08-20,344.75
2019-08-21,345.35
2019-08-22,346.45
2019-08-23,346.25
2019-08-26,358.25
2019-08-27,358.7
2019-08-28,358.85
2019-08-29,362.8
2019-08-30,356.7
2019-09-02,355.8
2019-09-03,357.45
2019-09-04,359.0
2019-09-05,360.9
2019-09-06,349.2
2019-09-09,350.6
2019-09-10,344.85
2019-09-11,345.95
2019-09-12,346.15
2019-09-16,346.25
2019-09-17,344.95
2019-09-18,346.5
2019-09-19,346.0
2019-09-20,346.7
2019-09-23,350.3
2019-09-24,352.05
2019-09-25,353.85
2019-09-26,349.55
2019-09-27,346.35
2019-09-30,345.05
2019-10-08,344.5
2019-10-09,349.5
2019-10-10,347.7
2019-10-11,345.85
2019-10-14,340.7
2019-10-15,341.65
2019-10-16,340.2
2019-10-17,342.7
2019-10-18,342.0
2019-10-21,341.75
2019-10-22,340.45
2019-10-23,341.95
2019-10-24,341.5
2019-10-25,344.65
2019-10-28,344.6
2019-10-29,340.9
2019-10-30,340.55
2019-10-31,341.1
2019-11-01,344.05
2019-11-04,343.7
2019-11-05,341.4
2019-11-06,336.55
2019-11-07,338.35
2019-11-08,332.1
2019-11-11,331.5
2019-11-12,328.3
2019-11-13,336.1
2019-11-14,337.05
2019-11-15,336.2
2019-11-18,336.2
2019-11-19,338.3
2019-11-20,339.15
2019-11-21,338.8
2019-11-22,337.9
2019-11-25,335.4
2019-11-26,335.2
2019-11-27,335.8
2019-11-28,334.8
2019-11-29,335.7
2019-12-02,336.2
2019-12-03,336.85
2019-12-04,343.1
2019-12-05,341.55
2019-12-06,339.1
2019-12-09,336.45
2019-12-10,336.76
2019-12-11,336.96
2019-12-12,338.94
2019-12-13,334.62
2019-12-16,338.24
2019-12-17,338.06
2019-12-18,338.58
2019-12-19,338.04
2019-12-20,339.1
2019-12-23,340.16
2019-12-24,341.72
2019-12-25,343.78
2019-12-26,344.12
2019-12-27,345.3
2019-12-30,345.46
2019-12-31,347.48
2020-01-02,346.24
2020-01-03,351.16
2020-01-06,358.34
2020-01-07,354.94
2020-01-08,360.68
2020-01-09,348.04
2020-01-10,349.3
2020-01-13,349.42
2020-01-14,344.7
2020-01-15,347.54
2020-01-16,347.96
2020-01-17,347.78
2020-01-20,347.94
2020-01-21,351.34
2020-01-22,348.32
2020-01-23,350.72
2020-02-03,359.3
2020-02-04,356.2
2020-02-05,354.22
2020-02-06,352.4
2020-02-07,354.3
2020-02-10,355.56
2020-02-11,354.6
2020-02-12,354.0
2020-02-13,356.52
2020-02-14,356.78
2020-02-17,357.9
2020-02-18,359.68
2020-02-19,364.06
2020-02-20,365.06
2020-02-21,371.9
2020-02-24,379.7
2020-02-25,371.74
2020-02-26,374.26
2020-02-27,374.3
2020-02-28,369.98
2020-03-02,361.24
2020-03-03,360.26
2020-03-04,368.54
2020-03-05,368.62
2020-03-06,376.08
2020-03-09,373.42
2020-03-10,368.64
2020-03-11,371.22
2020-03-12,367.26
2020-03-13,356.4
2020-03-16,347.18
2020-03-17,330.88
2020-03-18,339.08
2020-03-19,336.62
2020-03-20,339.78
2020-03-23,339.62
2020-03-24,358.46
2020-03-25,364.4
2020-03-26,363.34
2020-03-27,367.58
2020-03-30,364.7
2020-03-31,364.9
2020-04-01,358.62
2020-04-02,360.7
2020-04-03,363.48
2020-04-07,373.88
2020-04-08,370.2
2020-04-09,371.46
2020-04-10,373.74
2020-04-13,373.26
2020-04-14,377.6
2020-04-15,376.32
2020-04-16,379.38
2020-04-17,372.18
2020-04-20,370.8
2020-04-21,374.42
2020-04-22,373.18
2020-04-23,379.8
2020-04-24,382.78
2020-04-27,380.14
2020-04-28,377.1
2020-04-29,378.74
2020-04-30,380.28
2020-05-06,380.08
2020-05-07,378.18
2020-05-08,383.38
2020-05-11,381.74
2020-05-12,380.88
2020-05-13,381.86
2020-05-14,384.46
2020-05-15,390.16
2020-05-18,401.16
2020-05-19,394.5
2020-05-20,398.72
2020-05-21,395.06
2020-05-22,394.38
2020-05-25,393.54
2020-05-26,395.34
2020-05-27,391.2
2020-05-28,394.18
2020-05-29,394.42
2020-06-01,398.0
2020-06-02,396.96
2020-06-03,393.04
2020-06-04,389.74
2020-06-05,390.18
2020-06-08,386.28
2020-06-09,386.3
2020-06-10,390.4
2020-06-11,393.7
2020-06-12,393.62
2020-06-15,392.54
2020-06-16,392.4
2020-06-17,392.86
2020-06-18,392.18
2020-06-19,392.94
2020-06-22,397.5
2020-06-23,396.96
2020-06-24,400.06
2020-06-29,400.14
2020-06-30,400.72
2020-07-01,403.1
2020-07-02,399.06
2020-07-03,400.54
2020-07-06,399.66
2020-07-07,400.32
2020-07-08,402.36
2020-07-09,404.94
2020-07-10,401.88
2020-07-13,403.74
2020-07-14,403.02
2020-07-15,403.62
2020-07-16,402.12
2020-07-17,399.76
2020-07-20,401.78
2020-07-21,404.54
2020-07-22,414.22
2020-07-23,416.52
2020-07-24,420.4
2020-07-27,430.06
2020-07-28,429.94
2020-07-29,431.38
2020-07-30,428.94
2020-07-31,432.86
2020-08-03,431.4
2020-08-04,431.96
2020-08-05,444.06
2020-08-06,447.56
2020-08-07,449.72
2020-08-10,446.38
2020-08-11,436.94
2020-08-12,417.16
2020-08-13,416.74
2020-08-14,420.3
2020-08-17,424.44
2020-08-18,433.94
2020-08-19,429.16
2020-08-20,418.28
2020-08-21,419.48
2020-08-24,415.54
2020-08-25,416.5
2020-08-26,415.66
2020-08-27,420.54
2020-08-28,420.4
2020-08-31,422.68
2020-09-01,426.98
2020-09-02,422.6
2020-09-03,415.3
2020-09-04,416.54
2020-09-07,416.36
2020-09-08,416.56
2020-09-09,416.5
2020-09-10,419.46
2020-09-11,418.34
2020-09-14,418.44
2020-09-15,419.8
2020-09-16,418.64
2020-09-17,415.62
2020-09-18,416.92
2020-09-21,417.04
2020-09-22,407.58
2020-09-23,400.9
2020-09-24,396.58
2020-09-25,401.06
2020-09-28,400.14
2020-09-29,405.9
2020-09-30,406.1
2020-10-09,405.36
2020-10-12,410.02
2020-10-13,408.54
2020-10-14,404.04
2020-10-15,403.62
2020-10-16,404.98
2020-10-19,404.9
2020-10-20,403.58
2020-10-21,404.66
2020-10-22,404.86
2020-10-23,403.58
2020-10-26,401.56
2020-10-27,405.3
2020-10-28,405.36
2020-10-29,399.78
2020-10-30,397.1
2020-11-02,400.68
2020-11-03,402.6
2020-11-04,404.28
2020-11-05,404.22
2020-11-06,408.3
2020-11-09,407.42
2020-11-10,396.54
2020-11-11,395.64
2020-11-12,394.98
2020-11-13,396.88
2020-11-16,396.64
2020-11-17,396.18
2020-11-18,393.64
2020-11-19,392.0
2020-11-20,392.18
2020-11-23,392.8
2020-11-24,383.32
2020-11-25,379.24
2020-11-26,380.22
2020-11-27,381.14
2020-11-30,371.34
2020-12-01,374.2
2020-12-02,379.64
2020-12-03,383.7
2020-12-04,384.46
2020-12-07,383.38
2020-12-08,389.18
2020-12-09,387.0
2020-12-10,383.26
2020-12-11,382.78
2020-12-14,382.82
2020-12-15,385.66
2020-12-16,388.4
2020-12-17,390.5
2020-12-18,393.58
2020-12-21,398.36
2020-12-22,392.76
2020-12-23,391.44
2020-12-24,393.04
2020-12-25,395.0
2020-12-28,395.78
2020-12-29,393.86
2020-12-30,393.7
2020-12-31,394.98
2021-01-04,400.04
2021-01-05,402.32
2021-01-06,402.88
2021-01-07,399.06
2021-01-08,396.06
2021-01-11,385.0
2021-01-12,387.42
2021-01-13,387.54
2021-01-14,385.3
2021-01-15,387.9
2021-01-18,386.82
2021-01-19,387.72
2021-01-20,388.82
2021-01-21,392.72
2021-01-22,390.9
2021-01-25,389.0
2021-01-26,390.14
2021-01-27,387.94
2021-01-28,386.3
2021-01-29,388.34
2021-02-01,392.64
2021-02-02,389.5
2021-02-03,385.1
2021-02-04,382.26
2021-02-05,377.86
2021-02-08,381.0
2021-02-09,385.6
2021-02-10,385.66
2021-02-18,374.18
2021-02-19,372.46
2021-02-22,376.66
2021-02-23,380.66
2021-02-24,379.6
2021-02-25,375.94
2021-02-26,369.5
2021-03-01,367.94
2021-03-02,361.74
2021-03-03,363.5
2021-03-04,360.34
2021-03-05,356.6
2021-03-08,360.36
2021-03-09,359.04
2021-03-10,362.9
2021-03-11,365.88
2021-03-12,360.76
2021-03-15,363.86
2021-03-16,364.56
2021-03-17,366.2
2021-03-18,369.24
2021-03-19,367.66
2021-03-22,365.7
2021-03-23,366.8
2021-03-24,366.24
2021-03-25,367.22
2021-03-26,366.24
2021-03-29,366.44
2021-03-30,361.5
2021-03-31,357.38
2021-04-01,364.98
2021-04-02,369.98
2021-04-06,367.3
2021-04-07,369.1
2021-04-08,370.08
2021-04-09,371.96
2021-04-12,369.18
2021-04-13,365.8
2021-04-14,369.54
2021-04-15,369.54
2021-04-16,372.86
2021-04-19,375.5
2021-04-20,372.1
2021-04-21,375.98
2021-04-22,376.4
2021-04-23,375.2
2021-04-26,373.14
2021-04-27,373.48
2021-04-28,371.4
2021-04-29,372.68
2021-04-30,370.76
2021-05-06,376.28
2021-05-07,380.4
2021-05-10,381.76
2021-05-11,381.54
2021-05-12,382.44
2021-05-13,380.68
2021-05-14,382.96
2021-05-17,387.3
2021-05-18,389.96
2021-05-19,390.3
2021-05-20,390.4
2021-05-21,390.4
2021-05-24,391.66
2021-05-25,389.82
2021-05-26,393.4
2021-05-27,390.96
2021-05-28,391.38
2021-05-31,394.38
2021-06-01,396.9
2021-06-02,389.98
2021-06-03,387.5
2021-06-04,382.62
2021-06-07,385.32
2021-06-08,387.9
2021-06-09,387.7
2021-06-10,386.46
2021-06-11,389.92
2021-06-15,382.66
2021-06-16,382.24
2021-06-17,375.66
2021-06-18,371.62
2021-06-21,371.94
2021-06-22,373.44
2021-06-23,374.02
2021-06-24,371.94
2021-06-25,371.4
2021-06-28,372.16
2021-06-29,370.8
2021-06-30,367.5
2021-07-01,371.78
2021-07-02,372.64
2021-07-05,373.88
2021-07-06,377.46
2021-07-07,377.3
2021-07-08,376.62
2021-07-09,377.78
2021-07-12,377.0
2021-07-13,378.8
2021-07-14,379.5
2021-07-15,382.48
2021-07-16,381.48
2021-07-19,377.84
2021-07-20,380.68
2021-07-21,379.28
2021-07-22,376.3
2021-07-23,378.02
2021-07-26,379.04
2021-07-27,375.84
2021-07-28,379.9
2021-07-29,381.16
2021-07-30,382.5
2021-08-02,377.84
2021-08-03,377.82
2021-08-04,378.66
2021-08-05,378.04
2021-08-06,375.9
2021-08-09,365.6
2021-08-10,363.92
2021-08-11,363.52
2021-08-12,367.16
2021-08-13,368.04
2021-08-16,371.24
2021-08-17,375.02
2021-08-18,375.4
2021-08-19,374.28
2021-08-20,375.5
2021-08-23,374.88
2021-08-24,377.68
2021-08-25,375.54
2021-08-26,373.96
2021-08-27,377.78
2021-08-30,379.04
2021-08-31,378.84
2021-09-01,379.12
2021-09-02,378.92
2021-09-03,378.54
2021-09-06,380.96
2021-09-07,379.42
2021-09-08,374.96
2021-09-09,373.2
2021-09-10,375.5
2021-09-13,373.3
2021-09-14,373.82
2021-09-15,374.82
2021-09-16,371.76
2021-09-17,367.86
2021-09-22,372.52
2021-09-23,369.26
2021-09-24,366.78
2021-09-27,367.86
2021-09-28,364.22
2021-09-29,364.48
2021-09-30,362.78
2021-10-08,367.54
2021-10-11,366.16
2021-10-12,368.22
2021-10-13,368.1
2021-10-14,373.24
2021-10-15,372.58
2021-10-18,367.58
2021-10-19,368.76
2021-10-20,367.66
2021-10-21,369.54
2021-10-22,371.08
2021-10-25,370.14
2021-10-26,371.64
2021-10-27,368.92
2021-10-28,372.56
2021-10-29,370.48
2021-11-01,368.78
2021-11-02,371.26
2021-11-03,368.04
2021-11-04,366.58
2021-11-05,371.74
2021-11-08,375.9
2021-11-09,377.46
2021-11-10,377.46
2021-11-11,383.36
2021-11-12,383.6
2021-11-15,382.2
2021-11-16,384.02
2021-11-17,382.26
2021-11-18,383.54
2021-11-19,382.74
2021-11-22,379.14
2021-11-23,371.78
2021-11-24,369.76
2021-11-25,369.78
2021-11-26,372.7
2021-11-29,371.42
2021-11-30,370.24
2021-12-01,368.74
2021-12-02,367.0
2021-12-03,365.92
2021-12-06,368.68
2021-12-07,367.88
2021-12-08,368.28
2021-12-09,366.72
2021-12-10,365.62
2021-12-13,368.14
2021-12-14,368.52
2021-12-15,364.36
2021-12-16,368.08
2021-12-17,372.78
2021-12-20,372.34
2021-12-21,369.72
2021-12-22,368.9
2021-12-23,372.78
2021-12-24,373.56
2021-12-27,373.44
2021-12-28,374.46
2021-12-29,372.58
2021-12-30,370.8
2021-12-31,374.7
2022-01-04,371.74
2022-01-05,373.1
2022-01-06,370.64
2022-01-07,368.14
2022-01-10,368.56
2022-01-11,371.94
2022-01-12,373.92
2022-01-13,374.92
2022-01-14,374.58
2022-01-17,372.52
2022-01-18,371.76
2022-01-19,373.06
2022-01-20,378.4
2022-01-21,378.22
2022-01-24,377.2
2022-01-25,377.92
2022-01-26,378.58
2022-01-27,371.58
2022-01-28,370.1
2022-02-07,372.14
2022-02-08,374.8
2022-02-09,376.58
2022-02-10,377.4
2022-02-11,375.24
2022-02-14,381.7
2022-02-15,385.58
2022-02-16,379.84
2022-02-17,383.54
2022-02-18,386.64
2022-02-21,386.0
2022-02-22,390.72
2022-02-23,387.58
2022-02-24,396.04
2022-02-25,391.42
2022-02-28,389.02
2022-03-01,389.14
2022-03-02,394.5
2022-03-03,393.2
2022-03-04,394.64
2022-03-07,403.3
2022-03-08,412.2
2022-03-09,417.16
2022-03-10,404.0
2022-03-11,404.78
2022-03-14,402.5
2022-03-15,394.46
2022-03-16,391.04
2022-03-17,395.44
2022-03-18,395.9
2022-03-21,394.76
2022-03-22,397.16
2022-03-23,394.72
2022-03-24,399.02
2022-03-25,401.7
2022-03-28,397.68
2022-03-29,395.54
2022-03-30,394.74
2022-03-31,394.34
2022-04-01,396.26
2022-04-06,394.5
2022-04-07,394.94
2022-04-08,396.04
2022-04-11,399.6
2022-04-12,401.78
2022-04-13,403.7
2022-04-14,404.32
2022-04-15,405.82
2022-04-18,408.02
2022-04-19,405.1
2022-04-20,400.06
2022-04-21,405.06
2022-04-22,406.8
2022-04-25,404.42
2022-04-26,401.3
2022-04-27,400.9
2022-04-28,400.82
2022-04-29,405.82
2022-05-05,404.52
2022-05-06,403.6
2022-05-09,405.36
2022-05-10,402.3
2022-05-11,399.94
2022-05-12,404.24
2022-05-13,399.66
2022-05-16,395.84
2022-05-17,397.98
2022-05-18,393.32
2022-05-19,394.96
2022-05-20,397.18
2022-05-23,397.16
2022-05-24,398.08
2022-05-25,398.84
2022-05-26,400.36
2022-05-27,402.14
2022-05-30,399.92
2022-05-31,399.04
2022-06-01,396.36
2022-06-02,398.98
2022-06-06,398.0
2022-06-07,396.0
2022-06-08,398.02
2022-06-09,398.82
2022-06-10,397.54
2022-06-13,404.22
2022-06-14,396.9
2022-06-15,394.46
2022-06-16,395.76
2022-06-17,398.58
2022-06-20,397.0
2022-06-21,396.26
2022-06-22,396.2
2022-06-23,396.7
2022-06-24,393.64
2022-06-27,396.32
2022-06-28,393.86
2022-06-29,393.34
2022-06-30,392.7
2022-07-01,388.94
2022-07-04,390.92
2022-07-05,390.52
2022-07-06,382.86
2022-07-07,377.44
2022-07-08,377.04
2022-07-11,377.0
2022-07-12,378.2
2022-07-13,375.6
2022-07-14,376.1
2022-07-15,373.38
2022-07-18,374.98
2022-07-19,373.84
2022-07-20,373.52
2022-07-21,370.32
2022-07-22,375.98
2022-07-25,377.18
2022-07-26,377.46
2022-07-27,376.64
2022-07-28,380.72
2022-07-29,386.1
2022-08-01,385.8
2022-08-02,389.16
2022-08-03,387.3
2022-08-04,387.9
2022-08-05,391.1
2022-08-08,388.7
2022-08-09,390.46
2022-08-10,391.18
2022-08-11,389.56
2022-08-12,391.22
2022-08-15,392.0
2022-08-16,391.52
2022-08-17,389.9
2022-08-18,387.76
2022-08-19,387.56
2022-08-22,386.26
2022-08-23,387.32
2022-08-24,389.54
2022-08-25,390.82
2022-08-26,391.28
2022-08-29,387.94
2022-08-30,389.3
2022-08-31,386.92
2022-09-01,383.7
2022-09-02,383.02
2022-09-05,386.86
2022-09-06,388.98
2022-09-07,386.36
2022-09-08,389.46
2022-09-09,389.52
2022-09-13,389.66
2022-09-14,387.2
2022-09-15,385.24
2022-09-16,383.6
2022-09-19,384.7
2022-09-20,385.84
2022-09-21,386.98
2022-09-22,386.04
2022-09-23,387.64
2022-09-26,384.38
2022-09-27,384.88
2022-09-28,385.9
2022-09-29,389.66
2022-09-30,390.82
2022-10-10,393.24
2022-10-11,392.72
2022-10-12,393.04
2022-10-13,393.0
2022-10-14,392.42
2022-10-17,390.28
2022-10-18,390.78
2022-10-19,390.18
2022-10-20,388.1
2022-10-21,387.46
2022-10-24,392.72
2022-10-25,393.82
2022-10-26,393.62
2022-10-27,392.7
2022-10-28,392.78
2022-10-31,391.66
2022-11-01,391.46
2022-11-02,392.1
2022-11-03,390.88
2022-11-04,390.8
2022-11-07,394.0
2022-11-08,394.82
2022-11-09,403.26
2022-11-10,403.54
2022-11-11,406.72
2022-11-14,403.44
2022-11-15,404.96
2022-11-16,407.12
2022-11-17,407.7
2022-11-18,407.42
2022-11-21,405.2
2022-11-22,404.86
2022-11-23,404.66
2022-11-24,406.4
2022-11-25,407.6
2022-11-28,408.02
2022-11-29,406.56
2022-11-30,406.12
2022-12-01,407.1
2022-12-02,409.72
2022-12-05,405.72
2022-12-06,401.78
2022-12-07,401.1
2022-12-08,402.44
2022-12-09,403.46
2022-12-12,403.3
2022-12-13,403.54
2022-12-14,408.1
2022-12-15,404.86
2022-12-16,402.9
2022-12-19,405.3
2022-12-20,405.42
2022-12-21,409.5
2022-12-22,409.86
2022-12-23,406.8
2022-12-26,407.24
2022-12-27,407.96
2022-12-28,408.6
2022-12-29,408.36
2022-12-30,410.72
2023-01-03,411.2
2023-01-04,413.26
2023-01-05,412.5
2023-01-06,409.54
2023-01-09,414.0
2023-01-10,413.7
2023-01-11,414.8
2023-01-12,414.58
2023-01-13,415.22
2023-01-16,417.28
2023-01-17,419.0
2023-01-18,418.4
2023-01-19,419.66
2023-01-20,423.5
2023-01-30,422.68
2023-01-31,419.48
2023-02-01,421.58
2023-02-02,424.86
2023-02-03,419.34
2023-02-06,413.8
2023-02-07,412.62
2023-02-08,412.7
2023-02-09,413.52
2023-02-10,410.76
2023-02-13,413.08
2023-02-14,412.74
2023-02-15,411.66
2023-02-16,411.48
2023-02-17,410.26
2023-02-20,412.3
2023-02-21,411.7
2023-02-22,412.94
2023-02-23,411.94
2023-02-24,413.14
2023-02-27,412.2
2023-02-28,412.64
2023-03-01,414.04
2023-03-02,413.62
2023-03-03,415.58
2023-03-06,418.44
2023-03-07,418.82
2023-03-08,414.08
2023-03-09,414.02
2023-03-10,416.76
2023-03-13,420.42
2023-03-14,426.36
2023-03-15,426.54
2023-03-16,430.48
2023-03-17,432.44
2023-03-20,445.02
2023-03-21,441.56
2023-03-22,435.42
2023-03-23,438.36
2023-03-24,440.7
2023-03-27,438.14
2023-03-28,436.18
2023-03-29,437.76
2023-03-30,438.9
2023-03-31,441.2
2023-04-03,435.62
2023-04-04,440.7
2023-04-06,447.18
2023-04-07,447.32
2023-04-10,442.8
2023-04-11,444.84
2023-04-12,448.84
2023-04-13,448.82
2023-04-14,451.0
2023-04-17,446.08
2023-04-18,444.26
2023-04-19,443.98
2023-04-20,444.54
2023-04-21,442.5
2023-04-24,441.16
2023-04-25,444.98
2023-04-26,446.34
2023-04-27,447.28
2023-04-28,444.04
2023-05-04,455.26
2023-05-05,457.92
2023-05-08,452.36
2023-05-09,453.18
2023-05-10,454.9
2023-05-11,454.82
2023-05-12,451.5
2023-05-15,453.42
2023-05-16,452.26
2023-05-17,450.24
2023-05-18,449.4
2023-05-19,447.62
2023-05-22,449.54
2023-05-23,447.62
2023-05-24,449.9
2023-05-25,448.0
2023-05-26,445.5
2023-05-29,445.66
2023-05-30,444.62
2023-05-31,450.86
2023-06-01,450.98
2023-06-02,452.3
2023-06-05,447.26
2023-06-06,450.28
2023-06-07,451.1
2023-06-08,448.46
2023-06-09,452.34
2023-06-12,452.5
2023-06-13,453.68
2023-06-14,450.9
2023-06-15,447.14
2023-06-16,450.5
2023-06-19,451.24
2023-06-20,451.76
2023-06-21,449.84
2023-06-26,449.14
2023-06-27,448.86
2023-06-28,447.1
2023-06-29,447.5
2023-06-30,448.6
2023-07-03,449.52
2023-07-04,449.94
2023-07-05,450.7
2023-07-06,451.66
2023-07-07,450.82
2023-07-10,452.08
2023-07-11,452.2
2023-07-12,452.12
2023-07-13,456.32
2023-07-14,454.0
2023-07-17,455.34
2023-07-18,456.94
2023-07-19,462.48
2023-07-20,461.96
2023-07-21,459.3
2023-07-24,459.1
2023-07-25,456.8
2023-07-26,458.68
2023-07-27,459.76
2023-07-28,456.3
2023-07-31,455.98
2023-08-01,457.58
2023-08-02,457.18
2023-08-03,455.04
