指标名称,期货收盘价(活跃合约):COMEX黄金
2010-01-04,1120.8
2010-01-05,1121.1
2010-01-06,1138.9
2010-01-07,1136.1
2010-01-08,1141.4
2010-01-11,1153.9
2010-01-12,1131.7
2010-01-13,1139.2
2010-01-14,1145.3
2010-01-15,1132.7
2010-01-19,1142.1
2010-01-20,1114.5
2010-01-21,1105.1
2010-01-22,1091.7
2010-01-25,1097.7
2010-01-26,1100.4
2010-01-27,1086.6
2010-01-28,1085.8
2010-01-29,1084.8
2010-02-01,1106.0
2010-02-02,1119.0
2010-02-03,1113.0
2010-02-04,1064.0
2010-02-05,1053.8
2010-02-08,1067.3
2010-02-09,1078.3
2010-02-10,1077.4
2010-02-11,1095.8
2010-02-12,1091.1
2010-02-16,1120.9
2010-02-17,1121.3
2010-02-18,1119.9
2010-02-19,1123.3
2010-02-22,1114.3
2010-02-23,1104.4
2010-02-24,1098.4
2010-02-25,1109.7
2010-02-26,1120.1
2010-03-01,1119.5
2010-03-02,1138.6
2010-03-03,1144.6
2010-03-04,1134.4
2010-03-05,1136.5
2010-03-08,1125.3
2010-03-09,1123.6
2010-03-10,1109.4
2010-03-11,1109.5
2010-03-12,1103.0
2010-03-15,1106.6
2010-03-16,1123.6
2010-03-17,1125.3
2010-03-18,1128.6
2010-03-19,1108.8
2010-03-22,1100.7
2010-03-23,1104.9
2010-03-24,1089.9
2010-03-25,1094.1
2010-03-26,1105.4
2010-03-29,1111.5
2010-03-30,1105.7
2010-03-31,1114.5
2010-04-01,1126.1
2010-04-05,1133.8
2010-04-06,1136.0
2010-04-07,1153.0
2010-04-08,1152.9
2010-04-09,1161.9
2010-04-12,1162.2
2010-04-13,1153.4
2010-04-14,1159.6
2010-04-15,1160.3
2010-04-16,1136.9
2010-04-19,1135.8
2010-04-20,1139.2
2010-04-21,1148.8
2010-04-22,1142.9
2010-04-23,1153.7
2010-04-26,1154.0
2010-04-27,1162.2
2010-04-28,1171.8
2010-04-29,1168.8
2010-04-30,1180.7
2010-05-03,1183.3
2010-05-04,1169.2
2010-05-05,1175.0
2010-05-06,1197.3
2010-05-07,1210.4
2010-05-10,1200.8
2010-05-11,1220.3
2010-05-12,1243.1
2010-05-13,1229.2
2010-05-14,1227.8
2010-05-17,1228.1
2010-05-18,1214.6
2010-05-19,1193.1
2010-05-20,1188.6
2010-05-21,1176.1
2010-05-24,1194.0
2010-05-25,1198.0
2010-05-26,1213.4
2010-05-27,1211.9
2010-05-28,1216.0
2010-06-01,1225.4
2010-06-02,1224.0
2010-06-03,1207.7
2010-06-04,1221.9
2010-06-07,1239.9
2010-06-08,1239.4
2010-06-09,1232.4
2010-06-10,1222.5
2010-06-11,1229.4
2010-06-14,1222.1
2010-06-15,1235.7
2010-06-16,1233.8
2010-06-17,1245.4
2010-06-18,1258.3
2010-06-21,1240.6
2010-06-22,1241.2
2010-06-23,1238.9
2010-06-24,1245.2
2010-06-25,1256.6
2010-06-28,1240.1
2010-06-29,1259.9
2010-06-30,1263.6
2010-07-01,1223.8
2010-07-02,1225.0
2010-07-06,1212.0
2010-07-07,1215.2
2010-07-08,1212.5
2010-07-09,1221.6
2010-07-12,1206.7
2010-07-13,1216.1
2010-07-14,1216.3
2010-07-15,1216.0
2010-07-16,1198.9
2010-07-19,1191.4
2010-07-20,1199.6
2010-07-21,1193.3
2010-07-22,1204.1
2010-07-23,1196.1
2010-07-26,1190.0
2010-07-27,1168.1
2010-07-28,1169.5
2010-07-29,1174.4
2010-07-30,1188.7
2010-08-02,1189.9
2010-08-03,1193.8
2010-08-04,1200.0
2010-08-05,1203.5
2010-08-06,1209.4
2010-08-09,1207.9
2010-08-10,1211.7
2010-08-11,1204.9
2010-08-12,1218.4
2010-08-13,1220.5
2010-08-16,1230.3
2010-08-17,1231.8
2010-08-18,1235.1
2010-08-19,1238.5
2010-08-20,1233.0
2010-08-23,1230.9
2010-08-24,1236.5
2010-08-25,1245.7
2010-08-26,1244.1
2010-08-27,1243.7
2010-08-30,1242.6
2010-08-31,1253.3
2010-09-01,1250.6
2010-09-02,1256.0
2010-09-03,1246.8
2010-09-07,1261.5
2010-09-08,1261.8
2010-09-09,1251.8
2010-09-10,1252.5
2010-09-13,1250.5
2010-09-14,1273.5
2010-09-15,1274.1
2010-09-16,1282.2
2010-09-17,1287.1
2010-09-20,1290.4
2010-09-21,1294.5
2010-09-22,1298.4
2010-09-23,1299.5
2010-09-24,1308.2
2010-09-27,1308.4
2010-09-28,1318.1
2010-09-29,1320.3
2010-09-30,1319.7
2010-10-01,1328.3
2010-10-04,1327.1
2010-10-05,1350.7
2010-10-06,1357.8
2010-10-07,1344.7
2010-10-08,1354.8
2010-10-11,1364.2
2010-10-12,1362.3
2010-10-13,1380.5
2010-10-14,1387.9
2010-10-15,1374.4
2010-10-18,1382.3
2010-10-19,1345.8
2010-10-20,1354.0
2010-10-21,1335.1
2010-10-22,1334.6
2010-10-25,1340.3
2010-10-26,1334.9
2010-10-27,1328.2
2010-10-28,1340.7
2010-10-29,1359.8
2010-11-01,1356.0
2010-11-02,1354.5
2010-11-03,1355.8
2010-11-04,1389.8
2010-11-05,1393.9
2010-11-08,1411.0
2010-11-09,1396.5
2010-11-10,1408.0
2010-11-11,1389.0
2010-11-12,1368.2
2010-11-15,1359.0
2010-11-16,1336.2
2010-11-17,1349.1
2010-11-18,1352.9
2010-11-19,1353.6
2010-11-22,1361.2
2010-11-23,1361.2
2010-11-26,1375.7
2010-11-29,1365.9
2010-11-30,1389.8
2010-12-01,1394.0
2010-12-02,1391.6
2010-12-03,1416.0
2010-12-06,1422.8
2010-12-07,1391.0
2010-12-08,1388.0
2010-12-09,1390.0
2010-12-10,1385.5
2010-12-13,1404.7
2010-12-14,1397.1
2010-12-15,1382.0
2010-12-16,1376.5
2010-12-17,1376.1
2010-12-20,1388.0
2010-12-21,1390.4
2010-12-22,1388.5
2010-12-23,1379.1
2010-12-27,1391.3
2010-12-28,1405.0
2010-12-29,1413.9
2010-12-30,1407.2
2010-12-31,1422.0
2011-01-03,1417.0
2011-01-04,1387.2
2011-01-05,1384.0
2011-01-06,1370.3
2011-01-07,1369.7
2011-01-10,1375.0
2011-01-11,1385.0
2011-01-12,1386.1
2011-01-13,1375.9
2011-01-14,1361.4
2011-01-18,1372.5
2011-01-19,1368.1
2011-01-20,1347.9
2011-01-21,1341.9
2011-01-24,1332.2
2011-01-25,1332.3
2011-01-26,1341.1
2011-01-27,1314.5
2011-01-28,1339.1
2011-01-31,1338.2
2011-02-01,1341.9
2011-02-02,1336.5
2011-02-03,1351.8
2011-02-04,1349.1
2011-02-07,1351.7
2011-02-08,1363.0
2011-02-09,1364.5
2011-02-10,1368.9
2011-02-11,1356.7
2011-02-14,1364.9
2011-02-15,1373.6
2011-02-16,1378.0
2011-02-17,1383.4
2011-02-18,1389.4
2011-02-22,1401.2
2011-02-23,1412.4
2011-02-24,1403.5
2011-02-25,1414.7
2011-02-28,1412.7
2011-03-01,1429.7
2011-03-02,1434.3
2011-03-03,1418.5
2011-03-04,1433.1
2011-03-07,1433.0
2011-03-08,1427.2
2011-03-09,1429.8
2011-03-10,1417.2
2011-03-11,1419.6
2011-03-14,1419.3
2011-03-15,1397.6
2011-03-16,1390.7
2011-03-17,1409.9
2011-03-18,1419.3
2011-03-21,1430.8
2011-03-22,1428.8
2011-03-23,1438.1
2011-03-24,1433.1
2011-03-25,1429.9
2011-03-28,1418.5
2011-03-29,1417.9
2011-03-30,1425.4
2011-03-31,1431.2
2011-04-01,1429.2
2011-04-04,1438.4
2011-04-05,1454.6
2011-04-06,1456.8
2011-04-07,1466.3
2011-04-08,1476.4
2011-04-11,1458.1
2011-04-12,1456.1
2011-04-13,1459.7
2011-04-14,1475.1
2011-04-15,1487.1
2011-04-18,1491.1
2011-04-19,1498.4
2011-04-20,1507.2
2011-04-21,1504.9
2011-04-25,1497.3
2011-04-26,1508.2
2011-04-27,1528.4
2011-04-28,1534.4
2011-04-29,1565.8
2011-05-02,1542.1
2011-05-03,1532.5
2011-05-04,1517.1
2011-05-05,1489.2
2011-05-06,1495.2
2011-05-09,1509.7
2011-05-10,1522.8
2011-05-11,1505.1
2011-05-12,1502.9
2011-05-13,1494.2
2011-05-16,1492.5
2011-05-17,1490.9
2011-05-18,1497.8
2011-05-19,1495.5
2011-05-20,1513.6
2011-05-23,1516.6
2011-05-24,1524.8
2011-05-25,1528.5
2011-05-26,1525.6
2011-05-27,1537.6
2011-05-31,1531.6
2011-06-01,1539.5
2011-06-02,1533.9
2011-06-03,1543.6
2011-06-06,1544.3
2011-06-07,1541.5
2011-06-08,1537.1
2011-06-09,1543.7
2011-06-10,1532.5
2011-06-13,1520.6
2011-06-14,1526.8
2011-06-15,1527.4
2011-06-16,1527.9
2011-06-17,1539.8
2011-06-20,1541.8
2011-06-21,1547.5
2011-06-22,1547.5
2011-06-23,1522.7
2011-06-24,1502.8
2011-06-27,1500.6
2011-06-28,1505.2
2011-06-29,1513.3
2011-06-30,1500.6
2011-07-01,1486.7
2011-07-05,1513.7
2011-07-06,1529.7
2011-07-07,1526.7
2011-07-08,1543.1
2011-07-11,1552.1
2011-07-12,1566.1
2011-07-13,1586.1
2011-07-14,1583.0
2011-07-15,1594.5
2011-07-18,1602.0
2011-07-19,1591.6
2011-07-20,1596.9
2011-07-21,1587.0
2011-07-22,1601.5
2011-07-25,1614.4
2011-07-26,1619.3
2011-07-27,1617.3
2011-07-28,1616.2
2011-07-29,1631.2
2011-08-01,1621.7
2011-08-02,1644.5
2011-08-03,1666.3
2011-08-04,1659.0
2011-08-05,1651.8
2011-08-08,1713.2
2011-08-09,1743.0
2011-08-10,1784.3
2011-08-11,1751.5
2011-08-12,1742.6
2011-08-15,1758.0
2011-08-16,1785.0
2011-08-17,1793.8
2011-08-18,1822.0
2011-08-19,1852.2
2011-08-22,1891.9
2011-08-23,1861.3
2011-08-24,1757.3
2011-08-25,1763.2
2011-08-26,1797.3
2011-08-29,1791.6
2011-08-30,1829.8
2011-08-31,1831.7
2011-09-01,1829.1
2011-09-02,1876.9
2011-09-06,1873.3
2011-09-07,1817.6
2011-09-08,1857.5
2011-09-09,1859.5
2011-09-12,1813.3
2011-09-13,1830.1
2011-09-14,1826.5
2011-09-15,1781.4
2011-09-16,1814.7
2011-09-19,1778.9
2011-09-20,1809.1
2011-09-21,1808.1
2011-09-22,1741.7
2011-09-23,1683.0
2011-09-26,1594.8
2011-09-27,1652.5
2011-09-28,1618.1
2011-09-29,1617.3
2011-09-30,1622.3
2011-10-03,1657.7
2011-10-04,1616.0
2011-10-05,1641.6
2011-10-06,1653.2
2011-10-07,1635.8
2011-10-10,1670.8
2011-10-11,1661.0
2011-10-12,1682.6
2011-10-13,1668.5
2011-10-14,1683.0
2011-10-17,1676.6
2011-10-18,1652.8
2011-10-19,1647.0
2011-10-20,1612.9
2011-10-21,1636.1
2011-10-24,1652.3
2011-10-25,1717.8
2011-10-26,1737.1
2011-10-27,1758.0
2011-10-28,1755.5
2011-10-31,1725.2
2011-11-01,1711.8
2011-11-02,1729.6
2011-11-03,1765.1
2011-11-04,1756.1
2011-11-07,1791.1
2011-11-08,1799.2
2011-11-09,1791.6
2011-11-10,1759.6
2011-11-11,1788.1
2011-11-14,1778.4
2011-11-15,1782.2
2011-11-16,1774.3
2011-11-17,1720.2
2011-11-18,1740.3
2011-11-21,1678.0
2011-11-22,1702.4
2011-11-23,1712.2
2011-11-25,1688.5
2011-11-28,1714.5
2011-11-29,1718.9
2011-11-30,1750.3
2011-12-01,1749.8
2011-12-02,1749.1
2011-12-05,1728.0
2011-12-06,1731.8
2011-12-07,1745.8
2011-12-08,1711.0
2011-12-09,1716.8
2011-12-12,1669.9
2011-12-13,1635.0
2011-12-14,1579.7
2011-12-15,1577.2
2011-12-16,1597.9
2011-12-19,1596.8
2011-12-20,1615.9
2011-12-21,1616.3
2011-12-22,1610.6
2011-12-23,1609.5
2011-12-27,1594.6
2011-12-28,1558.1
2011-12-29,1549.2
2011-12-30,1564.8
2012-01-03,1600.5
2012-01-04,1612.2
2012-01-05,1622.2
2012-01-06,1617.4
2012-01-09,1612.3
2012-01-10,1631.5
2012-01-11,1641.4
2012-01-12,1648.8
2012-01-13,1640.9
2012-01-17,1651.7
2012-01-18,1659.2
2012-01-19,1658.7
2012-01-20,1665.6
2012-01-23,1675.4
2012-01-24,1667.0
2012-01-25,1713.4
2012-01-26,1722.0
2012-01-27,1739.8
2012-01-30,1742.0
2012-01-31,1739.1
2012-02-01,1745.2
2012-02-02,1761.0
2012-02-03,1730.4
2012-02-06,1723.0
2012-02-07,1747.0
2012-02-08,1736.1
2012-02-09,1731.2
2012-02-10,1725.3
2012-02-13,1724.8
2012-02-14,1723.3
2012-02-15,1729.6
2012-02-16,1728.8
2012-02-17,1726.2
2012-02-21,1760.8
2012-02-22,1776.8
2012-02-23,1781.0
2012-02-24,1775.8
2012-02-27,1769.7
2012-02-28,1784.7
2012-02-29,1699.0
2012-03-01,1717.0
2012-03-02,1713.5
2012-03-05,1708.6
2012-03-06,1675.7
2012-03-07,1683.6
2012-03-08,1699.2
2012-03-09,1712.6
2012-03-12,1699.8
2012-03-13,1694.2
2012-03-14,1642.9
2012-03-15,1659.5
2012-03-16,1655.8
2012-03-19,1667.3
2012-03-20,1651.2
2012-03-21,1649.3
2012-03-22,1644.2
2012-03-23,1687.5
2012-03-26,1691.8
2012-03-27,1683.8
2012-03-28,1664.9
2012-03-29,1662.1
2012-03-30,1668.6
2012-04-02,1677.8
2012-04-03,1648.2
2012-04-04,1614.1
2012-04-05,1630.9
2012-04-09,1641.7
2012-04-10,1660.7
2012-04-11,1660.6
2012-04-12,1675.6
2012-04-13,1660.4
2012-04-16,1654.0
2012-04-17,1650.0
2012-04-18,1644.0
2012-04-19,1642.7
2012-04-20,1642.8
2012-04-23,1640.0
2012-04-24,1641.0
2012-04-25,1644.3
2012-04-26,1657.2
2012-04-27,1662.3
2012-04-30,1664.7
2012-05-01,1663.4
2012-05-02,1654.3
2012-05-03,1634.8
2012-05-04,1641.6
2012-05-07,1639.8
2012-05-08,1607.2
2012-05-09,1590.5
2012-05-10,1593.5
2012-05-11,1581.0
2012-05-14,1558.8
2012-05-15,1544.5
2012-05-16,1541.4
2012-05-17,1572.8
2012-05-18,1590.5
2012-05-21,1592.0
2012-05-22,1569.5
2012-05-23,1561.7
2012-05-24,1558.0
2012-05-25,1572.7
2012-05-29,1557.6
2012-05-30,1563.5
2012-05-31,1562.7
2012-06-01,1622.1
2012-06-04,1620.0
2012-06-05,1617.9
2012-06-06,1621.2
2012-06-07,1591.6
2012-06-08,1594.7
2012-06-11,1596.0
2012-06-12,1610.4
2012-06-13,1616.7
2012-06-14,1624.0
2012-06-15,1628.1
2012-06-18,1629.1
2012-06-19,1619.3
2012-06-20,1608.8
2012-06-21,1566.0
2012-06-22,1571.2
2012-06-25,1584.7
2012-06-26,1573.2
2012-06-27,1574.7
2012-06-28,1553.1
2012-06-29,1604.2
2012-07-02,1600.0
2012-07-03,1616.4
2012-07-05,1605.3
2012-07-06,1584.8
2012-07-09,1586.4
2012-07-10,1568.3
2012-07-11,1578.0
2012-07-12,1573.2
2012-07-13,1587.1
2012-07-16,1589.9
2012-07-17,1582.2
2012-07-18,1574.0
2012-07-19,1580.1
2012-07-20,1582.2
2012-07-23,1577.0
2012-07-24,1578.0
2012-07-25,1607.1
2012-07-26,1617.5
2012-07-27,1623.6
2012-07-30,1624.0
2012-07-31,1614.6
2012-08-01,1607.3
2012-08-02,1590.7
2012-08-03,1609.3
2012-08-06,1616.2
2012-08-07,1615.6
2012-08-08,1615.1
2012-08-09,1619.0
2012-08-10,1622.8
2012-08-13,1612.9
2012-08-14,1602.4
2012-08-15,1604.7
2012-08-16,1616.2
2012-08-17,1617.5
2012-08-20,1622.6
2012-08-21,1638.7
2012-08-22,1656.0
2012-08-23,1671.9
2012-08-24,1673.4
2012-08-27,1667.2
2012-08-28,1669.7
2012-08-29,1659.3
2012-08-30,1657.1
2012-08-31,1692.3
2012-09-04,1698.0
2012-09-05,1694.0
2012-09-06,1702.6
2012-09-07,1737.6
2012-09-10,1727.2
2012-09-11,1733.4
2012-09-12,1734.3
2012-09-13,1769.0
2012-09-14,1772.7
2012-09-17,1764.7
2012-09-18,1773.1
2012-09-19,1771.7
2012-09-20,1771.6
2012-09-21,1775.2
2012-09-24,1767.3
2012-09-25,1763.8
2012-09-26,1753.6
2012-09-27,1779.1
2012-09-28,1773.9
2012-10-01,1783.3
2012-10-02,1777.5
2012-10-03,1780.8
2012-10-04,1796.5
2012-10-05,1785.0
2012-10-08,1778.1
2012-10-09,1766.5
2012-10-10,1764.0
2012-10-11,1768.2
2012-10-12,1756.9
2012-10-15,1737.6
2012-10-16,1748.5
2012-10-17,1750.2
2012-10-18,1743.6
2012-10-19,1724.0
2012-10-22,1726.3
2012-10-23,1709.4
2012-10-24,1703.5
2012-10-25,1713.0
2012-10-26,1712.7
2012-10-29,1708.7
2012-10-30,1710.6
2012-10-31,1719.8
2012-11-01,1716.0
2012-11-02,1678.8
2012-11-05,1684.3
2012-11-06,1715.6
2012-11-07,1714.0
2012-11-08,1726.0
2012-11-09,1730.4
2012-11-12,1728.7
2012-11-13,1725.4
2012-11-14,1725.4
2012-11-15,1716.4
2012-11-16,1713.3
2012-11-19,1730.6
2012-11-20,1728.6
2012-11-21,1728.1
2012-11-23,1751.4
2012-11-26,1749.8
2012-11-27,1745.5
2012-11-28,1722.8
2012-11-29,1727.4
2012-11-30,1717.0
2012-12-03,1717.3
2012-12-04,1699.4
2012-12-05,1695.7
2012-12-06,1700.5
2012-12-07,1705.9
2012-12-10,1713.2
2012-12-11,1711.7
2012-12-12,1712.8
2012-12-13,1699.1
2012-12-14,1697.5
2012-12-17,1699.1
2012-12-18,1672.1
2012-12-19,1667.9
2012-12-20,1649.8
2012-12-21,1657.4
2012-12-24,1659.5
2012-12-26,1659.9
2012-12-27,1663.8
2012-12-28,1658.4
2012-12-31,1674.0
2013-01-02,1685.3
2013-01-03,1664.0
2013-01-04,1658.4
2013-01-07,1647.9
2013-01-08,1662.2
2013-01-09,1658.3
2013-01-10,1673.0
2013-01-11,1664.0
2013-01-14,1666.0
2013-01-15,1678.7
2013-01-16,1680.8
2013-01-17,1688.0
2013-01-18,1685.0
2013-01-22,1693.6
2013-01-23,1686.4
2013-01-24,1667.7
2013-01-25,1658.8
2013-01-28,1656.6
2013-01-29,1663.9
2013-01-30,1681.0
2013-01-31,1664.7
2013-02-01,1667.6
2013-02-04,1674.3
2013-02-05,1674.4
2013-02-06,1677.7
2013-02-07,1671.7
2013-02-08,1668.2
2013-02-11,1649.5
2013-02-12,1651.6
2013-02-13,1643.4
2013-02-14,1634.4
2013-02-15,1607.3
2013-02-19,1601.1
2013-02-20,1579.2
2013-02-21,1576.0
2013-02-22,1573.0
2013-02-25,1592.5
2013-02-26,1589.0
2013-02-27,1603.8
2013-02-28,1579.8
2013-03-01,1576.9
2013-03-04,1572.4
2013-03-05,1574.1
2013-03-06,1583.7
2013-03-07,1575.1
2013-03-08,1576.4
2013-03-11,1579.0
2013-03-12,1591.6
2013-03-13,1587.2
2013-03-14,1588.7
2013-03-15,1591.2
2013-03-18,1604.2
2013-03-19,1612.5
2013-03-20,1605.5
2013-03-21,1611.7
2013-03-22,1607.5
2013-03-25,1607.0
2013-03-26,1601.0
2013-03-27,1605.7
2013-03-28,1596.9
2013-04-01,1596.7
2013-04-02,1583.8
2013-04-03,1557.9
2013-04-04,1553.2
2013-04-05,1581.1
2013-04-08,1572.8
2013-04-09,1584.6
2013-04-10,1559.0
2013-04-11,1560.5
2013-04-12,1476.1
2013-04-15,1374.6
2013-04-16,1387.4
2013-04-17,1377.4
2013-04-18,1388.9
2013-04-19,1393.0
2013-04-22,1425.7
2013-04-23,1413.2
2013-04-24,1426.6
2013-04-25,1454.7
2013-04-26,1462.2
2013-04-29,1468.1
2013-04-30,1469.3
2013-05-01,1457.8
2013-05-02,1466.4
2013-05-03,1470.5
2013-05-06,1469.3
2013-05-07,1449.0
2013-05-08,1472.2
2013-05-09,1458.3
2013-05-10,1447.8
2013-05-13,1430.5
2013-05-14,1423.6
2013-05-15,1391.4
2013-05-16,1385.2
2013-05-17,1364.7
2013-05-20,1384.1
2013-05-21,1370.0
2013-05-22,1358.8
2013-05-23,1389.7
2013-05-24,1386.0
2013-05-28,1379.7
2013-05-29,1392.5
2013-05-30,1413.1
2013-05-31,1395.0
2013-06-03,1410.8
2013-06-04,1399.5
2013-06-05,1401.9
2013-06-06,1412.1
2013-06-07,1383.0
2013-06-10,1378.5
2013-06-11,1377.9
2013-06-12,1393.0
2013-06-13,1386.9
2013-06-14,1388.1
2013-06-17,1384.0
2013-06-18,1368.0
2013-06-19,1351.0
2013-06-20,1293.5
2013-06-21,1297.7
2013-06-24,1282.7
2013-06-25,1276.4
2013-06-26,1233.4
2013-06-27,1200.0
2013-06-28,1232.1
2013-07-01,1239.2
2013-07-02,1241.7
2013-07-03,1251.6
2013-07-05,1222.4
2013-07-08,1235.7
2013-07-09,1249.2
2013-07-10,1252.5
2013-07-11,1278.8
2013-07-12,1280.0
2013-07-15,1281.8
2013-07-16,1290.5
2013-07-17,1284.5
2013-07-18,1284.9
2013-07-19,1296.5
2013-07-22,1336.0
2013-07-23,1347.6
2013-07-24,1327.0
2013-07-25,1334.1
2013-07-26,1334.0
2013-07-29,1327.0
2013-07-30,1327.1
2013-07-31,1315.0
2013-08-01,1308.8
2013-08-02,1314.0
2013-08-05,1303.1
2013-08-06,1281.5
2013-08-07,1280.5
2013-08-08,1304.0
2013-08-09,1312.3
2013-08-12,1340.0
2013-08-13,1321.0
2013-08-14,1335.8
2013-08-15,1360.5
2013-08-16,1368.0
2013-08-19,1364.8
2013-08-20,1372.5
2013-08-21,1367.5
2013-08-22,1375.5
2013-08-23,1396.5
2013-08-26,1396.5
2013-08-27,1419.0
2013-08-28,1418.0
2013-08-29,1406.7
2013-08-30,1395.8
2013-09-03,1402.0
2013-09-04,1395.0
2013-09-05,1367.4
2013-09-06,1388.5
2013-09-09,1386.9
2013-09-10,1363.0
2013-09-11,1365.5
2013-09-12,1329.8
2013-09-13,1318.0
2013-09-16,1313.6
2013-09-17,1309.7
2013-09-18,1365.0
2013-09-19,1368.5
2013-09-20,1343.0
2013-09-23,1322.3
2013-09-24,1323.0
2013-09-25,1335.3
2013-09-26,1323.9
2013-09-27,1338.2
2013-09-30,1326.0
2013-10-01,1287.6
2013-10-02,1316.4
2013-10-03,1317.6
2013-10-04,1311.2
2013-10-07,1322.4
2013-10-08,1319.7
2013-10-09,1304.5
2013-10-10,1286.4
2013-10-11,1270.8
2013-10-14,1272.8
2013-10-15,1280.1
2013-10-16,1281.8
2013-10-17,1314.0
2013-10-18,1316.3
2013-10-21,1315.7
2013-10-22,1340.3
2013-10-23,1332.8
2013-10-24,1346.4
2013-10-25,1352.3
2013-10-28,1352.9
2013-10-29,1344.0
2013-10-30,1342.6
2013-10-31,1325.0
2013-11-01,1315.5
2013-11-04,1314.2
2013-11-05,1311.6
2013-11-06,1317.3
2013-11-07,1307.2
2013-11-08,1284.6
2013-11-11,1281.1
2013-11-12,1265.4
2013-11-13,1281.4
2013-11-14,1286.8
2013-11-15,1287.0
2013-11-18,1275.2
2013-11-19,1273.0
2013-11-20,1242.0
2013-11-21,1241.6
2013-11-22,1242.9
2013-11-25,1242.3
2013-11-26,1241.6
2013-11-27,1237.4
2013-11-29,1250.4
2013-12-02,1221.9
2013-12-03,1221.0
2013-12-04,1242.5
2013-12-05,1224.0
2013-12-06,1230.0
2013-12-09,1235.5
2013-12-10,1261.3
2013-12-11,1251.7
2013-12-12,1224.6
2013-12-13,1238.0
2013-12-16,1244.2
2013-12-17,1230.4
2013-12-18,1218.0
2013-12-19,1187.1
2013-12-20,1202.8
2013-12-23,1197.5
2013-12-24,1204.4
2013-12-26,1210.3
2013-12-27,1212.9
2013-12-30,1196.0
2013-12-31,1209.0
2014-01-02,1222.4
2014-01-03,1237.4
2014-01-06,1236.9
2014-01-07,1230.9
2014-01-08,1225.0
2014-01-09,1226.8
2014-01-10,1248.5
2014-01-13,1252.3
2014-01-14,1244.9
2014-01-15,1241.3
2014-01-16,1242.2
2014-01-17,1248.0
2014-01-21,1239.0
2014-01-22,1236.3
2014-01-23,1264.5
2014-01-24,1269.2
2014-01-27,1263.5
2014-01-28,1255.5
2014-01-29,1267.6
2014-01-30,1243.3
2014-01-31,1245.6
2014-02-03,1257.8
2014-02-04,1254.1
2014-02-05,1256.0
2014-02-06,1257.7
2014-02-07,1261.5
2014-02-10,1274.7
2014-02-11,1290.6
2014-02-12,1291.6
2014-02-13,1302.6
2014-02-14,1318.9
2014-02-18,1322.2
2014-02-19,1310.8
2014-02-20,1315.0
2014-02-21,1326.0
2014-02-24,1336.6
2014-02-25,1343.0
2014-02-26,1329.8
2014-02-27,1331.8
2014-02-28,1328.6
2014-03-03,1350.3
2014-03-04,1334.4
2014-03-05,1336.8
2014-03-06,1350.4
2014-03-07,1339.5
2014-03-10,1339.8
2014-03-11,1349.5
2014-03-12,1367.2
2014-03-13,1368.6
2014-03-14,1382.5
2014-03-17,1372.8
2014-03-18,1355.3
2014-03-19,1330.4
2014-03-20,1328.3
2014-03-21,1334.7
2014-03-24,1308.9
2014-03-25,1311.7
2014-03-26,1305.0
2014-03-27,1291.4
2014-03-28,1294.5
2014-03-31,1284.5
2014-04-01,1279.3
2014-04-02,1289.9
2014-04-03,1286.8
2014-04-04,1303.6
2014-04-07,1296.9
2014-04-08,1308.3
2014-04-09,1312.3
2014-04-10,1318.1
2014-04-11,1318.9
2014-04-14,1326.6
2014-04-15,1302.4
2014-04-16,1302.2
2014-04-17,1294.6
2014-04-21,1290.3
2014-04-22,1283.7
2014-04-23,1283.7
2014-04-24,1293.7
2014-04-25,1303.6
2014-04-28,1293.4
2014-04-29,1295.7
2014-04-30,1291.1
2014-05-01,1284.7
2014-05-02,1300.4
2014-05-05,1309.5
2014-05-06,1307.7
2014-05-07,1289.7
2014-05-08,1289.6
2014-05-09,1289.9
2014-05-12,1298.5
2014-05-13,1294.5
2014-05-14,1305.5
2014-05-15,1296.6
2014-05-16,1292.8
2014-05-19,1292.7
2014-05-20,1294.4
2014-05-21,1292.0
2014-05-22,1294.3
2014-05-23,1292.3
2014-05-27,1263.9
2014-05-28,1262.0
2014-05-29,1256.0
2014-05-30,1251.4
2014-06-02,1243.6
2014-06-03,1245.0
2014-06-04,1243.7
2014-06-05,1253.2
2014-06-06,1252.4
2014-06-09,1252.1
2014-06-10,1261.4
2014-06-11,1260.7
2014-06-12,1273.2
2014-06-13,1276.0
2014-06-16,1271.8
2014-06-17,1266.0
2014-06-18,1270.3
2014-06-19,1320.4
2014-06-20,1314.8
2014-06-23,1318.4
2014-06-24,1319.1
2014-06-25,1319.3
2014-06-26,1317.8
2014-06-27,1316.0
2014-06-30,1327.8
2014-07-01,1327.1
2014-07-02,1328.0
2014-07-03,1320.4
2014-07-07,1321.0
2014-07-08,1320.6
2014-07-09,1327.6
2014-07-10,1337.5
2014-07-11,1340.0
2014-07-14,1307.8
2014-07-15,1294.3
2014-07-16,1300.3
2014-07-17,1318.7
2014-07-18,1311.4
2014-07-21,1314.5
2014-07-22,1308.5
2014-07-23,1306.3
2014-07-24,1296.0
2014-07-25,1310.3
2014-07-28,1306.4
2014-07-29,1300.6
2014-07-30,1297.1
2014-07-31,1283.1
2014-08-01,1295.2
2014-08-04,1289.2
2014-08-05,1289.6
2014-08-06,1306.9
2014-08-07,1314.5
2014-08-08,1310.6
2014-08-11,1309.4
2014-08-12,1310.6
2014-08-13,1313.7
2014-08-14,1313.9
2014-08-15,1305.5
2014-08-18,1298.2
2014-08-19,1296.2
2014-08-20,1292.5
2014-08-21,1277.3
2014-08-22,1281.8
2014-08-25,1277.0
2014-08-26,1284.8
2014-08-27,1283.5
2014-08-28,1290.0
2014-08-29,1288.0
2014-09-02,1266.5
2014-09-03,1270.0
2014-09-04,1261.7
2014-09-05,1269.2
2014-09-08,1256.3
2014-09-09,1255.4
2014-09-10,1249.8
2014-09-11,1240.9
2014-09-12,1229.0
2014-09-15,1233.4
2014-09-16,1235.6
2014-09-17,1223.9
2014-09-18,1225.9
2014-09-19,1216.9
2014-09-22,1215.4
2014-09-23,1223.5
2014-09-24,1217.2
2014-09-25,1222.5
2014-09-26,1220.0
2014-09-29,1215.6
2014-09-30,1209.2
2014-10-01,1212.8
2014-10-02,1214.8
2014-10-03,1191.1
2014-10-06,1207.2
2014-10-07,1208.7
2014-10-08,1221.9
2014-10-09,1223.9
2014-10-10,1223.3
2014-10-13,1237.3
2014-10-14,1232.4
2014-10-15,1241.3
2014-10-16,1239.1
2014-10-17,1238.5
2014-10-20,1247.2
2014-10-21,1249.7
2014-10-22,1241.3
2014-10-23,1233.0
2014-10-24,1231.2
2014-10-27,1225.3
2014-10-28,1228.0
2014-10-29,1211.8
2014-10-30,1199.0
2014-10-31,1173.5
2014-11-03,1165.3
2014-11-04,1168.2
2014-11-05,1140.0
2014-11-06,1141.3
2014-11-07,1178.7
2014-11-10,1151.8
2014-11-11,1163.1
2014-11-12,1161.9
2014-11-13,1161.8
2014-11-14,1187.9
2014-11-17,1186.6
2014-11-18,1196.0
2014-11-19,1182.5
2014-11-20,1193.9
2014-11-21,1201.5
2014-11-24,1198.7
2014-11-25,1200.8
2014-11-26,1198.1
2014-11-28,1165.8
2014-12-01,1211.8
2014-12-02,1197.5
2014-12-03,1209.1
2014-12-04,1207.7
2014-12-05,1192.6
2014-12-08,1203.7
2014-12-09,1231.9
2014-12-10,1225.6
2014-12-11,1227.7
2014-12-12,1222.1
2014-12-15,1193.8
2014-12-16,1195.3
2014-12-17,1189.2
2014-12-18,1198.2
2014-12-19,1194.5
2014-12-22,1177.0
2014-12-23,1177.2
2014-12-24,1175.2
2014-12-26,1196.1
2014-12-29,1182.9
2014-12-30,1200.3
2014-12-31,1183.2
2015-01-02,1189.8
2015-01-05,1205.1
2015-01-06,1219.3
2015-01-07,1211.1
2015-01-08,1208.9
2015-01-09,1223.4
2015-01-12,1233.4
2015-01-13,1230.9
2015-01-14,1229.1
2015-01-15,1262.6
2015-01-16,1275.5
2015-01-20,1294.2
2015-01-21,1292.9
2015-01-22,1302.1
2015-01-23,1294.1
2015-01-26,1281.3
2015-01-27,1293.8
2015-01-28,1283.9
2015-01-29,1258.7
2015-01-30,1268.5
2015-02-02,1274.4
2015-02-03,1260.6
2015-02-04,1269.4
2015-02-05,1265.0
2015-02-06,1233.3
2015-02-09,1238.7
2015-02-10,1233.7
2015-02-11,1218.3
2015-02-12,1221.7
2015-02-13,1227.9
2015-02-17,1209.3
2015-02-18,1212.8
2015-02-19,1206.7
2015-02-20,1203.4
2015-02-23,1201.3
2015-02-24,1200.8
2015-02-25,1203.7
2015-02-26,1209.3
2015-02-27,1213.7
2015-03-02,1205.9
2015-03-03,1203.5
2015-03-04,1200.3
2015-03-05,1197.5
2015-03-06,1168.2
2015-03-09,1166.4
2015-03-10,1161.0
2015-03-11,1153.4
2015-03-12,1152.2
2015-03-13,1158.4
2015-03-16,1153.8
2015-03-17,1148.1
2015-03-18,1166.4
2015-03-19,1170.5
2015-03-20,1181.7
2015-03-23,1188.8
2015-03-24,1192.7
2015-03-25,1194.6
2015-03-26,1204.8
2015-03-27,1198.6
2015-03-30,1185.5
2015-03-31,1183.2
2015-04-01,1203.6
2015-04-02,1202.5
2015-04-06,1214.5
2015-04-07,1208.2
2015-04-08,1202.7
2015-04-09,1194.0
2015-04-10,1207.8
2015-04-13,1198.6
2015-04-14,1191.9
2015-04-15,1201.5
2015-04-16,1197.8
2015-04-17,1203.3
2015-04-20,1195.8
2015-04-21,1201.8
2015-04-22,1186.8
2015-04-23,1193.0
2015-04-24,1179.9
2015-04-27,1196.5
2015-04-28,1211.0
2015-04-29,1204.1
2015-04-30,1183.5
2015-05-01,1174.3
2015-05-04,1187.3
2015-05-05,1192.5
2015-05-06,1190.7
2015-05-07,1183.7
2015-05-08,1187.3
2015-05-11,1183.0
2015-05-12,1192.5
2015-05-13,1214.6
2015-05-14,1220.9
2015-05-15,1223.0
2015-05-18,1225.3
2015-05-19,1209.5
2015-05-20,1209.3
2015-05-21,1206.3
2015-05-22,1205.4
2015-05-26,1188.3
2015-05-27,1188.1
2015-05-28,1188.3
2015-05-29,1190.5
2015-06-01,1189.3
2015-06-02,1193.2
2015-06-03,1185.5
2015-06-04,1176.4
2015-06-05,1171.8
2015-06-08,1173.2
2015-06-09,1175.9
2015-06-10,1185.1
2015-06-11,1181.5
2015-06-12,1180.8
2015-06-15,1185.7
2015-06-16,1181.0
2015-06-17,1184.6
2015-06-18,1201.5
2015-06-19,1199.8
2015-06-22,1185.4
2015-06-23,1177.5
2015-06-24,1174.5
2015-06-25,1172.4
2015-06-26,1173.7
2015-06-29,1179.6
2015-06-30,1172.1
2015-07-01,1167.8
2015-07-02,1165.2
2015-07-06,1169.3
2015-07-07,1154.5
2015-07-08,1157.4
2015-07-09,1158.8
2015-07-10,1162.3
2015-07-13,1157.0
2015-07-14,1154.3
2015-07-15,1148.4
2015-07-16,1143.8
2015-07-17,1132.3
2015-07-20,1096.7
2015-07-21,1100.0
2015-07-22,1093.0
2015-07-23,1089.4
2015-07-24,1098.4
2015-07-27,1093.8
2015-07-28,1095.1
2015-07-29,1096.1
2015-07-30,1087.9
2015-07-31,1095.0
2015-08-03,1085.6
2015-08-04,1087.0
2015-08-05,1084.0
2015-08-06,1089.0
2015-08-07,1093.3
2015-08-10,1103.7
2015-08-11,1108.1
2015-08-12,1125.0
2015-08-13,1114.2
2015-08-14,1113.2
2015-08-17,1116.9
2015-08-18,1117.0
2015-08-19,1133.6
2015-08-20,1152.6
2015-08-21,1159.9
2015-08-24,1154.4
2015-08-25,1139.9
2015-08-26,1124.8
2015-08-27,1125.0
2015-08-28,1133.3
2015-08-31,1133.9
2015-09-01,1139.3
2015-09-02,1133.2
2015-09-03,1124.5
2015-09-04,1122.3
2015-09-08,1120.9
2015-09-09,1105.3
2015-09-10,1110.1
2015-09-11,1107.9
2015-09-14,1107.5
2015-09-15,1104.3
2015-09-16,1118.4
2015-09-17,1130.2
2015-09-18,1139.1
2015-09-21,1132.6
2015-09-22,1123.9
2015-09-23,1129.5
2015-09-24,1153.3
2015-09-25,1145.5
2015-09-28,1131.3
2015-09-29,1126.9
2015-09-30,1114.5
2015-10-01,1112.7
2015-10-02,1137.6
2015-10-05,1135.1
2015-10-06,1146.8
2015-10-07,1145.0
2015-10-08,1138.2
2015-10-09,1155.6
2015-10-12,1163.5
2015-10-13,1168.5
2015-10-14,1183.9
2015-10-15,1183.0
2015-10-16,1177.1
2015-10-19,1170.6
2015-10-20,1175.8
2015-10-21,1166.8
2015-10-22,1165.9
2015-10-23,1164.0
2015-10-26,1162.9
2015-10-27,1167.0
2015-10-28,1155.7
2015-10-29,1145.5
2015-10-30,1141.7
2015-11-02,1133.4
2015-11-03,1117.2
2015-11-04,1107.0
2015-11-05,1103.0
2015-11-06,1088.9
2015-11-09,1091.4
2015-11-10,1088.7
2015-11-11,1085.7
2015-11-12,1084.5
2015-11-13,1083.3
2015-11-16,1081.7
2015-11-17,1069.3
2015-11-18,1069.5
2015-11-19,1081.3
2015-11-20,1076.7
2015-11-23,1067.9
2015-11-24,1074.5
2015-11-25,1070.1
2015-11-27,1056.1
2015-11-30,1064.0
2015-12-01,1068.3
2015-12-02,1052.7
2015-12-03,1061.1
2015-12-04,1085.8
2015-12-07,1070.7
2015-12-08,1074.1
2015-12-09,1072.0
2015-12-10,1071.0
2015-12-11,1073.9
2015-12-14,1059.6
2015-12-15,1060.4
2015-12-16,1071.5
2015-12-17,1050.2
2015-12-18,1065.6
2015-12-21,1077.7
2015-12-22,1071.8
2015-12-23,1069.7
2015-12-24,1075.8
2015-12-28,1068.5
2015-12-29,1068.5
2015-12-30,1060.4
2015-12-31,1060.5
2016-01-04,1073.9
2016-01-05,1077.0
2016-01-06,1093.3
2016-01-07,1108.7
2016-01-08,1104.1
2016-01-11,1093.7
2016-01-12,1086.1
2016-01-13,1093.3
2016-01-14,1078.2
2016-01-15,1088.6
2016-01-19,1087.3
2016-01-20,1101.0
2016-01-21,1101.4
2016-01-22,1098.2
2016-01-25,1108.1
2016-01-26,1120.3
2016-01-27,1125.7
2016-01-28,1115.6
2016-01-29,1118.3
2016-02-01,1128.6
2016-02-02,1129.6
2016-02-03,1143.0
2016-02-04,1156.0
2016-02-05,1174.1
2016-02-08,1189.6
2016-02-09,1189.4
2016-02-10,1197.4
2016-02-11,1247.0
2016-02-12,1238.5
2016-02-16,1200.9
2016-02-17,1209.0
2016-02-18,1231.3
2016-02-19,1226.6
2016-02-22,1208.9
2016-02-23,1226.0
2016-02-24,1229.4
2016-02-25,1233.7
2016-02-26,1223.0
2016-02-29,1239.3
2016-03-01,1232.7
2016-03-02,1240.5
2016-03-03,1264.9
2016-03-04,1260.1
2016-03-07,1268.0
2016-03-08,1262.0
2016-03-09,1253.9
2016-03-10,1273.1
2016-03-11,1251.1
2016-03-14,1235.9
2016-03-15,1232.8
2016-03-16,1263.1
2016-03-17,1258.6
2016-03-18,1256.0
2016-03-21,1244.1
2016-03-22,1248.6
2016-03-23,1220.1
2016-03-24,1218.7
2016-03-28,1223.5
2016-03-29,1244.2
2016-03-30,1226.6
2016-03-31,1234.4
2016-04-01,1223.6
2016-04-04,1217.0
2016-04-05,1232.9
2016-04-06,1224.0
2016-04-07,1242.0
2016-04-08,1241.0
2016-04-11,1259.7
2016-04-12,1257.4
2016-04-13,1244.1
2016-04-14,1229.3
2016-04-15,1235.7
2016-04-18,1234.0
2016-04-19,1251.8
2016-04-20,1245.8
2016-04-21,1249.5
2016-04-22,1233.7
2016-04-25,1239.4
2016-04-26,1244.8
2016-04-27,1247.3
2016-04-28,1268.1
2016-04-29,1294.9
2016-05-02,1293.4
2016-05-03,1288.2
2016-05-04,1281.5
2016-05-05,1279.6
2016-05-06,1289.7
2016-05-09,1265.4
2016-05-10,1267.3
2016-05-11,1278.7
2016-05-12,1264.7
2016-05-13,1274.3
2016-05-16,1275.5
2016-05-17,1280.3
2016-05-18,1259.5
2016-05-19,1255.7
2016-05-20,1252.9
2016-05-23,1249.2
2016-05-24,1227.2
2016-05-25,1226.8
2016-05-26,1222.0
2016-05-27,1215.3
2016-05-31,1217.5
2016-06-01,1215.2
2016-06-02,1213.0
2016-06-03,1246.5
2016-06-06,1247.7
2016-06-07,1246.2
2016-06-08,1265.5
2016-06-09,1272.5
2016-06-10,1276.3
2016-06-13,1286.8
2016-06-14,1288.5
2016-06-15,1294.6
2016-06-16,1281.5
2016-06-17,1301.7
2016-06-20,1293.0
2016-06-21,1270.7
2016-06-22,1268.9
2016-06-23,1259.3
2016-06-24,1319.1
2016-06-27,1327.6
2016-06-28,1314.6
2016-06-29,1321.8
2016-06-30,1324.7
2016-07-01,1344.9
2016-07-05,1358.7
2016-07-06,1365.7
2016-07-07,1361.8
2016-07-08,1367.4
2016-07-11,1356.1
2016-07-12,1333.7
2016-07-13,1343.3
2016-07-14,1335.5
2016-07-15,1337.7
2016-07-18,1329.1
2016-07-19,1332.3
2016-07-20,1315.8
2016-07-21,1331.3
2016-07-22,1322.1
2016-07-25,1322.9
2016-07-26,1327.5
2016-07-27,1347.7
2016-07-28,1342.1
2016-07-29,1357.9
2016-08-01,1359.9
2016-08-02,1370.3
2016-08-03,1364.5
2016-08-04,1367.2
2016-08-05,1341.4
2016-08-08,1341.0
2016-08-09,1346.6
2016-08-10,1352.3
2016-08-11,1344.3
2016-08-12,1341.7
2016-08-15,1344.6
2016-08-16,1351.3
2016-08-17,1353.9
2016-08-18,1357.2
2016-08-19,1345.8
2016-08-22,1343.1
2016-08-23,1341.4
2016-08-24,1327.3
2016-08-25,1325.1
2016-08-26,1324.0
2016-08-29,1326.7
2016-08-30,1313.8
2016-08-31,1311.8
2016-09-01,1317.2
2016-09-02,1328.8
2016-09-06,1354.4
2016-09-07,1349.5
2016-09-08,1342.2
2016-09-09,1331.8
2016-09-12,1331.1
2016-09-13,1322.1
2016-09-14,1326.3
2016-09-15,1317.8
2016-09-16,1313.2
2016-09-19,1316.3
2016-09-20,1318.0
2016-09-21,1339.0
2016-09-22,1340.7
2016-09-23,1341.1
2016-09-26,1341.9
2016-09-27,1330.7
2016-09-28,1324.9
2016-09-29,1323.5
2016-09-30,1318.8
2016-10-03,1314.0
2016-10-04,1270.5
2016-10-05,1269.0
2016-10-06,1256.2
2016-10-07,1258.6
2016-10-10,1261.4
2016-10-11,1254.4
2016-10-12,1256.8
2016-10-13,1259.4
2016-10-14,1252.1
2016-10-17,1256.4
2016-10-18,1263.3
2016-10-19,1270.0
2016-10-20,1266.3
2016-10-21,1266.7
2016-10-24,1265.0
2016-10-25,1274.3
2016-10-26,1267.5
2016-10-27,1269.2
2016-10-28,1276.0
2016-10-31,1277.8
2016-11-01,1289.1
2016-11-02,1297.8
2016-11-03,1303.6
2016-11-04,1305.2
2016-11-07,1282.0
2016-11-08,1275.9
2016-11-09,1278.2
2016-11-10,1258.6
2016-11-11,1227.4
2016-11-14,1221.0
2016-11-15,1228.4
2016-11-16,1225.0
2016-11-17,1216.0
2016-11-18,1207.3
2016-11-21,1214.0
2016-11-22,1212.0
2016-11-23,1187.8
2016-11-25,1186.1
2016-11-28,1196.4
2016-11-29,1190.0
2016-11-30,1174.8
2016-12-01,1173.6
2016-12-02,1179.2
2016-12-05,1172.1
2016-12-06,1171.4
2016-12-07,1175.5
2016-12-08,1172.4
2016-12-09,1161.4
2016-12-12,1164.2
2016-12-13,1160.1
2016-12-14,1144.6
2016-12-15,1130.3
2016-12-16,1136.8
2016-12-19,1139.7
2016-12-20,1133.9
2016-12-21,1133.2
2016-12-22,1129.8
2016-12-23,1135.2
2016-12-27,1139.5
2016-12-28,1142.5
2016-12-29,1159.0
2016-12-30,1152.0
2017-01-03,1159.4
2017-01-04,1164.2
2017-01-05,1180.9
2017-01-06,1172.9
2017-01-09,1181.2
2017-01-10,1187.6
2017-01-11,1191.5
2017-01-12,1195.1
2017-01-13,1197.1
2017-01-16,1202.6
2017-01-17,1216.7
2017-01-18,1203.7
2017-01-19,1204.3
2017-01-20,1210.2
2017-01-23,1217.8
2017-01-24,1208.6
2017-01-25,1203.0
2017-01-26,1190.8
2017-01-27,1193.7
2017-01-30,1197.4
2017-01-31,1212.4
2017-02-01,1211.7
2017-02-02,1217.5
2017-02-03,1222.0
2017-02-06,1237.3
2017-02-07,1235.5
2017-02-08,1243.1
2017-02-09,1229.4
2017-02-10,1234.7
2017-02-13,1226.1
2017-02-14,1229.2
2017-02-15,1234.7
2017-02-16,1240.1
2017-02-17,1236.0
2017-02-21,1236.7
2017-02-22,1238.2
2017-02-23,1250.7
2017-02-24,1258.0
2017-02-27,1253.4
2017-02-28,1248.8
2017-03-01,1250.0
2017-03-02,1234.4
2017-03-03,1234.9
2017-03-06,1225.5
2017-03-07,1215.9
2017-03-08,1208.1
2017-03-09,1200.9
2017-03-10,1204.5
2017-03-13,1203.6
2017-03-14,1198.5
2017-03-15,1219.6
2017-03-16,1226.1
2017-03-17,1228.9
2017-03-20,1234.0
2017-03-21,1244.6
2017-03-22,1248.6
2017-03-23,1248.1
2017-03-24,1246.4
2017-03-27,1257.3
2017-03-28,1254.8
2017-03-29,1256.3
2017-03-30,1244.8
2017-03-31,1251.6
2017-04-03,1255.4
2017-04-04,1258.0
2017-04-05,1257.6
2017-04-06,1253.6
2017-04-07,1256.1
2017-04-10,1256.4
2017-04-11,1276.5
2017-04-12,1288.9
2017-04-13,1290.1
2017-04-17,1286.3
2017-04-18,1291.5
2017-04-19,1282.0
2017-04-20,1283.5
2017-04-21,1285.9
2017-04-24,1277.9
2017-04-25,1265.5
2017-04-26,1270.7
2017-04-27,1265.4
2017-04-28,1269.5
2017-05-01,1257.4
2017-05-02,1257.8
2017-05-03,1238.5
2017-05-04,1228.4
2017-05-05,1228.4
2017-05-08,1226.2
2017-05-09,1221.3
2017-05-10,1219.1
2017-05-11,1225.0
2017-05-12,1227.8
2017-05-15,1230.5
2017-05-16,1236.8
2017-05-17,1261.2
2017-05-18,1246.8
2017-05-19,1255.7
2017-05-22,1260.5
2017-05-23,1250.8
2017-05-24,1258.6
2017-05-25,1258.8
2017-05-26,1270.1
2017-05-29,1270.4
2017-05-30,1265.6
2017-05-31,1271.4
2017-06-01,1268.3
2017-06-02,1281.5
2017-06-05,1281.9
2017-06-06,1296.6
2017-06-07,1289.5
2017-06-08,1280.3
2017-06-09,1268.8
2017-06-12,1267.9
2017-06-13,1268.5
2017-06-14,1262.5
2017-06-15,1255.5
2017-06-16,1255.2
2017-06-19,1245.1
2017-06-20,1244.1
2017-06-21,1247.5
2017-06-22,1251.2
2017-06-23,1257.8
2017-06-26,1245.3
2017-06-27,1247.5
2017-06-28,1249.4
2017-06-29,1245.6
2017-06-30,1241.4
2017-07-03,1219.5
2017-07-04,1223.0
2017-07-05,1226.5
2017-07-06,1224.7
2017-07-07,1211.9
2017-07-10,1213.7
2017-07-11,1217.0
2017-07-12,1219.7
2017-07-13,1216.7
2017-07-14,1228.0
2017-07-17,1233.2
2017-07-18,1241.9
2017-07-19,1240.9
2017-07-20,1243.9
2017-07-21,1261.1
2017-07-24,1261.8
2017-07-25,1256.1
2017-07-26,1266.7
2017-07-27,1265.0
2017-07-28,1275.6
2017-07-31,1275.4
2017-08-01,1274.9
2017-08-02,1272.6
2017-08-03,1274.4
2017-08-04,1264.3
2017-08-07,1263.4
2017-08-08,1266.5
2017-08-09,1283.2
2017-08-10,1292.1
2017-08-11,1295.0
2017-08-14,1287.8
2017-08-15,1277.0
2017-08-16,1288.8
2017-08-17,1293.6
2017-08-18,1290.1
2017-08-21,1297.4
2017-08-22,1290.4
2017-08-23,1296.3
2017-08-24,1291.5
2017-08-25,1296.5
2017-08-28,1315.5
2017-08-29,1314.6
2017-08-30,1313.8
2017-08-31,1326.6
2017-09-01,1330.0
2017-09-04,1339.4
2017-09-05,1344.9
2017-09-06,1339.0
2017-09-07,1354.0
2017-09-08,1351.0
2017-09-11,1331.7
2017-09-12,1336.0
2017-09-13,1327.1
2017-09-14,1333.6
2017-09-15,1323.5
2017-09-18,1311.0
2017-09-19,1314.6
2017-09-20,1304.5
2017-09-21,1294.3
2017-09-22,1300.5
2017-09-25,1314.1
2017-09-26,1297.2
2017-09-27,1285.6
2017-09-28,1289.9
2017-09-29,1282.5
2017-10-02,1273.5
2017-10-03,1274.1
2017-10-04,1277.5
2017-10-05,1270.6
2017-10-06,1278.9
2017-10-09,1286.4
2017-10-10,1290.3
2017-10-11,1293.9
2017-10-12,1295.9
2017-10-13,1306.1
2017-10-16,1297.2
2017-10-17,1287.0
2017-10-18,1282.7
2017-10-19,1291.9
2017-10-20,1281.8
2017-10-23,1283.6
2017-10-24,1277.8
2017-10-25,1278.6
2017-10-26,1267.6
2017-10-27,1274.6
2017-10-30,1277.3
2017-10-31,1271.8
2017-11-01,1275.5
2017-11-02,1276.8
2017-11-03,1270.2
2017-11-06,1282.4
2017-11-07,1275.7
2017-11-08,1282.0
2017-11-09,1285.6
2017-11-10,1275.6
2017-11-13,1278.5
2017-11-14,1280.4
2017-11-15,1277.8
2017-11-16,1278.5
2017-11-17,1294.4
2017-11-20,1276.9
2017-11-21,1280.1
2017-11-22,1291.8
2017-11-23,1295.3
2017-11-24,1292.6
2017-11-27,1298.6
2017-11-28,1297.6
2017-11-29,1286.9
2017-11-30,1277.6
2017-12-01,1283.2
2017-12-04,1278.8
2017-12-05,1268.4
2017-12-06,1265.6
2017-12-07,1249.1
2017-12-08,1250.5
2017-12-11,1243.6
2017-12-12,1246.4
2017-12-13,1258.1
2017-12-14,1255.3
2017-12-15,1258.1
2017-12-18,1265.3
2017-12-19,1264.8
2017-12-20,1269.1
2017-12-21,1269.9
2017-12-22,1279.1
2017-12-26,1287.6
2017-12-27,1291.4
2017-12-28,1297.2
2017-12-29,1305.1
2018-01-02,1319.1
2018-01-03,1314.5
2018-01-04,1324.0
2018-01-05,1320.3
2018-01-08,1321.2
2018-01-09,1313.6
2018-01-10,1317.4
2018-01-11,1323.0
2018-01-12,1338.3
2018-01-16,1339.0
2018-01-17,1327.3
2018-01-18,1327.1
2018-01-19,1331.2
2018-01-22,1333.4
2018-01-23,1341.0
2018-01-24,1362.9
2018-01-25,1352.1
2018-01-26,1353.3
2018-01-29,1343.7
2018-01-30,1341.8
2018-01-31,1348.4
2018-02-01,1351.9
2018-02-02,1335.2
2018-02-05,1342.9
2018-02-06,1326.9
2018-02-07,1320.6
2018-02-08,1320.8
2018-02-09,1318.2
2018-02-12,1325.0
2018-02-13,1332.0
2018-02-14,1353.6
2018-02-15,1356.3
2018-02-16,1349.4
2018-02-20,1331.3
2018-02-21,1326.6
2018-02-22,1334.1
2018-02-23,1330.5
2018-02-26,1334.9
2018-02-27,1319.2
2018-02-28,1319.4
2018-03-01,1318.1
2018-03-02,1323.7
2018-03-05,1320.9
2018-03-06,1335.7
2018-03-07,1326.3
2018-03-08,1322.5
2018-03-09,1324.0
2018-03-12,1323.5
2018-03-13,1326.8
2018-03-14,1325.0
2018-03-15,1316.2
2018-03-16,1313.9
2018-03-19,1316.7
2018-03-20,1310.9
2018-03-21,1332.5
2018-03-22,1334.7
2018-03-23,1352.9
2018-03-26,1359.4
2018-03-27,1350.5
2018-03-28,1329.2
2018-03-29,1329.6
2018-04-02,1345.4
2018-04-03,1336.5
2018-04-04,1337.0
2018-04-05,1329.9
2018-04-06,1337.3
2018-04-09,1339.6
2018-04-10,1343.0
2018-04-11,1356.8
2018-04-12,1337.5
2018-04-13,1348.6
2018-04-16,1348.9
2018-04-17,1350.5
2018-04-18,1352.4
2018-04-19,1348.0
2018-04-20,1337.6
2018-04-23,1326.6
2018-04-24,1332.2
2018-04-25,1324.4
2018-04-26,1317.8
2018-04-27,1324.1
2018-04-30,1316.1
2018-05-01,1304.6
2018-05-02,1305.8
2018-05-03,1312.8
2018-05-04,1316.0
2018-05-07,1314.6
2018-05-08,1315.0
2018-05-09,1312.8
2018-05-10,1321.8
2018-05-11,1318.4
2018-05-14,1313.2
2018-05-15,1290.1
2018-05-16,1290.1
2018-05-17,1290.0
2018-05-18,1291.7
2018-05-21,1292.0
2018-05-22,1290.5
2018-05-23,1298.2
2018-05-24,1309.6
2018-05-25,1306.5
2018-05-28,1302.7
2018-05-29,1303.2
2018-05-30,1305.7
2018-05-31,1302.7
2018-06-01,1297.9
2018-06-04,1295.9
2018-06-05,1300.5
2018-06-06,1300.6
2018-06-07,1301.3
2018-06-08,1303.5
2018-06-11,1304.5
2018-06-12,1299.6
2018-06-13,1302.9
2018-06-14,1305.8
2018-06-15,1282.0
2018-06-18,1280.6
2018-06-19,1277.0
2018-06-20,1270.0
2018-06-21,1269.0
2018-06-22,1271.1
2018-06-25,1267.3
2018-06-26,1260.8
2018-06-27,1253.8
2018-06-28,1249.5
2018-06-29,1254.2
2018-07-02,1242.8
2018-07-03,1254.0
2018-07-04,1258.1
2018-07-05,1258.8
2018-07-06,1255.9
2018-07-09,1258.3
2018-07-10,1255.9
2018-07-11,1241.9
2018-07-12,1247.7
2018-07-13,1241.8
2018-07-16,1241.0
2018-07-17,1227.4
2018-07-18,1227.3
2018-07-19,1222.5
2018-07-20,1231.9
2018-07-23,1225.1
2018-07-24,1233.8
2018-07-25,1241.0
2018-07-26,1231.6
2018-07-27,1232.5
2018-07-30,1230.2
2018-07-31,1232.9
2018-08-01,1224.5
2018-08-02,1215.9
2018-08-03,1221.9
2018-08-06,1215.6
2018-08-07,1218.8
2018-08-08,1221.8
2018-08-09,1220.0
2018-08-10,1219.2
2018-08-13,1200.5
2018-08-14,1201.1
2018-08-15,1181.8
2018-08-16,1181.0
2018-08-17,1191.8
2018-08-20,1197.3
2018-08-21,1202.7
2018-08-22,1202.5
2018-08-23,1191.8
2018-08-24,1212.3
2018-08-27,1217.6
2018-08-28,1207.1
2018-08-29,1212.8
2018-08-30,1205.8
2018-08-31,1206.9
2018-09-04,1197.1
2018-09-05,1202.3
2018-09-06,1205.3
2018-09-07,1201.8
2018-09-10,1201.0
2018-09-11,1203.7
2018-09-12,1211.6
2018-09-13,1206.4
2018-09-14,1198.3
2018-09-17,1206.1
2018-09-18,1202.9
2018-09-19,1208.7
2018-09-20,1211.9
2018-09-21,1203.3
2018-09-24,1203.4
2018-09-25,1205.7
2018-09-26,1198.5
2018-09-27,1186.4
2018-09-28,1196.2
2018-10-01,1192.6
2018-10-02,1207.3
2018-10-03,1201.1
2018-10-04,1203.7
2018-10-05,1206.7
2018-10-08,1191.5
2018-10-09,1193.1
2018-10-10,1198.1
2018-10-11,1227.7
2018-10-12,1221.6
2018-10-15,1230.5
2018-10-16,1228.1
2018-10-17,1225.5
2018-10-18,1228.9
2018-10-19,1230.0
2018-10-22,1224.9
2018-10-23,1233.2
2018-10-24,1236.4
2018-10-25,1234.6
2018-10-26,1235.4
2018-10-29,1231.2
2018-10-30,1224.6
2018-10-31,1216.1
2018-11-01,1235.3
2018-11-02,1234.6
2018-11-05,1233.0
2018-11-06,1228.5
2018-11-07,1227.8
2018-11-08,1224.7
2018-11-09,1210.3
2018-11-12,1200.8
2018-11-13,1202.8
2018-11-14,1211.4
2018-11-15,1213.9
2018-11-16,1222.0
2018-11-19,1224.8
2018-11-20,1222.0
2018-11-21,1226.7
2018-11-23,1223.4
2018-11-26,1222.3
2018-11-27,1220.8
2018-11-28,1227.4
2018-11-29,1229.8
2018-11-30,1227.8
2018-12-03,1236.0
2018-12-04,1243.9
2018-12-05,1242.6
2018-12-06,1243.1
2018-12-07,1254.0
2018-12-10,1249.8
2018-12-11,1248.4
2018-12-12,1250.6
2018-12-13,1246.3
2018-12-14,1242.2
2018-12-17,1249.7
2018-12-18,1253.3
2018-12-19,1246.7
2018-12-20,1263.4
2018-12-21,1259.1
2018-12-24,1272.5
2018-12-26,1269.8
2018-12-27,1278.1
2018-12-28,1283.4
2018-12-31,1284.7
2019-01-02,1286.5
2019-01-03,1296.2
2019-01-04,1286.2
2019-01-07,1290.3
2019-01-08,1286.2
2019-01-09,1294.7
2019-01-10,1287.1
2019-01-11,1287.9
2019-01-14,1291.8
2019-01-15,1289.4
2019-01-16,1293.5
2019-01-17,1291.6
2019-01-18,1281.3
2019-01-22,1284.7
2019-01-23,1281.9
2019-01-24,1286.1
2019-01-25,1308.7
2019-01-28,1308.7
2019-01-29,1316.7
2019-01-30,1325.0
2019-01-31,1325.7
2019-02-01,1322.0
2019-02-04,1316.5
2019-02-05,1319.3
2019-02-06,1310.5
2019-02-07,1313.8
2019-02-08,1318.2
2019-02-11,1311.6
2019-02-12,1314.2
2019-02-13,1309.3
2019-02-14,1315.6
2019-02-15,1325.0
2019-02-19,1344.1
2019-02-20,1341.2
2019-02-21,1326.0
2019-02-22,1330.7
2019-02-25,1329.7
2019-02-26,1331.0
2019-02-27,1321.7
2019-02-28,1314.7
2019-03-01,1294.5
2019-03-04,1287.7
2019-03-05,1288.6
2019-03-06,1287.2
2019-03-07,1286.1
2019-03-08,1298.6
2019-03-11,1293.3
2019-03-12,1301.8
2019-03-13,1309.4
2019-03-14,1295.8
2019-03-15,1302.3
2019-03-18,1303.5
2019-03-19,1306.3
2019-03-20,1312.5
2019-03-21,1309.0
2019-03-22,1319.7
2019-03-25,1328.0
2019-03-26,1321.5
2019-03-27,1315.2
2019-03-28,1296.1
2019-03-29,1297.0
2019-04-01,1292.3
2019-04-02,1296.7
2019-04-03,1294.3
2019-04-04,1296.4
2019-04-05,1295.8
2019-04-08,1301.5
2019-04-09,1308.2
2019-04-10,1312.0
2019-04-11,1295.9
2019-04-12,1293.5
2019-04-15,1290.8
2019-04-16,1279.5
2019-04-17,1276.2
2019-04-18,1277.9
2019-04-22,1276.8
2019-04-23,1274.3
2019-04-24,1277.8
2019-04-25,1279.3
2019-04-26,1288.4
2019-04-29,1281.7
2019-04-30,1285.4
2019-05-01,1278.3
2019-05-02,1271.7
2019-05-03,1280.2
2019-05-06,1282.3
2019-05-07,1285.7
2019-05-08,1281.7
2019-05-09,1284.8
2019-05-10,1286.8
2019-05-13,1300.9
2019-05-14,1297.5
2019-05-15,1297.2
2019-05-16,1287.0
2019-05-17,1277.4
2019-05-20,1277.5
2019-05-21,1274.4
2019-05-22,1272.9
2019-05-23,1283.0
2019-05-24,1289.7
2019-05-28,1284.1
2019-05-29,1284.5
2019-05-30,1293.2
2019-05-31,1310.2
2019-06-03,1330.2
2019-06-04,1330.2
2019-06-05,1334.8
2019-06-06,1339.5
2019-06-07,1345.0
2019-06-10,1331.8
2019-06-11,1330.7
2019-06-12,1337.2
2019-06-13,1346.0
2019-06-14,1345.3
2019-06-17,1343.1
2019-06-18,1350.1
2019-06-19,1364.3
2019-06-20,1392.3
2019-06-21,1403.0
2019-06-24,1423.2
2019-06-25,1426.8
2019-06-26,1412.4
2019-06-27,1412.8
2019-06-28,1412.5
2019-07-01,1387.0
2019-07-02,1421.5
2019-07-03,1421.5
2019-07-05,1401.2
2019-07-08,1397.6
2019-07-09,1399.6
2019-07-10,1421.0
2019-07-11,1405.4
2019-07-12,1417.7
2019-07-15,1415.7
2019-07-16,1407.6
2019-07-17,1428.2
2019-07-18,1447.4
2019-07-19,1426.5
2019-07-22,1425.5
2019-07-23,1418.1
2019-07-24,1426.2
2019-07-25,1427.1
2019-07-26,1431.8
2019-07-29,1439.3
2019-07-30,1443.3
2019-07-31,1426.1
2019-08-01,1457.5
2019-08-02,1452.5
2019-08-05,1475.7
2019-08-06,1486.5
2019-08-07,1513.2
2019-08-08,1512.7
2019-08-09,1508.0
2019-08-12,1522.3
2019-08-13,1512.4
2019-08-14,1527.3
2019-08-15,1533.9
2019-08-16,1523.6
2019-08-19,1505.7
2019-08-20,1517.3
2019-08-21,1512.6
2019-08-22,1507.6
2019-08-23,1536.9
2019-08-26,1536.9
2019-08-27,1552.4
2019-08-28,1548.6
2019-08-29,1536.7
2019-08-30,1529.2
2019-09-03,1556.3
2019-09-04,1561.6
2019-09-05,1527.1
2019-09-06,1515.0
2019-09-09,1507.1
2019-09-10,1493.8
2019-09-11,1505.1
2019-09-12,1506.8
2019-09-13,1495.7
2019-09-16,1505.9
2019-09-17,1509.0
2019-09-18,1501.7
2019-09-19,1506.5
2019-09-20,1524.4
2019-09-23,1529.5
2019-09-24,1539.2
2019-09-25,1511.0
2019-09-26,1511.7
2019-09-27,1503.3
2019-09-30,1478.3
2019-10-01,1485.2
2019-10-02,1505.5
2019-10-03,1511.1
2019-10-04,1510.3
2019-10-07,1498.8
2019-10-08,1510.9
2019-10-09,1510.8
2019-10-10,1498.7
2019-10-11,1493.5
2019-10-14,1497.2
2019-10-15,1484.7
2019-10-16,1494.0
2019-10-17,1495.4
2019-10-18,1493.4
2019-10-21,1487.7
2019-10-22,1490.6
2019-10-23,1495.1
2019-10-24,1506.7
2019-10-25,1507.1
2019-10-28,1494.8
2019-10-29,1489.9
2019-10-30,1498.0
2019-10-31,1515.4
2019-11-01,1516.7
2019-11-04,1512.0
2019-11-05,1484.9
2019-11-06,1492.0
2019-11-07,1469.4
2019-11-08,1459.8
2019-11-11,1456.7
2019-11-12,1457.0
2019-11-13,1464.3
2019-11-14,1472.0
2019-11-15,1468.7
2019-11-18,1471.9
2019-11-19,1472.6
2019-11-20,1472.0
2019-11-21,1464.4
2019-11-22,1468.8
2019-11-25,1461.9
2019-11-26,1468.3
2019-11-27,1461.0
2019-11-29,1470.4
2019-12-02,1468.2
2019-12-03,1483.5
2019-12-04,1480.0
2019-12-05,1481.1
2019-12-06,1464.5
2019-12-09,1465.9
2019-12-10,1468.7
2019-12-11,1479.3
2019-12-12,1474.1
2019-12-13,1480.3
2019-12-16,1480.4
2019-12-17,1480.5
2019-12-18,1479.4
2019-12-19,1482.7
2019-12-20,1482.4
2019-12-23,1489.8
2019-12-24,1504.4
2019-12-26,1516.0
2019-12-27,1515.6
2019-12-30,1518.2
2019-12-31,1520.0
2020-01-02,1531.6
2020-01-03,1555.2
2020-01-06,1567.7
2020-01-07,1576.1
2020-01-08,1557.5
2020-01-09,1553.5
2020-01-10,1563.2
2020-01-13,1548.3
2020-01-14,1547.0
2020-01-15,1556.6
2020-01-16,1551.3
2020-01-17,1557.3
2020-01-21,1558.0
2020-01-22,1558.5
2020-01-23,1562.2
2020-01-24,1577.6
2020-01-27,1587.4
2020-01-28,1572.0
2020-01-29,1581.6
2020-01-30,1578.7
2020-01-31,1593.4
2020-02-03,1581.0
2020-02-04,1556.7
2020-02-05,1559.7
2020-02-06,1570.2
2020-02-07,1573.9
2020-02-10,1575.5
2020-02-11,1571.2
2020-02-12,1569.1
2020-02-13,1579.0
2020-02-14,1586.9
2020-02-18,1604.5
2020-02-19,1614.6
2020-02-20,1622.3
2020-02-21,1645.9
2020-02-24,1661.7
2020-02-25,1637.0
2020-02-26,1642.9
2020-02-27,1646.5
2020-02-28,1587.3
2020-03-02,1590.2
2020-03-03,1641.6
2020-03-04,1637.7
2020-03-05,1672.9
2020-03-06,1674.2
2020-03-09,1680.6
2020-03-10,1649.2
2020-03-11,1634.9
2020-03-12,1575.9
2020-03-13,1528.9
2020-03-16,1514.5
2020-03-17,1528.9
2020-03-18,1487.7
2020-03-19,1473.0
2020-03-20,1501.1
2020-03-23,1566.4
2020-03-24,1667.5
2020-03-25,1642.0
2020-03-26,1651.7
2020-03-27,1654.0
2020-03-30,1643.3
2020-03-31,1591.0
2020-04-01,1603.4
2020-04-02,1635.2
2020-04-03,1648.8
2020-04-06,1707.8
2020-04-07,1679.6
2020-04-08,1679.4
2020-04-09,1740.6
2020-04-13,1762.9
2020-04-14,1755.6
2020-04-15,1743.0
2020-04-16,1733.8
2020-04-17,1694.5
2020-04-20,1712.4
2020-04-21,1702.2
2020-04-22,1736.4
2020-04-23,1751.6
2020-04-24,1745.7
2020-04-27,1724.3
2020-04-28,1724.3
2020-04-29,1729.3
2020-04-30,1693.1
2020-05-01,1710.2
2020-05-04,1710.7
2020-05-05,1714.1
2020-05-06,1686.1
2020-05-07,1727.2
2020-05-08,1704.8
2020-05-11,1700.2
2020-05-12,1705.5
2020-05-13,1723.2
2020-05-14,1738.3
2020-05-15,1754.1
2020-05-18,1734.1
2020-05-19,1748.1
2020-05-20,1751.1
2020-05-21,1726.7
2020-05-22,1734.7
2020-05-26,1703.2
2020-05-27,1708.1
2020-05-28,1731.4
2020-05-29,1743.0
2020-06-01,1750.8
2020-06-02,1734.1
2020-06-03,1703.1
2020-06-04,1720.7
2020-06-05,1688.5
2020-06-08,1705.3
2020-06-09,1719.8
2020-06-10,1747.9
2020-06-11,1733.9
2020-06-12,1737.3
2020-06-15,1731.9
2020-06-16,1734.9
2020-06-17,1735.5
2020-06-18,1729.9
2020-06-19,1756.2
2020-06-22,1764.3
2020-06-23,1783.7
2020-06-24,1771.9
2020-06-25,1774.0
2020-06-26,1784.8
2020-06-29,1784.1
2020-06-30,1798.1
2020-07-01,1779.3
2020-07-02,1787.0
2020-07-06,1794.0
2020-07-07,1807.5
2020-07-08,1817.8
2020-07-09,1807.7
2020-07-10,1801.8
2020-07-13,1804.9
2020-07-14,1812.9
2020-07-15,1812.9
2020-07-16,1796.7
2020-07-17,1812.0
2020-07-20,1819.0
2020-07-21,1843.2
2020-07-22,1870.8
2020-07-23,1884.6
2020-07-24,1900.3
2020-07-27,1937.5
2020-07-28,1950.7
2020-07-29,1964.5
2020-07-30,1947.4
2020-07-31,1994.0
2020-08-03,1993.0
2020-08-04,2037.1
2020-08-05,2053.0
2020-08-06,2075.2
2020-08-07,2046.1
2020-08-10,2037.3
2020-08-11,1921.8
2020-08-12,1926.2
2020-08-13,1963.4
2020-08-14,1953.7
2020-08-17,1993.7
2020-08-18,2010.3
2020-08-19,1934.2
2020-08-20,1955.6
2020-08-21,1947.4
2020-08-24,1936.1
2020-08-25,1934.9
2020-08-26,1962.5
2020-08-27,1936.2
2020-08-28,1972.6
2020-08-31,1973.9
2020-09-01,1976.6
2020-09-02,1949.0
2020-09-03,1937.4
2020-09-04,1940.9
2020-09-08,1938.6
2020-09-09,1954.9
2020-09-10,1954.7
2020-09-11,1948.1
2020-09-14,1965.3
2020-09-15,1961.9
2020-09-16,1967.2
2020-09-17,1951.6
2020-09-18,1957.1
2020-09-21,1917.5
2020-09-22,1904.3
2020-09-23,1866.6
2020-09-24,1871.9
2020-09-25,1864.3
2020-09-28,1886.1
2020-09-29,1903.0
2020-09-30,1890.9
2020-10-01,1911.7
2020-10-02,1904.5
2020-10-05,1918.6
2020-10-06,1881.7
2020-10-07,1890.5
2020-10-08,1898.3
2020-10-09,1936.3
2020-10-12,1927.3
2020-10-13,1894.5
2020-10-14,1905.5
2020-10-15,1912.9
2020-10-16,1902.9
2020-10-19,1906.9
2020-10-20,1909.4
2020-10-21,1927.7
2020-10-22,1906.5
2020-10-23,1903.4
2020-10-26,1904.5
2020-10-27,1910.0
2020-10-28,1877.4
2020-10-29,1867.9
2020-10-30,1878.8
2020-11-02,1896.5
2020-11-03,1910.6
2020-11-04,1902.8
2020-11-05,1951.1
2020-11-06,1951.5
2020-11-09,1862.3
2020-11-10,1876.0
2020-11-11,1863.8
2020-11-12,1875.8
2020-11-13,1888.2
2020-11-16,1887.9
2020-11-17,1879.2
2020-11-18,1871.0
2020-11-19,1864.6
2020-11-20,1869.6
2020-11-23,1835.2
2020-11-24,1805.6
2020-11-25,1806.1
2020-11-27,1784.5
2020-11-30,1780.0
2020-12-01,1819.2
2020-12-02,1834.3
2020-12-03,1844.8
2020-12-04,1842.0
2020-12-07,1866.4
2020-12-08,1874.9
2020-12-09,1842.9
2020-12-10,1840.1
2020-12-11,1843.5
2020-12-14,1830.0
2020-12-15,1857.5
2020-12-16,1868.8
2020-12-17,1890.8
2020-12-18,1886.8
2020-12-21,1882.3
2020-12-22,1864.8
2020-12-23,1877.3
2020-12-24,1882.6
2020-12-28,1877.2
2020-12-29,1882.5
2020-12-30,1898.6
2020-12-31,1901.6
2021-01-04,1946.7
2021-01-05,1953.7
2021-01-06,1920.2
2021-01-07,1914.8
2021-01-08,1849.9
2021-01-11,1843.8
2021-01-12,1854.8
2021-01-13,1844.7
2021-01-14,1846.3
2021-01-15,1827.7
2021-01-19,1839.3
2021-01-20,1871.9
2021-01-21,1869.9
2021-01-22,1855.5
2021-01-25,1855.0
2021-01-26,1849.6
2021-01-27,1842.3
2021-01-28,1841.8
2021-01-29,1849.8
2021-02-01,1863.8
2021-02-02,1838.5
2021-02-03,1834.8
2021-02-04,1794.1
2021-02-05,1815.2
2021-02-08,1832.0
2021-02-09,1838.8
2021-02-10,1844.2
2021-02-11,1825.6
2021-02-12,1824.8
2021-02-16,1793.7
2021-02-17,1775.1
2021-02-18,1774.6
2021-02-19,1783.1
2021-02-22,1809.1
2021-02-23,1805.5
2021-02-24,1804.0
2021-02-25,1769.1
2021-02-26,1733.0
2021-03-01,1723.1
2021-03-02,1736.9
2021-03-03,1709.3
2021-03-04,1694.9
2021-03-05,1698.2
2021-03-08,1679.8
2021-03-09,1714.1
2021-03-10,1725.0
2021-03-11,1721.0
2021-03-12,1725.8
2021-03-15,1730.0
2021-03-16,1730.1
2021-03-17,1744.0
2021-03-18,1734.6
2021-03-19,1743.9
2021-03-22,1738.5
2021-03-23,1725.9
2021-03-24,1733.4
2021-03-25,1725.4
2021-03-26,1731.6
2021-03-29,1710.0
2021-03-30,1685.9
2021-03-31,1708.6
2021-04-01,1730.3
2021-04-05,1729.2
2021-04-06,1744.4
2021-04-07,1738.5
2021-04-08,1756.5
2021-04-09,1744.1
2021-04-12,1732.6
2021-04-13,1746.2
2021-04-14,1736.5
2021-04-15,1764.4
2021-04-16,1777.3
2021-04-19,1771.2
2021-04-20,1779.2
2021-04-21,1794.3
2021-04-22,1784.0
2021-04-23,1776.7
2021-04-26,1781.1
2021-04-27,1776.1
2021-04-28,1781.6
2021-04-29,1772.0
2021-04-30,1768.8
2021-05-03,1793.1
2021-05-04,1778.6
2021-05-05,1786.6
2021-05-06,1815.5
2021-05-07,1832.0
2021-05-10,1836.6
2021-05-11,1838.4
2021-05-12,1815.9
2021-05-13,1826.8
2021-05-14,1844.0
2021-05-17,1867.6
2021-05-18,1869.8
2021-05-19,1870.1
2021-05-20,1877.4
2021-05-21,1881.8
2021-05-24,1881.6
2021-05-25,1899.9
2021-05-26,1896.8
2021-05-27,1899.4
2021-05-28,1906.3
2021-06-01,1902.5
2021-06-02,1910.9
2021-06-03,1872.7
2021-06-04,1894.1
2021-06-07,1902.1
2021-06-08,1895.2
2021-06-09,1890.7
2021-06-10,1901.3
2021-06-11,1879.5
2021-06-14,1867.7
2021-06-15,1860.3
2021-06-16,1812.6
2021-06-17,1774.3
2021-06-18,1763.9
2021-06-21,1783.5
2021-06-22,1778.9
2021-06-23,1778.7
2021-06-24,1775.1
2021-06-25,1781.8
2021-06-28,1778.8
2021-06-29,1761.6
2021-06-30,1770.6
2021-07-01,1777.3
2021-07-02,1787.7
2021-07-06,1797.0
2021-07-07,1803.9
2021-07-08,1803.1
2021-07-09,1808.6
2021-07-12,1806.7
2021-07-13,1807.7
2021-07-14,1828.6
2021-07-15,1830.3
2021-07-16,1812.5
2021-07-19,1813.3
2021-07-20,1810.2
2021-07-21,1803.8
2021-07-22,1807.2
2021-07-23,1802.1
2021-07-26,1797.2
2021-07-27,1798.8
2021-07-28,1806.0
2021-07-29,1827.8
2021-07-30,1816.9
2021-08-02,1816.8
2021-08-03,1813.4
2021-08-04,1814.3
2021-08-05,1806.5
2021-08-06,1763.5
2021-08-09,1731.6
2021-08-10,1729.8
2021-08-11,1753.0
2021-08-12,1754.2
2021-08-13,1781.5
2021-08-16,1789.1
2021-08-17,1788.1
2021-08-18,1790.0
2021-08-19,1782.5
2021-08-20,1782.6
2021-08-23,1807.8
2021-08-24,1805.0
2021-08-25,1792.7
2021-08-26,1794.3
2021-08-27,1820.5
2021-08-30,1812.7
2021-08-31,1816.4
2021-09-01,1816.3
2021-09-02,1811.7
2021-09-03,1829.9
2021-09-07,1796.1
2021-09-08,1790.7
2021-09-09,1796.3
2021-09-10,1788.2
2021-09-13,1795.1
2021-09-14,1806.5
2021-09-15,1795.2
2021-09-16,1753.8
2021-09-17,1753.9
2021-09-20,1764.7
2021-09-21,1775.0
2021-09-22,1768.4
2021-09-23,1742.8
2021-09-24,1750.6
2021-09-27,1749.8
2021-09-28,1733.9
2021-09-29,1726.1
2021-09-30,1757.5
2021-10-01,1761.3
2021-10-04,1770.4
2021-10-05,1760.9
2021-10-06,1763.8
2021-10-07,1756.1
2021-10-08,1757.2
2021-10-11,1754.0
2021-10-12,1760.2
2021-10-13,1793.9
2021-10-14,1797.3
2021-10-15,1768.1
2021-10-18,1764.8
2021-10-19,1769.4
2021-10-20,1782.8
2021-10-21,1783.7
2021-10-22,1793.1
2021-10-25,1808.9
2021-10-26,1794.1
2021-10-27,1798.3
2021-10-28,1800.6
2021-10-29,1785.0
2021-11-01,1794.6
2021-11-02,1788.9
2021-11-03,1770.1
2021-11-04,1793.0
2021-11-05,1820.0
2021-11-08,1826.0
2021-11-09,1834.0
2021-11-10,1851.6
2021-11-11,1864.3
2021-11-12,1867.7
2021-11-15,1864.7
2021-11-16,1852.0
2021-11-17,1869.5
2021-11-18,1860.6
2021-11-19,1846.8
2021-11-22,1804.6
2021-11-23,1789.5
2021-11-24,1788.7
2021-11-26,1792.3
2021-11-29,1782.9
2021-11-30,1776.2
2021-12-01,1783.1
2021-12-02,1769.7
2021-12-03,1783.9
2021-12-06,1779.3
2021-12-07,1784.9
2021-12-08,1784.1
2021-12-09,1775.9
2021-12-10,1783.1
2021-12-13,1787.4
2021-12-14,1771.4
2021-12-15,1777.4
2021-12-16,1800.4
2021-12-17,1798.6
2021-12-20,1791.5
2021-12-21,1789.6
2021-12-22,1804.7
2021-12-23,1810.1
2021-12-27,1812.8
2021-12-28,1806.6
2021-12-29,1805.4
2021-12-30,1815.5
2021-12-31,1830.5
2022-01-03,1801.3
2022-01-04,1814.9
2022-01-05,1810.6
2022-01-06,1790.9
2022-01-07,1796.5
2022-01-10,1801.3
2022-01-11,1821.5
2022-01-12,1825.7
2022-01-13,1822.1
2022-01-14,1817.3
2022-01-18,1813.4
2022-01-19,1840.7
2022-01-20,1839.8
2022-01-21,1836.1
2022-01-24,1843.5
2022-01-25,1848.1
2022-01-26,1818.8
2022-01-27,1796.6
2022-01-28,1792.3
2022-01-31,1797.7
2022-02-01,1801.3
2022-02-02,1807.2
2022-02-03,1805.2
2022-02-04,1808.8
2022-02-07,1821.2
2022-02-08,1826.8
2022-02-09,1834.2
2022-02-10,1827.3
2022-02-11,1860.6
2022-02-14,1873.1
2022-02-15,1855.1
2022-02-16,1871.5
2022-02-17,1900.7
2022-02-18,1900.8
2022-02-22,1900.3
2022-02-23,1910.9
2022-02-24,1905.4
2022-02-25,1890.1
2022-02-28,1910.6
2022-03-01,1947.6
2022-03-02,1930.8
2022-03-03,1938.4
2022-03-04,1974.9
2022-03-07,2001.8
2022-03-08,2058.3
2022-03-09,1995.7
2022-03-10,2001.8
2022-03-11,1992.3
2022-03-14,1953.2
2022-03-15,1919.2
2022-03-16,1928.0
2022-03-17,1943.0
2022-03-18,1921.5
2022-03-21,1935.7
2022-03-22,1921.5
2022-03-23,1944.2
2022-03-24,1957.7
2022-03-25,1957.6
2022-03-28,1922.1
2022-03-29,1918.4
2022-03-30,1937.4
2022-03-31,1942.3
2022-04-01,1928.5
2022-04-04,1936.9
2022-04-05,1926.6
2022-04-06,1928.4
2022-04-07,1934.7
2022-04-08,1950.4
2022-04-11,1957.5
2022-04-12,1970.3
2022-04-13,1981.3
2022-04-14,1977.1
2022-04-18,1982.0
2022-04-19,1952.2
2022-04-20,1960.1
2022-04-21,1953.4
2022-04-22,1932.5
2022-04-25,1899.1
2022-04-26,1906.4
2022-04-27,1886.6
2022-04-28,1895.0
2022-04-29,1896.9
2022-05-02,1863.2
2022-05-03,1868.3
2022-05-04,1882.3
2022-05-05,1877.2
2022-05-06,1882.8
2022-05-09,1853.7
2022-05-10,1837.2
2022-05-11,1852.2
2022-05-12,1820.7
2022-05-13,1810.3
2022-05-16,1822.9
2022-05-17,1813.6
2022-05-18,1815.1
2022-05-19,1840.3
2022-05-20,1845.1
2022-05-23,1852.1
2022-05-24,1865.5
2022-05-25,1852.0
2022-05-26,1848.5
2022-05-27,1850.6
2022-05-31,1840.0
2022-06-01,1849.5
2022-06-02,1872.2
2022-06-03,1853.9
2022-06-06,1843.9
2022-06-07,1854.7
2022-06-08,1855.6
2022-06-09,1850.7
2022-06-10,1875.2
2022-06-13,1820.2
2022-06-14,1809.8
2022-06-15,1836.1
2022-06-16,1859.7
2022-06-17,1841.9
2022-06-21,1834.9
2022-06-22,1839.7
2022-06-23,1824.0
2022-06-24,1828.1
2022-06-27,1824.0
2022-06-28,1821.4
2022-06-29,1819.2
2022-06-30,1808.0
2022-07-01,1812.9
2022-07-05,1763.8
2022-07-06,1737.2
2022-07-07,1738.5
2022-07-08,1740.9
2022-07-11,1731.9
2022-07-12,1724.0
2022-07-13,1733.8
2022-07-14,1708.0
2022-07-15,1706.5
2022-07-18,1707.0
2022-07-19,1709.7
2022-07-20,1694.3
2022-07-21,1717.5
2022-07-22,1725.3
2022-07-25,1718.2
2022-07-26,1715.4
2022-07-27,1732.4
2022-07-28,1753.4
2022-07-29,1782.7
2022-08-01,1789.3
2022-08-02,1776.2
2022-08-03,1782.1
2022-08-04,1807.9
2022-08-05,1792.4
2022-08-08,1805.5
2022-08-09,1810.5
2022-08-10,1808.0
2022-08-11,1805.5
2022-08-12,1818.9
2022-08-15,1795.1
2022-08-16,1790.4
2022-08-17,1776.3
2022-08-18,1772.2
2022-08-19,1760.3
2022-08-22,1749.4
2022-08-23,1761.1
2022-08-24,1764.2
2022-08-25,1771.8
2022-08-26,1750.8
2022-08-29,1749.5
2022-08-30,1735.6
2022-08-31,1722.7
2022-09-01,1708.8
2022-09-02,1722.6
2022-09-06,1712.9
2022-09-07,1729.5
2022-09-08,1719.4
2022-09-09,1727.6
2022-09-12,1735.4
2022-09-13,1712.2
2022-09-14,1707.0
2022-09-15,1673.9
2022-09-16,1684.5
2022-09-19,1685.0
2022-09-20,1673.2
2022-09-21,1682.2
2022-09-22,1679.4
2022-09-23,1651.7
2022-09-26,1629.3
2022-09-27,1636.5
2022-09-28,1668.5
2022-09-29,1668.8
2022-09-30,1668.3
2022-10-03,1708.6
2022-10-04,1734.7
2022-10-05,1725.0
2022-10-06,1720.9
2022-10-07,1701.8
2022-10-10,1675.7
2022-10-11,1673.2
2022-10-12,1680.1
2022-10-13,1672.9
2022-10-14,1650.2
2022-10-17,1655.5
2022-10-18,1657.5
2022-10-19,1634.3
2022-10-20,1632.5
2022-10-21,1662.5
2022-10-24,1654.1
2022-10-25,1657.4
2022-10-26,1668.8
2022-10-27,1667.4
2022-10-28,1648.3
2022-10-31,1636.4
2022-11-01,1651.0
2022-11-02,1637.7
2022-11-03,1632.1
2022-11-04,1685.7
2022-11-07,1678.5
2022-11-08,1715.8
2022-11-09,1709.7
2022-11-10,1759.0
2022-11-11,1774.2
2022-11-14,1774.7
2022-11-15,1782.2
2022-11-16,1777.0
2022-11-17,1762.8
2022-11-18,1752.0
2022-11-21,1739.5
2022-11-22,1740.8
2022-11-23,1750.5
2022-11-25,1755.0
2022-11-28,1740.3
2022-11-29,1748.3
2022-11-30,1782.9
2022-12-01,1817.4
2022-12-02,1811.4
2022-12-05,1781.5
2022-12-06,1783.3
2022-12-07,1799.0
2022-12-08,1801.3
2022-12-09,1809.4
2022-12-12,1792.9
2022-12-13,1822.5
2022-12-14,1818.8
2022-12-15,1787.1
2022-12-16,1803.0
2022-12-19,1796.8
2022-12-20,1827.7
2022-12-21,1823.9
2022-12-22,1800.4
2022-12-23,1806.0
2022-12-27,1821.8
2022-12-28,1812.0
2022-12-29,1821.9
2022-12-30,1830.1
2023-01-03,1845.5
2023-01-04,1860.7
2023-01-05,1837.9
2023-01-06,1870.5
2023-01-09,1876.3
2023-01-10,1881.3
2023-01-11,1879.7
2023-01-12,1900.2
2023-01-13,1923.0
2023-01-17,1911.2
2023-01-18,1906.3
2023-01-19,1933.8
2023-01-20,1927.7
2023-01-23,1932.0
2023-01-24,1938.7
2023-01-25,1947.3
2023-01-26,1929.7
2023-01-27,1927.6
2023-01-30,1922.5
2023-01-31,1943.8
2023-02-01,1966.8
2023-02-02,1927.1
2023-02-03,1877.7
2023-02-06,1880.2
2023-02-07,1885.1
2023-02-08,1888.2
2023-02-09,1873.4
2023-02-10,1876.4
2023-02-13,1864.3
2023-02-14,1864.8
2023-02-15,1846.6
2023-02-16,1845.3
2023-02-17,1851.3
2023-02-21,1844.0
2023-02-22,1834.2
2023-02-23,1829.6
2023-02-24,1818.0
2023-02-27,1824.2
2023-02-28,1833.8
2023-03-01,1843.6
2023-03-02,1842.1
2023-03-03,1862.8
2023-03-06,1852.4
2023-03-07,1817.6
2023-03-08,1818.1
2023-03-09,1835.0
2023-03-10,1872.7
2023-03-13,1918.9
2023-03-14,1908.3
2023-03-15,1923.3
2023-03-16,1923.8
2023-03-17,1993.7
2023-03-20,1982.8
2023-03-21,1943.6
2023-03-22,1973.4
2023-03-23,1996.1
2023-03-24,1981.0
2023-03-27,1957.7
2023-03-28,1975.3
2023-03-29,1966.2
2023-03-30,1998.0
2023-03-31,1987.0
2023-04-03,2001.7
2023-04-04,2038.1
2023-04-05,2037.1
2023-04-06,2023.7
2023-04-10,2006.6
2023-04-11,2019.0
2023-04-12,2029.4
2023-04-13,2054.6
2023-04-14,2017.7
2023-04-17,2007.5
2023-04-18,2017.8
2023-04-19,2007.4
2023-04-20,2016.6
2023-04-21,1994.1
2023-04-24,1999.4
2023-04-25,2007.9
2023-04-26,1998.8
2023-04-27,1997.0
2023-04-28,1999.4
2023-05-01,1991.3
2023-05-02,2025.8
2023-05-03,2048.8
2023-05-04,2058.6
2023-05-05,2024.9
2023-05-08,2028.5
2023-05-09,2041.8
2023-05-10,2036.8
2023-05-11,2020.5
2023-05-12,2015.6
2023-05-15,2021.4
2023-05-16,1993.2
2023-05-17,1985.7
2023-05-18,1960.3
2023-05-19,1979.9
2023-05-22,1973.7
2023-05-23,1977.5
2023-05-24,1959.3
2023-05-25,1941.7
2023-05-26,1946.1
2023-05-30,1958.9
2023-05-31,1981.0
2023-06-01,1995.1
2023-06-02,1964.3
2023-06-05,1978.1
2023-06-06,1979.8
2023-06-07,1955.5
2023-06-08,1980.1
2023-06-09,1975.7
2023-06-12,1971.8
2023-06-13,1956.9
2023-06-14,1955.7
2023-06-15,1970.5
2023-06-16,1970.7
2023-06-20,1948.1
2023-06-21,1943.5
2023-06-22,1923.9
2023-06-23,1930.3
2023-06-26,1932.9
2023-06-27,1923.3
2023-06-28,1916.5
2023-06-29,1916.2
2023-06-30,1927.8
2023-07-03,1929.2
2023-07-05,1922.7
2023-07-06,1916.9
2023-07-07,1930.5
2023-07-10,1930.9
2023-07-11,1937.6
2023-07-12,1963.1
2023-07-13,1965.0
2023-07-14,1959.3
2023-07-17,1959.0
2023-07-18,1982.5
2023-07-19,1980.4
2023-07-20,1972.1
2023-07-21,1963.9
2023-07-24,1956.5
2023-07-25,1966.6
2023-07-26,1973.4
2023-07-27,1946.3
2023-07-28,1958.8
2023-07-31,2003.7
2023-08-01,1981.6
2023-08-02,1970.8
2023-08-03,1969.3
