指标名称,期货结算价(活跃合约):黄金
2010-01-04,246.01
2010-01-05,251.4
2010-01-06,252.17
2010-01-07,253.19
2010-01-08,249.93
2010-01-11,257.41
2010-01-12,256.53
2010-01-13,250.34
2010-01-14,253.12
2010-01-15,252.62
2010-01-18,250.98
2010-01-19,252.43
2010-01-20,252.46
2010-01-21,247.56
2010-01-22,243.37
2010-01-25,244.68
2010-01-26,244.28
2010-01-27,244.47
2010-01-28,241.06
2010-01-29,239.99
2010-02-01,239.66
2010-02-02,244.58
2010-02-03,246.73
2010-02-04,245.42
2010-02-05,235.49
2010-02-08,236.78
2010-02-09,237.49
2010-02-10,239.4
2010-02-11,240.23
2010-02-12,242.08
2010-02-22,249.59
2010-02-23,246.82
2010-02-24,245.11
2010-02-25,243.01
2010-02-26,245.95
2010-03-01,247.8
2010-03-02,247.77
2010-03-03,251.37
2010-03-04,251.66
2010-03-05,251.06
2010-03-08,251.66
2010-03-09,248.72
2010-03-10,249.04
2010-03-11,246.02
2010-03-12,246.34
2010-03-15,244.6
2010-03-16,246.08
2010-03-17,249.63
2010-03-18,248.56
2010-03-19,248.76
2010-03-22,245.0
2010-03-23,244.71
2010-03-24,244.27
2010-03-25,241.6
2010-03-26,242.78
2010-03-29,245.41
2010-03-30,246.14
2010-03-31,245.24
2010-04-01,246.47
2010-04-02,248.1
2010-04-06,248.96
2010-04-07,250.1
2010-04-08,251.87
2010-04-09,253.07
2010-04-12,255.85
2010-04-13,253.61
2010-04-14,254.65
2010-04-15,254.69
2010-04-16,254.47
2010-04-19,250.4
2010-04-20,251.01
2010-04-21,252.2
2010-04-22,252.74
2010-04-23,251.32
2010-04-26,255.39
2010-04-27,254.78
2010-04-28,256.9
2010-04-29,256.97
2010-04-30,258.49
2010-05-04,259.41
2010-05-05,256.56
2010-05-06,258.06
2010-05-07,264.07
2010-05-10,263.65
2010-05-11,264.78
2010-05-12,269.92
2010-05-13,271.3
2010-05-14,271.52
2010-05-17,272.43
2010-05-18,268.85
2010-05-19,267.12
2010-05-20,262.25
2010-05-21,259.15
2010-05-24,261.55
2010-05-25,262.48
2010-05-26,265.41
2010-05-27,267.1
2010-05-28,266.6
2010-05-31,266.72
2010-06-01,268.82
2010-06-02,269.15
2010-06-03,268.78
2010-06-04,264.77
2010-06-07,267.67
2010-06-08,272.35
2010-06-09,271.79
2010-06-10,270.67
2010-06-11,268.28
2010-06-17,271.37
2010-06-18,273.88
2010-06-21,276.44
2010-06-22,271.73
2010-06-23,272.1
2010-06-24,271.09
2010-06-25,273.1
2010-06-28,275.41
2010-06-29,271.27
2010-06-30,272.09
2010-07-01,271.15
2010-07-02,262.9
2010-07-05,264.18
2010-07-06,263.14
2010-07-07,260.19
2010-07-08,263.08
2010-07-09,261.5
2010-07-12,263.58
2010-07-13,261.61
2010-07-14,264.28
2010-07-15,264.15
2010-07-16,263.48
2010-07-19,260.48
2010-07-20,258.75
2010-07-21,260.07
2010-07-22,258.96
2010-07-23,261.15
2010-07-26,260.75
2010-07-27,259.45
2010-07-28,254.99
2010-07-29,255.65
2010-07-30,255.77
2010-08-02,259.0
2010-08-03,259.19
2010-08-04,261.31
2010-08-05,261.49
2010-08-06,261.85
2010-08-09,264.11
2010-08-10,262.6
2010-08-11,263.01
2010-08-12,262.67
2010-08-13,266.2
2010-08-16,267.47
2010-08-17,267.91
2010-08-18,267.87
2010-08-19,268.91
2010-08-20,268.92
2010-08-23,268.7
2010-08-24,267.1
2010-08-25,269.39
2010-08-26,271.07
2010-08-27,270.22
2010-08-30,270.16
2010-08-31,270.52
2010-09-01,273.59
2010-09-02,273.17
2010-09-03,273.69
2010-09-06,272.99
2010-09-07,272.97
2010-09-08,275.02
2010-09-09,273.92
2010-09-10,271.84
2010-09-13,271.91
2010-09-14,272.41
2010-09-15,276.57
2010-09-16,276.01
2010-09-17,277.49
2010-09-20,278.34
2010-09-21,277.87
2010-09-27,280.73
2010-09-28,279.79
2010-09-29,282.79
2010-09-30,283.18
2010-10-08,286.11
2010-10-11,291.08
2010-10-12,290.59
2010-10-13,292.35
2010-10-14,296.65
2010-10-15,296.69
2010-10-18,291.96
2010-10-19,293.85
2010-10-20,287.07
2010-10-21,287.74
2010-10-22,284.52
2010-10-25,289.76
2010-10-26,289.77
2010-10-27,289.09
2010-10-28,287.51
2010-10-29,289.8
2010-11-01,294.08
2010-11-02,293.49
2010-11-03,292.7
2010-11-04,293.14
2010-11-05,301.39
2010-11-08,302.17
2010-11-09,308.78
2010-11-10,307.63
2010-11-11,307.8
2010-11-12,301.35
2010-11-15,296.94
2010-11-16,294.71
2010-11-17,288.85
2010-11-18,292.1
2010-11-19,293.71
2010-11-22,294.74
2010-11-23,294.43
2010-11-24,297.93
2010-11-25,296.94
2010-11-26,296.48
2010-11-29,294.1
2010-11-30,296.15
2010-12-01,302.55
2010-12-02,304.28
2010-12-03,304.05
2010-12-06,309.05
2010-12-07,309.48
2010-12-08,302.48
2010-12-09,300.56
2010-12-10,301.27
2010-12-13,301.35
2010-12-14,305.49
2010-12-15,302.44
2010-12-16,299.41
2010-12-17,299.19
2010-12-20,302.04
2010-12-21,301.94
2010-12-22,302.51
2010-12-23,301.66
2010-12-24,300.86
2010-12-27,300.82
2010-12-28,303.27
2010-12-29,306.28
2010-12-30,308.45
2010-12-31,307.61
2011-01-04,308.13
2011-01-05,299.93
2011-01-06,299.27
2011-01-07,297.6
2011-01-10,298.81
2011-01-11,299.26
2011-01-12,300.83
2011-01-13,300.48
2011-01-14,297.77
2011-01-17,294.0
2011-01-18,294.05
2011-01-19,295.73
2011-01-20,293.88
2011-01-21,289.78
2011-01-24,291.76
2011-01-25,287.75
2011-01-26,288.7
2011-01-27,290.46
2011-01-28,283.95
2011-01-31,288.91
2011-02-01,289.12
2011-02-09,293.56
2011-02-10,292.91
2011-02-11,293.57
2011-02-14,292.48
2011-02-15,293.9
2011-02-16,295.39
2011-02-17,295.97
2011-02-18,297.35
2011-02-21,299.12
2011-02-22,300.78
2011-02-23,298.96
2011-02-24,301.6
2011-02-25,299.08
2011-02-28,301.15
2011-03-01,300.63
2011-03-02,304.05
2011-03-03,302.8
2011-03-04,300.51
2011-03-07,303.87
2011-03-08,302.52
2011-03-09,301.65
2011-03-10,302.46
2011-03-11,299.88
2011-03-14,301.47
2011-03-15,300.03
2011-03-16,296.5
2011-03-17,295.23
2011-03-18,298.61
2011-03-21,303.07
2011-03-22,302.52
2011-03-23,302.31
2011-03-24,303.5
2011-03-25,302.88
2011-03-28,300.87
2011-03-29,299.89
2011-03-30,299.85
2011-03-31,301.0
2011-04-01,301.71
2011-04-06,305.78
2011-04-07,305.83
2011-04-08,307.02
2011-04-11,308.02
2011-04-12,305.83
2011-04-13,306.28
2011-04-14,307.12
2011-04-15,308.8
2011-04-18,312.02
2011-04-19,312.1
2011-04-20,313.66
2011-04-21,315.61
2011-04-22,315.33
2011-04-25,316.35
2011-04-26,312.91
2011-04-27,314.11
2011-04-28,318.17
2011-04-29,317.61
2011-05-03,317.33
2011-05-04,315.06
2011-05-05,312.8
2011-05-06,309.29
2011-05-09,310.33
2011-05-10,311.66
2011-05-11,314.0
2011-05-12,311.68
2011-05-13,312.95
2011-05-16,310.95
2011-05-17,311.25
2011-05-18,310.91
2011-05-19,312.58
2011-05-20,312.77
2011-05-23,314.75
2011-05-24,316.68
2011-05-25,317.39
2011-05-26,318.21
2011-05-27,317.61
2011-05-30,319.56
2011-05-31,320.32
2011-06-01,318.47
2011-06-02,319.75
2011-06-03,319.31
2011-06-07,320.92
2011-06-08,320.41
2011-06-09,319.49
2011-06-10,320.76
2011-06-13,318.8
2011-06-14,316.79
2011-06-15,317.68
2011-06-16,318.01
2011-06-17,317.97
2011-06-20,320.34
2011-06-21,321.26
2011-06-22,321.57
2011-06-23,321.21
2011-06-24,317.82
2011-06-27,312.86
2011-06-28,312.52
2011-06-29,313.41
2011-06-30,314.37
2011-07-01,312.05
2011-07-04,311.55
2011-07-05,311.87
2011-07-06,315.7
2011-07-07,319.04
2011-07-08,319.49
2011-07-11,321.72
2011-07-12,322.84
2011-07-13,326.26
2011-07-14,329.71
2011-07-15,328.87
2011-07-18,331.77
2011-07-19,333.4
2011-07-20,330.71
2011-07-21,333.23
2011-07-22,330.52
2011-07-25,335.32
2011-07-26,335.39
2011-07-27,336.84
2011-07-28,335.23
2011-07-29,335.09
2011-08-01,333.99
2011-08-02,335.37
2011-08-03,343.16
2011-08-04,345.54
2011-08-05,343.53
2011-08-08,353.37
2011-08-09,362.03
2011-08-10,362.27
2011-08-11,370.13
2011-08-12,363.69
2011-08-15,361.09
2011-08-16,365.15
2011-08-17,368.61
2011-08-18,369.44
2011-08-19,381.37
2011-08-22,388.24
2011-08-23,392.21
2011-08-24,382.65
2011-08-25,364.69
2011-08-26,367.2
2011-08-29,375.66
2011-08-30,372.54
2011-08-31,379.47
2011-09-01,377.35
2011-09-02,379.27
2011-09-05,389.21
2011-09-06,395.24
2011-09-07,382.85
2011-09-08,380.24
2011-09-09,386.49
2011-09-13,378.61
2011-09-14,380.33
2011-09-15,375.47
2011-09-16,366.94
2011-09-19,376.95
2011-09-20,367.98
2011-09-21,373.39
2011-09-22,367.51
2011-09-23,359.94
2011-09-26,342.64
2011-09-27,339.82
2011-09-28,338.82
2011-09-29,332.48
2011-09-30,337.69
2011-10-10,341.86
2011-10-11,346.92
2011-10-12,345.18
2011-10-13,346.89
2011-10-14,345.2
2011-10-17,347.3
2011-10-18,344.88
2011-10-19,342.99
2011-10-20,332.86
2011-10-21,335.15
2011-10-24,340.21
2011-10-25,341.97
2011-10-26,354.01
2011-10-27,356.06
2011-10-28,360.15
2011-10-31,353.98
2011-11-01,353.64
2011-11-02,355.48
2011-11-03,355.69
2011-11-04,362.09
2011-11-07,363.79
2011-11-08,368.38
2011-11-09,367.88
2011-11-10,361.2
2011-11-11,362.06
2011-11-14,368.49
2011-11-15,364.76
2011-11-16,363.95
2011-11-17,362.17
2011-11-18,353.38
2011-11-21,353.14
2011-11-22,346.53
2011-11-23,350.73
2011-11-24,348.59
2011-11-25,347.53
2011-11-28,351.16
2011-11-29,352.22
2011-11-30,354.49
2011-12-01,359.88
2011-12-02,358.76
2011-12-05,359.28
2011-12-06,353.4
2011-12-07,355.92
2011-12-08,357.58
2011-12-09,352.22
2011-12-12,349.39
2011-12-13,340.68
2011-12-14,337.08
2011-12-15,324.15
2011-12-16,326.57
2011-12-19,327.79
2011-12-20,329.12
2011-12-21,334.27
2011-12-22,330.85
2011-12-23,331.34
2011-12-26,328.1
2011-12-27,326.99
2011-12-28,324.52
2011-12-29,317.23
2011-12-30,319.24
2012-01-04,327.11
2012-01-05,330.61
2012-01-06,332.49
2012-01-09,329.77
2012-01-10,331.47
2012-01-11,335.0
2012-01-12,336.56
2012-01-13,335.81
2012-01-16,335.24
2012-01-17,338.65
2012-01-18,337.77
2012-01-19,340.25
2012-01-20,338.69
2012-01-30,353.86
2012-01-31,355.07
2012-02-01,354.9
2012-02-02,357.11
2012-02-03,358.53
2012-02-06,353.75
2012-02-07,351.85
2012-02-08,357.1
2012-02-09,353.73
2012-02-10,353.42
2012-02-13,352.33
2012-02-14,350.71
2012-02-15,352.04
2012-02-16,351.13
2012-02-17,353.46
2012-02-20,354.21
2012-02-21,354.55
2012-02-22,358.08
2012-02-23,361.84
2012-02-24,362.46
2012-02-27,361.96
2012-02-28,361.05
2012-02-29,364.32
2012-03-01,350.25
2012-03-02,350.95
2012-03-05,349.47
2012-03-06,347.7
2012-03-07,341.83
2012-03-08,344.03
2012-03-09,347.33
2012-03-12,348.27
2012-03-13,347.71
2012-03-14,342.46
2012-03-15,336.85
2012-03-16,340.27
2012-03-19,340.73
2012-03-20,339.29
2012-03-21,338.59
2012-03-22,338.12
2012-03-23,337.15
2012-03-26,340.6
2012-03-27,345.57
2012-03-28,343.36
2012-03-29,339.55
2012-03-30,340.09
2012-04-05,332.69
2012-04-06,333.48
2012-04-09,335.82
2012-04-10,338.26
2012-04-11,339.21
2012-04-12,339.46
2012-04-13,342.65
2012-04-16,337.18
2012-04-17,337.09
2012-04-18,338.06
2012-04-19,335.68
2012-04-20,336.43
2012-04-23,336.04
2012-04-24,335.37
2012-04-25,336.21
2012-04-26,337.29
2012-04-27,338.88
2012-05-02,338.87
2012-05-03,336.87
2012-05-04,334.59
2012-05-07,335.11
2012-05-08,334.51
2012-05-09,326.74
2012-05-10,326.36
2012-05-11,324.8
2012-05-14,323.77
2012-05-15,318.43
2012-05-16,315.18
2012-05-17,317.68
2012-05-18,323.0
2012-05-21,327.44
2012-05-22,326.03
2012-05-23,319.79
2012-05-24,320.51
2012-05-25,320.33
2012-05-28,325.16
2012-05-29,324.97
2012-05-30,319.93
2012-05-31,323.32
2012-06-01,321.75
2012-06-04,334.72
2012-06-05,334.87
2012-06-06,336.34
2012-06-07,334.55
2012-06-08,325.31
2012-06-11,330.15
2012-06-12,328.47
2012-06-13,331.91
2012-06-14,333.84
2012-06-15,335.23
2012-06-18,334.32
2012-06-19,335.61
2012-06-20,333.6
2012-06-21,329.9
2012-06-25,325.07
2012-06-26,327.16
2012-06-27,324.63
2012-06-28,325.72
2012-06-29,323.37
2012-07-02,328.34
2012-07-03,330.35
2012-07-04,333.26
2012-07-05,333.35
2012-07-06,331.13
2012-07-09,326.97
2012-07-10,327.62
2012-07-11,325.8
2012-07-12,324.84
2012-07-13,325.27
2012-07-16,328.26
2012-07-17,329.68
2012-07-18,327.13
2012-07-19,326.73
2012-07-20,327.31
2012-07-23,326.48
2012-07-24,326.7
2012-07-25,327.94
2012-07-26,332.28
2012-07-27,334.41
2012-07-30,334.97
2012-07-31,335.7
2012-08-01,333.57
2012-08-02,331.41
2012-08-03,329.59
2012-08-06,332.77
2012-08-07,333.54
2012-08-08,333.14
2012-08-09,334.58
2012-08-10,334.04
2012-08-13,335.77
2012-08-14,333.74
2012-08-15,331.5
2012-08-16,332.28
2012-08-17,334.81
2012-08-20,335.0
2012-08-21,335.93
2012-08-22,339.39
2012-08-23,344.8
2012-08-24,345.17
2012-08-27,347.4
2012-08-28,343.54
2012-08-29,345.16
2012-08-30,343.22
2012-08-31,342.84
2012-09-03,350.16
2012-09-04,350.84
2012-09-05,350.17
2012-09-06,351.94
2012-09-07,349.95
2012-09-10,358.75
2012-09-11,357.31
2012-09-12,358.09
2012-09-13,356.53
2012-09-14,365.67
2012-09-17,365.07
2012-09-18,361.33
2012-09-19,364.62
2012-09-20,363.16
2012-09-21,363.94
2012-09-24,360.08
2012-09-25,361.12
2012-09-26,360.84
2012-09-27,360.11
2012-09-28,365.05
2012-10-08,361.6
2012-10-09,362.55
2012-10-10,359.29
2012-10-11,359.36
2012-10-12,360.23
2012-10-15,354.13
2012-10-16,352.99
2012-10-17,355.39
2012-10-18,354.62
2012-10-19,351.98
2012-10-22,349.48
2012-10-23,349.77
2012-10-24,347.29
2012-10-25,347.05
2012-10-26,345.97
2012-10-29,347.53
2012-10-30,346.81
2012-10-31,347.35
2012-11-01,351.63
2012-11-02,348.74
2012-11-05,342.23
2012-11-06,343.57
2012-11-07,350.39
2012-11-08,350.47
2012-11-09,354.35
2012-11-12,353.76
2012-11-13,351.3
2012-11-14,352.33
2012-11-15,351.53
2012-11-16,349.35
2012-11-19,351.13
2012-11-20,353.58
2012-11-21,351.68
2012-11-22,353.09
2012-11-23,352.93
2012-11-26,356.89
2012-11-27,356.88
2012-11-28,354.45
2012-11-29,350.46
2012-11-30,351.57
2012-12-03,349.2
2012-12-04,346.45
2012-12-05,345.45
2012-12-06,343.83
2012-12-07,346.14
2012-12-10,347.18
2012-12-11,347.47
2012-12-12,348.22
2012-12-13,345.11
2012-12-14,345.33
2012-12-17,343.97
2012-12-18,346.58
2012-12-19,341.42
2012-12-20,340.21
2012-12-21,335.27
2012-12-24,337.99
2012-12-25,337.84
2012-12-26,337.34
2012-12-27,337.79
2012-12-28,339.54
2012-12-31,339.41
2013-01-04,336.32
2013-01-07,338.78
2013-01-08,336.63
2013-01-09,338.91
2013-01-10,338.12
2013-01-11,341.45
2013-01-14,339.85
2013-01-15,340.9
2013-01-16,343.16
2013-01-17,342.29
2013-01-18,344.16
2013-01-21,344.11
2013-01-22,344.73
2013-01-23,344.84
2013-01-24,341.98
2013-01-25,339.45
2013-01-28,338.19
2013-01-29,338.4
2013-01-30,339.31
2013-01-31,341.53
2013-02-01,338.29
2013-02-04,340.05
2013-02-05,341.29
2013-02-06,340.62
2013-02-07,341.85
2013-02-08,340.49
2013-02-18,329.8
2013-02-19,329.76
2013-02-20,328.79
2013-02-21,319.92
2013-02-22,323.74
2013-02-25,323.94
2013-02-26,325.53
2013-02-27,328.57
2013-02-28,326.17
2013-03-01,323.13
2013-03-04,323.05
2013-03-05,322.88
2013-03-06,322.56
2013-03-07,323.06
2013-03-08,321.73
2013-03-11,322.33
2013-03-12,322.35
2013-03-13,324.04
2013-03-14,322.84
2013-03-15,323.78
2013-03-18,324.18
2013-03-19,325.25
2013-03-20,326.7
2013-03-21,325.82
2013-03-22,326.73
2013-03-25,325.96
2013-03-26,324.69
2013-03-27,323.74
2013-03-28,325.24
2013-03-29,322.86
2013-04-01,323.69
2013-04-02,324.11
2013-04-03,316.98
2013-04-08,318.87
2013-04-09,318.53
2013-04-10,320.39
2013-04-11,314.39
2013-04-12,314.67
2013-04-15,298.95
2013-04-16,275.63
2013-04-17,275.29
2013-04-18,271.48
2013-04-19,280.33
2013-04-22,283.55
2013-04-23,284.49
2013-04-24,285.7
2013-04-25,289.49
2013-04-26,297.48
2013-05-02,290.64
2013-05-03,294.58
2013-05-06,295.13
2013-05-07,291.81
2013-05-08,289.25
2013-05-09,293.56
2013-05-10,290.39
2013-05-13,285.6
2013-05-14,287.28
2013-05-15,283.79
2013-05-16,278.58
2013-05-17,277.14
2013-05-20,269.64
2013-05-21,278.77
2013-05-22,277.19
2013-05-23,274.47
2013-05-24,278.81
2013-05-27,278.7
2013-05-28,278.48
2013-05-29,277.75
2013-05-30,280.59
2013-05-31,283.75
2013-06-03,279.45
2013-06-04,282.19
2013-06-05,280.6
2013-06-06,279.59
2013-06-07,282.4
2013-06-13,278.25
2013-06-14,277.26
2013-06-17,278.07
2013-06-18,276.5
2013-06-19,273.88
2013-06-20,269.05
2013-06-21,258.94
2013-06-24,258.8
2013-06-25,258.0
2013-06-26,252.15
2013-06-27,250.0
2013-06-28,242.6
2013-07-01,250.7
2013-07-02,254.35
2013-07-03,252.15
2013-07-04,253.7
2013-07-05,251.3
2013-07-08,245.75
2013-07-09,250.4
2013-07-10,251.95
2013-07-11,255.55
2013-07-12,258.75
2013-07-15,258.3
2013-07-16,258.75
2013-07-17,260.15
2013-07-18,258.3
2013-07-19,258.1
2013-07-22,261.3
2013-07-23,266.35
2013-07-24,266.9
2013-07-25,265.3
2013-07-26,265.4
2013-07-29,263.55
2013-07-30,264.15
2013-07-31,264.0
2013-08-01,262.45
2013-08-02,261.1
2013-08-05,262.0
2013-08-06,259.95
2013-08-07,256.55
2013-08-08,257.2
2013-08-09,260.65
2013-08-12,263.2
2013-08-13,267.35
2013-08-14,265.0
2013-08-15,266.4
2013-08-16,269.3
2013-08-19,273.9
2013-08-20,272.7
2013-08-21,273.6
2013-08-22,272.65
2013-08-23,274.15
2013-08-26,277.35
2013-08-27,278.55
2013-08-28,283.1
2013-08-29,282.1
2013-08-30,280.45
2013-09-02,278.15
2013-09-03,278.1
2013-09-04,280.65
2013-09-05,277.0
2013-09-06,274.35
2013-09-09,276.6
2013-09-10,276.15
2013-09-11,271.95
2013-09-12,271.5
2013-09-13,264.65
2013-09-16,263.55
2013-09-17,262.8
2013-09-18,260.15
2013-09-23,263.55
2013-09-24,264.3
2013-09-25,262.85
2013-09-26,265.4
2013-09-27,264.6
2013-09-30,266.9
2013-10-08,264.65
2013-10-09,264.35
2013-10-10,260.75
2013-10-11,259.2
2013-10-14,253.95
2013-10-15,255.5
2013-10-16,254.7
2013-10-17,255.3
2013-10-18,262.35
2013-10-21,262.2
2013-10-22,262.2
2013-10-23,265.5
2013-10-24,264.95
2013-10-25,265.6
2013-10-28,265.5
2013-10-29,266.4
2013-10-30,265.0
2013-10-31,265.4
2013-11-01,261.45
2013-11-04,261.5
2013-11-05,262.15
2013-11-06,261.2
2013-11-07,262.15
2013-11-08,260.45
2013-11-11,256.75
2013-11-12,254.9
2013-11-13,254.15
2013-11-14,254.75
2013-11-15,256.1
2013-11-18,256.0
2013-11-19,253.95
2013-11-20,253.6
2013-11-21,250.75
2013-11-22,248.25
2013-11-25,247.95
2013-11-26,247.8
2013-11-27,248.6
2013-11-28,248.7
2013-11-29,248.4
2013-12-02,249.65
2013-12-03,246.25
2013-12-04,245.05
2013-12-05,246.75
2013-12-06,246.0
2013-12-09,246.9
2013-12-10,247.85
2013-12-11,251.1
2013-12-12,250.85
2013-12-13,245.65
2013-12-16,245.65
2013-12-17,247.5
2013-12-18,246.05
2013-12-19,244.85
2013-12-20,239.5
2013-12-23,239.4
2013-12-24,239.5
2013-12-25,239.9
2013-12-26,240.55
2013-12-27,242.2
2013-12-30,242.75
2013-12-31,240.45
2014-01-02,243.35
2014-01-03,244.7
2014-01-06,246.35
2014-01-07,247.1
2014-01-08,244.75
2014-01-09,243.3
2014-01-10,243.95
2014-01-13,246.85
2014-01-14,247.35
2014-01-15,246.6
2014-01-16,245.15
2014-01-17,245.6
2014-01-20,247.05
2014-01-21,247.6
2014-01-22,245.0
2014-01-23,244.45
2014-01-24,247.8
2014-01-27,249.65
2014-01-28,248.2
2014-01-29,247.0
2014-01-30,248.7
2014-02-07,248.15
2014-02-10,249.4
2014-02-11,251.95
2014-02-12,252.7
2014-02-13,253.65
2014-02-14,255.0
2014-02-17,260.05
2014-02-18,260.25
2014-02-19,259.4
2014-02-20,259.0
2014-02-21,258.85
2014-02-24,260.3
2014-02-25,262.6
2014-02-26,264.15
2014-02-27,262.3
2014-02-28,262.6
2014-03-03,263.55
2014-03-04,266.0
2014-03-05,263.35
2014-03-06,263.45
2014-03-07,264.6
2014-03-10,262.3
2014-03-11,262.95
2014-03-12,265.2
2014-03-13,269.2
2014-03-14,269.6
2014-03-17,272.0
2014-03-18,270.0
2014-03-19,267.6
2014-03-20,265.25
2014-03-21,264.65
2014-03-24,264.9
2014-03-25,261.1
2014-03-26,261.0
2014-03-27,259.7
2014-03-28,258.25
2014-03-31,258.7
2014-04-01,257.6
2014-04-02,256.75
2014-04-03,258.6
2014-04-04,257.35
2014-04-08,261.0
2014-04-09,262.1
2014-04-10,261.4
2014-04-11,263.25
2014-04-14,263.75
2014-04-15,263.95
2014-04-16,259.0
2014-04-17,259.5
2014-04-18,258.5
2014-04-21,256.45
2014-04-22,256.55
2014-04-23,256.45
2014-04-24,256.6
2014-04-25,258.05
2014-04-28,261.3
2014-04-29,260.75
2014-04-30,260.7
2014-05-05,263.0
2014-05-06,264.8
2014-05-07,264.0
2014-05-08,261.25
2014-05-09,259.8
2014-05-12,259.5
2014-05-13,261.6
2014-05-14,260.85
2014-05-15,262.3
2014-05-16,260.85
2014-05-19,260.45
2014-05-20,261.0
2014-05-21,260.65
2014-05-22,260.0
2014-05-23,261.15
2014-05-26,260.7
2014-05-27,259.9
2014-05-28,256.15
2014-05-29,254.1
2014-05-30,253.05
2014-06-03,250.6
2014-06-04,250.8
2014-06-05,251.25
2014-06-06,253.0
2014-06-09,252.6
2014-06-10,252.75
2014-06-11,253.7
2014-06-12,253.85
2014-06-13,255.25
2014-06-16,256.7
2014-06-17,256.0
2014-06-18,255.2
2014-06-19,256.35
2014-06-20,262.5
2014-06-23,265.1
2014-06-24,265.35
2014-06-25,265.2
2014-06-26,265.0
2014-06-27,264.45
2014-06-30,264.55
2014-07-01,265.4
2014-07-02,266.0
2014-07-03,266.0
2014-07-04,264.85
2014-07-07,263.85
2014-07-08,263.5
2014-07-09,264.15
2014-07-10,265.55
2014-07-11,268.7
2014-07-14,266.75
2014-07-15,261.9
2014-07-16,260.8
2014-07-17,261.15
2014-07-18,263.25
2014-07-21,262.3
2014-07-22,262.7
2014-07-23,262.2
2014-07-24,260.7
2014-07-25,258.6
2014-07-28,260.15
2014-07-29,260.75
2014-07-30,260.1
2014-07-31,258.85
2014-08-01,257.05
2014-08-04,258.75
2014-08-05,258.05
2014-08-06,257.3
2014-08-07,260.55
2014-08-08,261.5
2014-08-11,261.15
2014-08-12,260.7
2014-08-13,261.65
2014-08-14,261.4
2014-08-15,261.35
2014-08-18,259.0
2014-08-19,258.3
2014-08-20,257.6
2014-08-21,256.4
2014-08-22,254.5
2014-08-25,254.85
2014-08-26,255.2
2014-08-27,256.0
2014-08-28,255.8
2014-08-29,256.6
2014-09-01,256.1
2014-09-02,254.9
2014-09-03,252.15
2014-09-04,252.45
2014-09-05,252.25
2014-09-09,249.85
2014-09-10,249.0
2014-09-11,248.05
2014-09-12,246.2
2014-09-15,244.9
2014-09-16,246.1
2014-09-17,246.55
2014-09-18,245.2
2014-09-19,244.1
2014-09-22,241.95
2014-09-23,241.7
2014-09-24,243.2
2014-09-25,241.85
2014-09-26,242.95
2014-09-29,242.35
2014-09-30,243.15
2014-10-08,241.9
2014-10-09,242.2
2014-10-10,243.6
2014-10-13,244.0
2014-10-14,244.65
2014-10-15,244.35
2014-10-16,245.95
2014-10-17,245.8
2014-10-20,245.25
2014-10-21,246.6
2014-10-22,247.35
2014-10-23,246.1
2014-10-24,243.7
2014-10-27,243.5
2014-10-28,242.85
2014-10-29,243.2
2014-10-30,240.1
2014-10-31,235.6
2014-11-03,229.3
2014-11-04,230.7
2014-11-05,228.35
2014-11-06,225.6
2014-11-07,225.3
2014-11-10,230.4
2014-11-11,229.65
2014-11-12,230.6
2014-11-13,230.9
2014-11-14,229.85
2014-11-17,233.25
2014-11-18,235.8
2014-11-19,236.75
2014-11-20,235.25
2014-11-21,235.9
2014-11-24,238.5
2014-11-25,238.2
2014-11-26,237.85
2014-11-27,237.75
2014-11-28,236.5
2014-12-01,232.2
2014-12-02,238.25
2014-12-03,239.3
2014-12-04,240.75
2014-12-05,241.0
2014-12-08,238.55
2014-12-09,239.65
2014-12-10,246.75
2014-12-11,246.65
2014-12-12,245.15
2014-12-15,245.1
2014-12-16,242.3
2014-12-17,241.25
2014-12-18,240.45
2014-12-19,242.05
2014-12-22,242.15
2014-12-23,239.6
2014-12-24,238.1
2014-12-25,237.8
2014-12-26,238.95
2014-12-29,241.05
2014-12-30,240.05
2014-12-31,242.65
2015-01-05,241.4
2015-01-06,242.8
2015-01-07,245.35
2015-01-08,245.2
2015-01-09,245.35
2015-01-12,246.35
2015-01-13,248.1
2015-01-14,248.5
2015-01-15,248.3
2015-01-16,252.45
2015-01-19,256.7
2015-01-20,257.5
2015-01-21,260.75
2015-01-22,260.5
2015-01-23,261.1
2015-01-26,261.15
2015-01-27,259.45
2015-01-28,260.55
2015-01-29,260.0
2015-01-30,255.4
2015-02-02,257.45
2015-02-03,258.1
2015-02-04,256.35
2015-02-05,256.95
2015-02-06,256.0
2015-02-09,252.1
2015-02-10,251.6
2015-02-11,250.7
2015-02-12,248.7
2015-02-13,248.45
2015-02-16,249.75
2015-02-17,250.1
2015-02-25,246.0
2015-02-26,245.65
2015-02-27,246.75
2015-03-02,248.15
2015-03-03,246.95
2015-03-04,246.8
2015-03-05,245.9
2015-03-06,245.45
2015-03-09,240.8
2015-03-10,238.8
2015-03-11,238.25
2015-03-12,236.5
2015-03-13,237.0
2015-03-16,236.95
2015-03-17,236.3
2015-03-18,234.85
2015-03-19,236.2
2015-03-20,237.0
2015-03-23,239.7
2015-03-24,241.0
2015-03-25,241.25
2015-03-26,242.85
2015-03-27,243.6
2015-03-30,241.75
2015-03-31,239.0
2015-04-01,238.75
2015-04-02,241.55
2015-04-03,241.35
2015-04-07,243.75
2015-04-08,243.55
2015-04-09,241.75
2015-04-10,240.1
2015-04-13,242.8
2015-04-14,241.25
2015-04-15,240.25
2015-04-16,241.15
2015-04-17,240.8
2015-04-20,241.55
2015-04-21,240.1
2015-04-22,240.8
2015-04-23,238.3
2015-04-24,238.25
2015-04-27,236.5
2015-04-28,240.4
2015-04-29,242.6
2015-04-30,242.0
2015-05-04,237.3
2015-05-05,238.7
2015-05-06,240.0
2015-05-07,241.85
2015-05-08,240.6
2015-05-11,241.4
2015-05-12,240.65
2015-05-13,242.15
2015-05-14,245.9
2015-05-15,247.5
2015-05-18,248.15
2015-05-19,248.35
2015-05-20,245.15
2015-05-21,245.25
2015-05-22,244.2
2015-05-25,243.85
2015-05-26,244.0
2015-05-27,241.0
2015-05-28,240.95
2015-05-29,240.7
2015-06-01,241.35
2015-06-02,241.95
2015-06-03,241.55
2015-06-04,240.05
2015-06-05,238.15
2015-06-08,237.0
2015-06-09,237.9
2015-06-10,238.8
2015-06-11,240.6
2015-06-12,239.35
2015-06-15,239.2
2015-06-16,240.0
2015-06-17,238.85
2015-06-18,239.3
2015-06-19,242.75
2015-06-23,240.05
2015-06-24,238.4
2015-06-25,237.85
2015-06-26,237.7
2015-06-29,238.35
2015-06-30,238.35
2015-07-01,237.35
2015-07-02,236.55
2015-07-03,236.3
2015-07-06,236.65
2015-07-07,236.7
2015-07-08,232.65
2015-07-09,235.05
2015-07-10,235.5
2015-07-13,235.15
2015-07-14,233.65
2015-07-15,233.9
2015-07-16,231.55
2015-07-17,231.15
2015-07-20,225.95
2015-07-21,223.55
2015-07-22,221.95
2015-07-23,220.6
2015-07-24,219.45
2015-07-27,220.85
2015-07-28,221.75
2015-07-29,221.8
2015-07-30,220.8
2015-07-31,219.7
2015-08-03,220.9
2015-08-04,219.25
2015-08-05,219.45
2015-08-06,218.75
2015-08-07,219.6
2015-08-10,220.75
2015-08-11,224.35
2015-08-12,231.4
2015-08-13,235.1
2015-08-14,232.75
2015-08-17,232.1
2015-08-18,232.75
2015-08-19,231.95
2015-08-20,235.35
2015-08-21,240.4
2015-08-24,240.65
2015-08-25,241.35
2015-08-26,237.2
2015-08-27,234.0
2015-08-28,234.5
2015-08-31,235.7
2015-09-01,235.4
2015-09-02,236.2
2015-09-07,232.8
2015-09-08,232.15
2015-09-09,233.05
2015-09-10,230.1
2015-09-11,229.8
2015-09-14,228.6
2015-09-15,229.25
2015-09-16,228.95
2015-09-17,231.9
2015-09-18,232.8
2015-09-21,235.1
2015-09-22,234.55
2015-09-23,232.9
2015-09-24,234.8
2015-09-25,238.0
2015-09-28,236.35
2015-09-29,233.15
2015-09-30,231.9
2015-10-08,235.1
2015-10-09,234.95
2015-10-12,237.0
2015-10-13,236.95
2015-10-14,239.05
2015-10-15,241.2
2015-10-16,241.55
2015-10-19,240.95
2015-10-20,239.65
2015-10-21,240.7
2015-10-22,239.05
2015-10-23,239.65
2015-10-26,239.05
2015-10-27,239.1
2015-10-28,239.7
2015-10-29,240.2
2015-10-30,235.7
2015-11-02,233.25
2015-11-03,232.55
2015-11-04,230.0
2015-11-05,228.35
2015-11-06,227.55
2015-11-09,224.65
2015-11-10,224.35
2015-11-11,226.95
2015-11-12,226.55
2015-11-13,224.9
2015-11-16,226.95
2015-11-17,225.6
2015-11-18,223.15
2015-11-19,223.35
2015-11-20,224.8
2015-11-23,224.0
2015-11-24,222.75
2015-11-25,224.9
2015-11-26,223.35
2015-11-27,223.15
2015-11-30,219.95
2015-12-01,222.25
2015-12-02,223.2
2015-12-03,220.3
2015-12-04,221.35
2015-12-07,225.55
2015-12-08,225.65
2015-12-09,225.6
2015-12-10,226.7
2015-12-11,225.1
2015-12-14,226.5
2015-12-15,226.25
2015-12-16,225.0
2015-12-17,226.3
2015-12-18,224.2
2015-12-21,225.85
2015-12-22,228.4
2015-12-23,228.15
2015-12-24,227.6
2015-12-25,228.25
2015-12-28,227.75
2015-12-29,227.6
2015-12-30,228.0
2015-12-31,226.3
2016-01-04,227.3
2016-01-05,229.7
2016-01-06,230.25
2016-01-07,234.35
2016-01-08,237.05
2016-01-11,236.7
2016-01-12,235.25
2016-01-13,232.55
2016-01-14,233.15
2016-01-15,232.65
2016-01-18,233.8
2016-01-19,233.25
2016-01-20,233.2
2016-01-21,235.8
2016-01-22,235.1
2016-01-25,235.35
2016-01-26,237.35
2016-01-27,239.0
2016-01-28,239.25
2016-01-29,238.5
2016-02-01,238.8
2016-02-02,240.6
2016-02-03,241.15
2016-02-04,242.55
2016-02-05,245.6
2016-02-15,257.25
2016-02-16,253.3
2016-02-17,254.65
2016-02-18,254.9
2016-02-19,256.8
2016-02-22,258.15
2016-02-23,255.55
2016-02-24,257.95
2016-02-25,262.2
2016-02-26,261.2
2016-02-29,258.9
2016-03-01,261.2
2016-03-02,260.9
2016-03-03,261.4
2016-03-04,264.05
2016-03-07,266.25
2016-03-08,266.7
2016-03-09,265.65
2016-03-10,262.75
2016-03-11,265.25
2016-03-14,264.0
2016-03-15,260.05
2016-03-16,258.25
2016-03-17,260.6
2016-03-18,263.7
2016-03-21,261.0
2016-03-22,260.35
2016-03-23,260.75
2016-03-24,255.85
2016-03-25,256.15
2016-03-28,255.05
2016-03-29,255.8
2016-03-30,257.95
2016-03-31,256.6
2016-04-01,256.85
2016-04-05,255.65
2016-04-06,256.85
2016-04-07,256.05
2016-04-08,258.4
2016-04-11,259.3
2016-04-12,261.25
2016-04-13,261.45
2016-04-14,259.0
2016-04-15,257.1
2016-04-18,257.55
2016-04-19,257.95
2016-04-20,261.15
2016-04-21,261.85
2016-04-22,262.15
2016-04-25,259.2
2016-04-26,259.2
2016-04-27,260.3
2016-04-28,261.1
2016-04-29,265.0
2016-05-03,270.25
2016-05-04,271.5
2016-05-05,271.05
2016-05-06,269.95
2016-05-09,271.65
2016-05-10,267.3
2016-05-11,267.4
2016-05-12,268.8
2016-05-13,268.8
2016-05-16,270.0
2016-05-17,270.85
2016-05-18,270.55
2016-05-19,268.55
2016-05-20,265.4
2016-05-23,265.75
2016-05-24,264.5
2016-05-25,261.4
2016-05-26,259.95
2016-05-27,259.25
2016-05-30,256.85
2016-05-31,257.95
2016-06-01,259.3
2016-06-02,258.65
2016-06-03,258.5
2016-06-06,263.8
2016-06-07,264.85
2016-06-08,265.15
2016-06-13,272.75
2016-06-14,273.8
2016-06-15,274.85
2016-06-16,276.9
2016-06-17,276.5
2016-06-20,274.45
2016-06-21,273.7
2016-06-22,270.4
2016-06-23,269.9
2016-06-24,276.25
2016-06-27,282.8
2016-06-28,284.15
2016-06-29,283.5
2016-06-30,283.9
2016-07-01,285.45
2016-07-04,290.55
2016-07-05,291.05
2016-07-06,293.9
2016-07-07,296.2
2016-07-08,293.1
2016-07-11,294.35
2016-07-12,293.7
2016-07-13,290.0
2016-07-14,290.25
2016-07-15,287.65
2016-07-18,287.95
2016-07-19,288.8
2016-07-20,288.7
2016-07-21,284.5
2016-07-22,286.35
2016-07-25,285.3
2016-07-26,285.0
2016-07-27,285.15
2016-07-28,287.7
2016-07-29,288.35
2016-08-01,289.6
2016-08-02,290.4
2016-08-03,292.75
2016-08-04,291.05
2016-08-05,292.6
2016-08-08,288.55
2016-08-09,287.45
2016-08-10,289.3
2016-08-11,289.2
2016-08-12,288.95
2016-08-15,288.65
2016-08-16,288.3
2016-08-17,288.15
2016-08-18,288.85
2016-08-19,289.1
2016-08-22,287.7
2016-08-23,287.25
2016-08-24,287.5
2016-08-25,285.2
2016-08-26,284.2
2016-08-29,285.45
2016-08-30,284.9
2016-08-31,283.85
2016-09-01,282.95
2016-09-02,283.35
2016-09-05,285.85
2016-09-06,286.7
2016-09-07,289.85
2016-09-08,290.0
2016-09-09,289.2
2016-09-12,287.9
2016-09-13,286.9
2016-09-14,285.95
2016-09-19,284.2
2016-09-20,284.55
2016-09-21,284.8
2016-09-22,287.2
2016-09-23,288.6
2016-09-26,288.3
2016-09-27,288.5
2016-09-28,286.05
2016-09-29,285.2
2016-09-30,284.75
2016-10-10,273.35
2016-10-11,273.55
2016-10-12,273.35
2016-10-13,273.4
2016-10-14,273.9
2016-10-17,273.3
2016-10-18,274.3
2016-10-19,275.05
2016-10-20,277.05
2016-10-21,276.4
2016-10-24,276.9
2016-10-25,277.5
2016-10-26,279.05
2016-10-27,278.1
2016-10-28,278.45
2016-10-31,279.35
2016-11-01,279.65
2016-11-02,281.95
2016-11-03,283.95
2016-11-04,283.25
2016-11-07,283.05
2016-11-08,280.85
2016-11-09,287.3
2016-11-10,286.45
2016-11-11,282.4
2016-11-14,275.2
2016-11-15,274.5
2016-11-16,276.35
2016-11-17,276.85
2016-11-18,274.95
2016-11-21,274.25
2016-11-22,276.0
2016-11-23,276.0
2016-11-24,273.8
2016-11-25,271.25
2016-11-28,273.2
2016-11-29,273.5
2016-11-30,271.3
2016-12-01,269.05
2016-12-02,268.0
2016-12-05,269.1
2016-12-06,268.25
2016-12-07,268.0
2016-12-08,269.75
2016-12-09,269.3
2016-12-12,268.25
2016-12-13,268.4
2016-12-14,268.75
2016-12-15,267.9
2016-12-16,265.3
2016-12-19,266.05
2016-12-20,266.15
2016-12-21,263.55
2016-12-22,263.85
2016-12-23,263.55
2016-12-26,264.05
2016-12-27,265.35
2016-12-28,266.55
2016-12-29,267.7
2016-12-30,270.35
2017-01-03,270.3
2017-01-04,269.95
2017-01-05,269.2
2017-01-06,269.3
2017-01-09,269.5
2017-01-10,271.15
2017-01-11,271.65
2017-01-12,270.7
2017-01-13,271.35
2017-01-16,271.7
2017-01-17,273.55
2017-01-18,274.1
2017-01-19,271.7
2017-01-20,270.95
2017-01-23,272.15
2017-01-24,272.7
2017-01-25,270.9
2017-01-26,267.95
2017-02-03,271.3
2017-02-06,272.7
2017-02-07,275.55
2017-02-08,276.65
2017-02-09,278.45
2017-02-10,276.6
2017-02-13,276.3
2017-02-14,275.25
2017-02-15,275.25
2017-02-16,275.4
2017-02-17,277.35
2017-02-20,277.35
2017-02-21,277.15
2017-02-22,277.05
2017-02-23,277.4
2017-02-24,280.0
2017-02-27,281.75
2017-02-28,281.85
2017-03-01,280.15
2017-03-02,279.25
2017-03-03,278.0
2017-03-06,277.3
2017-03-07,276.85
2017-03-08,275.05
2017-03-09,273.65
2017-03-10,272.35
2017-03-13,272.25
2017-03-14,272.65
2017-03-15,272.5
2017-03-16,274.95
2017-03-17,277.05
2017-03-20,277.8
2017-03-21,277.6
2017-03-22,279.25
2017-03-23,279.5
2017-03-24,279.3
2017-03-27,280.6
2017-03-28,281.5
2017-03-29,281.1
2017-03-30,280.65
2017-03-31,279.3
2017-04-05,281.1
2017-04-06,280.45
2017-04-07,283.05
2017-04-10,283.0
2017-04-11,281.95
2017-04-12,285.2
2017-04-13,286.6
2017-04-14,287.55
2017-04-17,288.15
2017-04-18,286.75
2017-04-19,286.55
2017-04-20,285.85
2017-04-21,285.8
2017-04-24,285.8
2017-04-25,283.75
2017-04-26,282.7
2017-04-27,282.8
2017-04-28,282.8
2017-05-02,283.9
2017-05-03,283.3
2017-05-04,281.05
2017-05-05,278.3
2017-05-08,278.6
2017-05-09,278.5
2017-05-10,276.75
2017-05-11,277.05
2017-05-12,277.75
2017-05-15,278.65
2017-05-16,279.75
2017-05-17,280.55
2017-05-18,283.4
2017-05-19,282.95
2017-05-22,282.9
2017-05-23,284.35
2017-05-24,283.2
2017-05-25,282.95
2017-05-26,282.5
2017-05-31,282.25
2017-06-01,282.05
2017-06-02,281.0
2017-06-05,283.85
2017-06-06,285.2
2017-06-07,286.7
2017-06-08,286.0
2017-06-09,283.55
2017-06-12,281.3
2017-06-13,281.05
2017-06-14,281.3
2017-06-15,282.15
2017-06-16,279.1
2017-06-19,279.1
2017-06-20,278.25
2017-06-21,277.95
2017-06-22,279.05
2017-06-23,279.9
2017-06-26,280.7
2017-06-27,278.55
2017-06-28,278.65
2017-06-29,278.35
2017-06-30,276.2
2017-07-03,275.1
2017-07-04,272.45
2017-07-05,272.6
2017-07-06,272.3
2017-07-07,272.3
2017-07-10,269.75
2017-07-11,269.9
2017-07-12,270.75
2017-07-13,271.6
2017-07-14,270.6
2017-07-17,272.85
2017-07-18,273.9
2017-07-19,274.15
2017-07-20,274.2
2017-07-21,274.95
2017-07-24,276.7
2017-07-25,276.65
2017-07-26,275.35
2017-07-27,276.75
2017-07-28,277.3
2017-07-31,278.35
2017-08-01,278.15
2017-08-02,278.25
2017-08-03,277.65
2017-08-04,278.0
2017-08-07,276.25
2017-08-08,275.95
2017-08-09,275.7
2017-08-10,278.0
2017-08-11,279.6
2017-08-14,279.6
2017-08-15,278.2
2017-08-16,277.15
2017-08-17,278.9
2017-08-18,279.75
2017-08-21,280.5
2017-08-22,280.05
2017-08-23,279.15
2017-08-24,279.5
2017-08-25,279.05
2017-08-28,279.2
2017-08-29,282.25
2017-08-30,282.2
2017-08-31,280.3
2017-09-01,281.9
2017-09-04,283.0
2017-09-05,283.4
2017-09-06,283.75
2017-09-07,283.2
2017-09-08,283.4
2017-09-11,282.95
2017-09-12,281.8
2017-09-13,281.6
2017-09-14,281.15
2017-09-15,282.15
2017-09-18,280.85
2017-09-19,279.7
2017-09-20,280.05
2017-09-21,279.0
2017-09-22,277.2
2017-09-25,277.4
2017-09-26,280.6
2017-09-27,280.05
2017-09-28,278.05
2017-09-29,278.4
2017-10-09,277.05
2017-10-10,276.75
2017-10-11,276.5
2017-10-12,276.6
2017-10-13,276.9
2017-10-16,278.0
2017-10-17,277.75
2017-10-18,276.55
2017-10-19,275.7
2017-10-20,276.25
2017-10-23,275.3
2017-10-24,275.5
2017-10-25,274.9
2017-10-26,275.35
2017-10-27,274.4
2017-10-30,274.3
2017-10-31,274.6
2017-11-01,273.55
2017-11-02,273.75
2017-11-03,274.05
2017-11-06,273.6
2017-11-07,274.45
2017-11-08,274.65
2017-11-09,275.55
2017-11-10,280.8
2017-11-13,279.9
2017-11-14,279.5
2017-11-15,279.45
2017-11-16,279.7
2017-11-17,279.6
2017-11-20,281.15
2017-11-21,280.35
2017-11-22,279.8
2017-11-23,280.3
2017-11-24,280.05
2017-11-27,280.1
2017-11-28,281.55
2017-11-29,281.5
2017-11-30,280.25
2017-12-01,278.2
2017-12-04,278.05
2017-12-05,277.65
2017-12-06,276.1
2017-12-07,275.0
2017-12-08,272.9
2017-12-11,272.3
2017-12-12,271.9
2017-12-13,271.45
2017-12-14,273.5
2017-12-15,273.95
2017-12-18,274.35
2017-12-19,275.1
2017-12-20,275.1
2017-12-21,274.75
2017-12-22,274.65
2017-12-25,275.9
2017-12-26,276.25
2017-12-27,276.8
2017-12-28,277.9
2017-12-29,277.9
2018-01-02,279.2
2018-01-03,280.4
2018-01-04,279.3
2018-01-05,279.7
2018-01-08,279.95
2018-01-09,280.5
2018-01-10,280.15
2018-01-11,281.1
2018-01-12,281.15
2018-01-15,281.75
2018-01-16,281.9
2018-01-17,281.1
2018-01-18,279.65
2018-01-19,278.65
2018-01-22,278.85
2018-01-23,279.1
2018-01-24,279.8
2018-01-25,281.4
2018-01-26,280.2
2018-01-29,279.25
2018-01-30,277.45
2018-01-31,277.1
2018-02-01,276.15
2018-02-02,276.25
2018-02-05,274.65
2018-02-06,275.7
2018-02-07,273.05
2018-02-08,271.25
2018-02-09,272.95
2018-02-12,272.0
2018-02-13,273.5
2018-02-14,275.0
2018-02-22,273.85
2018-02-23,274.45
2018-02-26,275.05
2018-02-27,274.7
2018-02-28,272.75
2018-03-01,272.05
2018-03-02,271.9
2018-03-05,273.35
2018-03-06,273.0
2018-03-07,274.55
2018-03-08,273.8
2018-03-09,273.1
2018-03-12,272.35
2018-03-13,272.2
2018-03-14,272.9
2018-03-15,272.35
2018-03-16,271.45
2018-03-19,270.6
2018-03-20,270.95
2018-03-21,270.55
2018-03-22,272.75
2018-03-23,275.05
2018-03-26,276.65
2018-03-27,275.9
2018-03-28,274.55
2018-03-29,272.2
2018-03-30,271.2
2018-04-02,271.7
2018-04-03,273.35
2018-04-04,272.65
2018-04-09,272.75
2018-04-10,273.1
2018-04-11,273.6
2018-04-12,275.45
2018-04-13,273.6
2018-04-16,274.15
2018-04-17,274.4
2018-04-18,274.0
2018-04-19,275.05
2018-04-20,274.1
2018-04-23,272.75
2018-04-24,271.7
2018-04-25,272.0
2018-04-26,271.65
2018-04-27,271.05
2018-05-02,270.05
2018-05-03,274.1
2018-05-04,274.5
2018-05-07,275.05
2018-05-08,275.05
2018-05-09,274.75
2018-05-10,275.0
2018-05-11,275.2
2018-05-14,275.2
2018-05-15,274.3
2018-05-16,271.25
2018-05-17,270.35
2018-05-18,270.15
2018-05-21,270.35
2018-05-22,270.35
2018-05-23,270.55
2018-05-24,271.4
2018-05-25,273.3
2018-05-28,273.05
2018-05-29,273.25
2018-05-30,274.05
2018-05-31,274.15
2018-06-01,274.0
2018-06-04,272.85
2018-06-05,272.2
2018-06-06,272.45
2018-06-07,272.25
2018-06-08,272.2
2018-06-11,272.8
2018-06-12,272.75
2018-06-13,272.3
2018-06-14,272.5
2018-06-15,273.8
2018-06-19,271.2
2018-06-20,270.8
2018-06-21,269.85
2018-06-22,270.05
2018-06-25,271.15
2018-06-26,271.45
2018-06-27,271.35
2018-06-28,271.5
2018-06-29,271.35
2018-07-02,271.8
2018-07-03,272.15
2018-07-04,272.9
2018-07-05,272.85
2018-07-06,273.1
2018-07-09,273.0
2018-07-10,272.35
2018-07-11,272.55
2018-07-12,272.45
2018-07-13,271.9
2018-07-16,272.05
2018-07-17,271.15
2018-07-18,269.65
2018-07-19,269.75
2018-07-20,270.3
2018-07-23,271.8
2018-07-24,271.9
2018-07-25,271.85
2018-07-26,271.65
2018-07-27,271.65
2018-07-30,271.75
2018-07-31,271.6
2018-08-01,271.05
2018-08-02,270.8
2018-08-03,270.4
2018-08-06,270.45
2018-08-07,270.05
2018-08-08,269.25
2018-08-09,269.2
2018-08-10,269.45
2018-08-13,270.25
2018-08-14,268.2
2018-08-15,267.65
2018-08-16,264.95
2018-08-17,263.8
2018-08-20,264.2
2018-08-21,265.6
2018-08-22,265.75
2018-08-23,266.55
2018-08-24,266.2
2018-08-27,267.0
2018-08-28,267.8
2018-08-29,267.15
2018-08-30,267.45
2018-08-31,267.4
2018-09-03,267.05
2018-09-04,266.3
2018-09-05,265.45
2018-09-06,266.2
2018-09-07,267.1
2018-09-10,266.5
2018-09-11,266.8
2018-09-12,266.7
2018-09-13,267.5
2018-09-14,268.15
2018-09-17,267.5
2018-09-18,268.0
2018-09-19,267.8
2018-09-20,268.2
2018-09-21,268.5
2018-09-25,267.7
2018-09-26,268.35
2018-09-27,267.6
2018-09-28,265.55
2018-10-08,268.6
2018-10-09,267.85
2018-10-10,267.8
2018-10-11,268.55
2018-10-12,272.3
2018-10-15,274.05
2018-10-16,275.4
2018-10-17,274.95
2018-10-18,275.1
2018-10-19,276.2
2018-10-22,275.9
2018-10-23,275.75
2018-10-24,278.1
2018-10-25,278.1
2018-10-26,277.9
2018-10-29,278.8
2018-10-30,277.45
2018-10-31,276.0
2018-11-01,274.45
2018-11-02,275.75
2018-11-05,275.25
2018-11-06,275.8
2018-11-07,275.7
2018-11-08,279.7
2018-11-09,279.15
2018-11-12,277.1
2018-11-13,275.95
2018-11-14,275.4
2018-11-15,275.85
2018-11-16,277.1
2018-11-19,278.45
2018-11-20,278.9
2018-11-21,279.35
2018-11-22,279.5
2018-11-23,279.8
2018-11-26,279.3
2018-11-27,279.1
2018-11-28,278.15
2018-11-29,278.55
2018-11-30,279.65
2018-12-03,278.65
2018-12-04,278.85
2018-12-05,278.7
2018-12-06,279.9
2018-12-07,280.6
2018-12-10,281.85
2018-12-11,282.55
2018-12-12,281.7
2018-12-13,281.1
2018-12-14,280.6
2018-12-17,280.15
2018-12-18,281.55
2018-12-19,282.35
2018-12-20,282.8
2018-12-21,284.4
2018-12-24,285.2
2018-12-25,286.55
2018-12-26,287.0
2018-12-27,286.85
2018-12-28,287.05
2019-01-02,287.9
2019-01-03,289.1
2019-01-04,290.4
2019-01-07,288.45
2019-01-08,288.1
2019-01-09,286.75
2019-01-10,286.9
2019-01-11,285.4
2019-01-14,284.6
2019-01-15,284.75
2019-01-16,284.8
2019-01-17,284.85
2019-01-18,285.15
2019-01-21,283.3
2019-01-22,282.8
2019-01-23,283.9
2019-01-24,283.45
2019-01-25,283.15
2019-01-28,284.85
2019-01-29,286.05
2019-01-30,287.25
2019-01-31,287.1
2019-02-01,288.4
2019-02-11,288.8
2019-02-12,288.55
2019-02-13,288.4
2019-02-14,288.35
2019-02-15,288.45
2019-02-18,290.3
2019-02-19,291.65
2019-02-20,293.45
2019-02-21,292.65
2019-02-22,290.5
2019-02-25,289.55
2019-02-26,288.9
2019-02-27,288.65
2019-02-28,287.2
2019-03-01,286.55
2019-03-04,283.6
2019-03-05,280.8
2019-03-06,281.0
2019-03-07,281.4
2019-03-08,282.15
2019-03-11,284.65
2019-03-12,283.9
2019-03-13,284.9
2019-03-14,285.7
2019-03-15,283.95
2019-03-18,284.75
2019-03-19,285.75
2019-03-20,285.95
2019-03-21,286.0
2019-03-22,286.3
2019-03-25,287.35
2019-03-26,288.65
2019-03-27,288.15
2019-03-28,287.55
2019-03-29,283.5
2019-04-01,282.9
2019-04-02,282.7
2019-04-03,282.95
2019-04-04,282.55
2019-04-08,283.8
2019-04-09,284.45
2019-04-10,285.35
2019-04-11,286.15
2019-04-12,283.75
2019-04-15,282.3
2019-04-16,281.5
2019-04-17,279.95
2019-04-18,278.75
2019-04-19,279.35
2019-04-22,280.15
2019-04-23,279.65
2019-04-24,278.7
2019-04-25,280.05
2019-04-26,281.25
2019-04-29,281.85
2019-04-30,281.1
2019-05-06,286.35
2019-05-07,285.65
2019-05-08,286.7
2019-05-09,286.8
2019-05-10,287.85
2019-05-13,288.9
2019-05-14,292.95
2019-05-15,292.1
2019-05-16,292.35
2019-05-17,291.0
2019-05-20,289.85
2019-05-21,289.4
2019-05-22,288.55
2019-05-23,289.3
2019-05-24,291.2
2019-05-27,291.0
2019-05-28,290.85
2019-05-29,290.35
2019-05-30,290.6
2019-05-31,292.2
2019-06-03,295.55
2019-06-04,298.65
2019-06-05,300.0
2019-06-06,301.75
2019-06-10,301.25
2019-06-11,300.5
2019-06-12,301.05
2019-06-13,302.35
2019-06-14,304.8
2019-06-17,305.65
2019-06-18,305.2
2019-06-19,304.45
2019-06-20,309.2
2019-06-21,313.35
2019-06-24,314.8
2019-06-25,319.75
2019-06-26,319.8
2019-06-27,316.8
2019-06-28,317.55
2019-07-01,312.9
2019-07-02,311.1
2019-07-03,318.15
2019-07-04,318.55
2019-07-05,318.25
2019-07-08,314.45
2019-07-09,314.15
2019-07-10,314.0
2019-07-11,317.75
2019-07-12,316.75
2019-07-15,317.15
2019-07-16,317.5
2019-07-17,316.45
2019-07-18,318.95
2019-07-19,321.9
2019-07-22,321.7
2019-07-23,319.45
2019-07-24,320.05
2019-07-25,320.0
2019-07-26,318.55
2019-07-29,319.7
2019-07-30,320.1
2019-07-31,321.5
2019-08-01,319.5
2019-08-02,321.2
2019-08-05,329.2
2019-08-06,337.05
2019-08-07,339.7
2019-08-08,346.25
2019-08-09,345.35
2019-08-12,346.05
2019-08-13,349.45
2019-08-14,344.9
2019-08-15,347.9
2019-08-16,348.55
2019-08-19,346.55
2019-08-20,344.9
2019-08-21,346.25
2019-08-22,346.25
2019-08-23,346.35
2019-08-26,354.1
2019-08-27,357.6
2019-08-28,359.6
2019-08-29,360.55
2019-08-30,357.95
2019-09-02,355.8
2019-09-03,357.2
2019-09-04,361.15
2019-09-05,360.45
2019-09-06,353.7
2019-09-09,351.4
2019-09-10,346.95
2019-09-11,346.05
2019-09-12,345.2
2019-09-16,346.4
2019-09-17,345.45
2019-09-18,346.85
2019-09-19,346.25
2019-09-20,346.6
2019-09-23,349.25
2019-09-24,352.3
2019-09-25,353.1
2019-09-26,350.95
2019-09-27,348.55
2019-09-30,345.25
2019-10-08,344.6
2019-10-09,348.85
2019-10-10,348.35
2019-10-11,345.1
2019-10-14,340.7
2019-10-15,341.85
2019-10-16,340.45
2019-10-17,341.95
2019-10-18,342.0
2019-10-21,341.65
2019-10-22,340.85
2019-10-23,340.9
2019-10-24,341.65
2019-10-25,343.75
2019-10-28,345.1
2019-10-29,341.65
2019-10-30,340.45
2019-10-31,341.2
2019-11-01,344.0
2019-11-04,343.85
2019-11-05,342.8
2019-11-06,337.15
2019-11-07,337.4
2019-11-08,332.4
2019-11-11,330.7
2019-11-12,329.6
2019-11-13,334.45
2019-11-14,336.45
2019-11-15,337.1
2019-11-18,336.45
2019-11-19,337.75
2019-11-20,338.35
2019-11-21,338.95
2019-11-22,337.55
2019-11-25,336.9
2019-11-26,334.8
2019-11-27,335.35
2019-11-28,334.85
2019-11-29,335.4
2019-12-02,335.8
2019-12-03,336.9
2019-12-04,341.9
2019-12-05,341.1
2019-12-06,340.2
2019-12-09,336.95
2019-12-10,336.76
2019-12-11,337.3
2019-12-12,338.44
2019-12-13,337.16
2019-12-16,336.76
2019-12-17,338.02
2019-12-18,338.06
2019-12-19,337.7
2019-12-20,338.48
2019-12-23,339.14
2019-12-24,340.92
2019-12-25,343.06
2019-12-26,343.78
2019-12-27,345.52
2019-12-30,345.76
2019-12-31,346.54
2020-01-02,346.14
2020-01-03,349.02
2020-01-06,354.96
2020-01-07,356.0
2020-01-08,359.36
2020-01-09,353.26
2020-01-10,349.72
2020-01-13,349.94
2020-01-14,345.98
2020-01-15,346.86
2020-01-16,348.06
2020-01-17,347.32
2020-01-20,347.8
2020-01-21,350.28
2020-01-22,348.48
2020-01-23,349.94
2020-02-03,359.2
2020-02-04,357.4
2020-02-05,353.6
2020-02-06,352.04
2020-02-07,354.88
2020-02-10,356.42
2020-02-11,355.0
2020-02-12,353.8
2020-02-13,355.98
2020-02-14,356.84
2020-02-17,358.1
2020-02-18,359.44
2020-02-19,363.9
2020-02-20,365.56
2020-02-21,370.54
2020-02-24,379.08
2020-02-25,374.24
2020-02-26,373.66
2020-02-27,374.7
2020-02-28,371.0
2020-03-02,360.94
2020-03-03,360.3
2020-03-04,368.8
2020-03-05,367.68
2020-03-06,375.84
2020-03-09,376.08
2020-03-10,370.42
2020-03-11,370.24
2020-03-12,367.36
2020-03-13,353.9
2020-03-16,346.44
2020-03-17,334.12
2020-03-18,341.04
2020-03-19,334.42
2020-03-20,337.82
2020-03-23,339.16
2020-03-24,357.7
2020-03-25,366.28
2020-03-26,363.5
2020-03-27,367.02
2020-03-30,365.4
2020-03-31,364.66
2020-04-01,357.68
2020-04-02,359.22
2020-04-03,363.92
2020-04-07,374.62
2020-04-08,370.34
2020-04-09,370.72
2020-04-10,374.22
2020-04-13,372.92
2020-04-14,377.42
2020-04-15,377.9
2020-04-16,377.48
2020-04-17,373.16
2020-04-20,369.76
2020-04-21,373.4
2020-04-22,373.62
2020-04-23,379.8
2020-04-24,381.1
2020-04-27,381.02
2020-04-28,376.84
2020-04-29,378.82
2020-04-30,379.12
2020-05-06,379.98
2020-05-07,378.48
2020-05-08,381.9
2020-05-11,381.8
2020-05-12,380.82
2020-05-13,381.52
2020-05-14,383.4
2020-05-15,387.82
2020-05-18,397.4
2020-05-19,395.44
2020-05-20,397.62
2020-05-21,396.94
2020-05-22,392.72
2020-05-25,394.1
2020-05-26,394.9
2020-05-27,392.2
2020-05-28,391.22
2020-05-29,394.08
2020-06-01,397.16
2020-06-02,397.06
2020-06-03,394.86
2020-06-04,389.54
2020-06-05,391.52
2020-06-08,384.32
2020-06-09,385.84
2020-06-10,390.34
2020-06-11,391.58
2020-06-12,393.78
2020-06-15,393.86
2020-06-16,391.12
2020-06-17,392.24
2020-06-18,392.28
2020-06-19,392.26
2020-06-22,396.32
2020-06-23,397.46
2020-06-24,399.34
2020-06-29,400.32
2020-06-30,400.24
2020-07-01,402.06
2020-07-02,399.42
2020-07-03,400.0
2020-07-06,399.96
2020-07-07,400.4
2020-07-08,401.9
2020-07-09,405.12
2020-07-10,402.96
2020-07-13,403.06
2020-07-14,403.36
2020-07-15,403.76
2020-07-16,402.92
2020-07-17,400.5
2020-07-20,401.08
2020-07-21,403.2
2020-07-22,411.94
2020-07-23,413.96
2020-07-24,418.82
2020-07-27,427.42
2020-07-28,432.68
2020-07-29,429.98
2020-07-30,430.6
2020-07-31,428.66
2020-08-03,431.3
2020-08-04,431.68
2020-08-05,438.94
2020-08-06,445.62
2020-08-07,450.46
2020-08-10,446.42
2020-08-11,443.8
2020-08-12,421.88
2020-08-13,417.54
2020-08-14,422.98
2020-08-17,422.62
2020-08-18,430.96
2020-08-19,431.76
2020-08-20,423.34
2020-08-21,417.86
2020-08-24,415.2
2020-08-25,417.1
2020-08-26,415.8
2020-08-27,419.42
2020-08-28,419.58
2020-08-31,422.94
2020-09-01,425.06
2020-09-02,424.68
2020-09-03,418.58
2020-09-04,416.54
2020-09-07,415.84
2020-09-08,415.98
2020-09-09,415.44
2020-09-10,419.32
2020-09-11,420.36
2020-09-14,418.92
2020-09-15,419.96
2020-09-16,418.0
2020-09-17,417.22
2020-09-18,415.16
2020-09-21,417.4
2020-09-22,407.74
2020-09-23,405.84
2020-09-24,399.58
2020-09-25,398.88
2020-09-28,399.78
2020-09-29,403.96
2020-09-30,406.6
2020-10-09,405.5
2020-10-12,409.32
2020-10-13,409.72
2020-10-14,403.08
2020-10-15,404.06
2020-10-16,404.24
2020-10-19,403.88
2020-10-20,403.56
2020-10-21,404.66
2020-10-22,405.6
2020-10-23,402.8
2020-10-26,402.02
2020-10-27,404.5
2020-10-28,405.44
2020-10-29,399.7
2020-10-30,397.4
2020-11-02,399.64
2020-11-03,401.78
2020-11-04,404.44
2020-11-05,402.68
2020-11-06,407.94
2020-11-09,409.22
2020-11-10,394.52
2020-11-11,395.22
2020-11-12,393.98
2020-11-13,396.24
2020-11-16,398.2
2020-11-17,396.26
2020-11-18,395.06
2020-11-19,393.08
2020-11-20,391.74
2020-11-23,392.72
2020-11-24,386.48
2020-11-25,379.44
2020-11-26,379.84
2020-11-27,380.8
2020-11-30,373.48
2020-12-01,372.28
2020-12-02,378.92
2020-12-03,381.9
2020-12-04,383.36
2020-12-07,383.18
2020-12-08,387.16
2020-12-09,388.74
2020-12-10,384.84
2020-12-11,384.14
2020-12-14,384.1
2020-12-15,382.88
2020-12-16,387.4
2020-12-17,388.38
2020-12-18,393.64
2020-12-21,395.84
2020-12-22,394.3
2020-12-23,392.64
2020-12-24,392.8
2020-12-25,393.22
2020-12-28,396.36
2020-12-29,395.62
2020-12-30,393.94
2020-12-31,395.1
2021-01-04,400.1
2021-01-05,402.92
2021-01-06,403.5
2021-01-07,398.78
2021-01-08,397.56
2021-01-11,385.68
2021-01-12,384.68
2021-01-13,386.18
2021-01-14,386.92
2021-01-15,387.88
2021-01-18,385.52
2021-01-19,387.34
2021-01-20,387.36
2021-01-21,390.14
2021-01-22,390.74
2021-01-25,389.08
2021-01-26,390.58
2021-01-27,388.46
2021-01-28,387.32
2021-01-29,388.18
2021-02-01,390.04
2021-02-02,392.34
2021-02-03,385.1
2021-02-04,382.94
2021-02-05,377.44
2021-02-08,379.38
2021-02-09,384.04
2021-02-10,384.9
2021-02-18,373.64
2021-02-19,373.5
2021-02-22,375.24
2021-02-23,380.0
2021-02-24,379.34
2021-02-25,376.08
2021-02-26,372.18
2021-03-01,365.4
2021-03-02,362.66
2021-03-03,363.32
2021-03-04,359.78
2021-03-05,358.48
2021-03-08,359.1
2021-03-09,357.52
2021-03-10,363.02
2021-03-11,364.36
2021-03-12,363.18
2021-03-15,362.02
2021-03-16,364.96
2021-03-17,365.76
2021-03-18,366.96
2021-03-19,365.38
2021-03-22,366.76
2021-03-23,366.16
2021-03-24,365.52
2021-03-25,367.16
2021-03-26,367.68
2021-03-29,366.74
2021-03-30,363.46
2021-03-31,357.54
2021-04-01,361.78
2021-04-02,367.84
2021-04-06,368.34
2021-04-07,369.0
2021-04-08,369.08
2021-04-09,372.72
2021-04-12,369.48
2021-04-13,367.08
2021-04-14,369.44
2021-04-15,367.62
2021-04-16,372.38
2021-04-19,375.72
2021-04-20,372.98
2021-04-21,374.16
2021-04-22,376.7
2021-04-23,375.04
2021-04-26,373.98
2021-04-27,373.3
2021-04-28,372.8
2021-04-29,373.02
2021-04-30,370.08
2021-05-06,375.18
2021-05-07,379.42
2021-05-10,381.88
2021-05-11,382.08
2021-05-12,380.8
2021-05-13,381.52
2021-05-14,381.22
2021-05-17,385.68
2021-05-18,389.46
2021-05-19,389.02
2021-05-20,391.24
2021-05-21,390.82
2021-05-24,391.5
2021-05-25,389.66
2021-05-26,392.26
2021-05-27,391.76
2021-05-28,392.68
2021-05-31,393.8
2021-06-01,395.54
2021-06-02,393.2
2021-06-03,390.44
2021-06-04,379.5
2021-06-07,385.5
2021-06-08,388.22
2021-06-09,387.76
2021-06-10,387.2
2021-06-11,389.08
2021-06-15,382.04
2021-06-16,381.52
2021-06-17,378.62
2021-06-18,371.14
2021-06-21,370.48
2021-06-22,373.32
2021-06-23,373.16
2021-06-24,373.72
2021-06-25,372.22
2021-06-28,371.94
2021-06-29,371.42
2021-06-30,367.4
2021-07-01,369.62
2021-07-02,371.96
2021-07-05,373.94
2021-07-06,375.36
2021-07-07,377.32
2021-07-08,377.18
2021-07-09,378.36
2021-07-12,378.32
2021-07-13,377.7
2021-07-14,379.0
2021-07-15,381.34
2021-07-16,381.5
2021-07-19,380.02
2021-07-20,379.98
2021-07-21,379.56
2021-07-22,376.56
2021-07-23,377.06
2021-07-26,377.66
2021-07-27,376.7
2021-07-28,379.12
2021-07-29,379.46
2021-07-30,382.1
2021-08-02,379.48
2021-08-03,378.48
2021-08-04,378.52
2021-08-05,379.5
2021-08-06,376.5
2021-08-09,367.46
2021-08-10,364.0
2021-08-11,362.64
2021-08-12,366.14
2021-08-13,366.96
2021-08-16,371.32
2021-08-17,373.72
2021-08-18,374.52
2021-08-19,373.68
2021-08-20,374.48
2021-08-23,374.16
2021-08-24,377.64
2021-08-25,376.96
2021-08-26,374.54
2021-08-27,375.72
2021-08-30,377.9
2021-08-31,378.72
2021-09-01,377.78
2021-09-02,378.66
2021-09-03,377.88
2021-09-06,380.64
2021-09-07,380.12
2021-09-08,375.98
2021-09-09,373.62
2021-09-10,374.12
2021-09-13,373.22
2021-09-14,373.8
2021-09-15,375.04
2021-09-16,372.94
2021-09-17,366.42
2021-09-22,372.28
2021-09-23,370.8
2021-09-24,366.56
2021-09-27,366.32
2021-09-28,366.56
2021-09-29,364.06
2021-09-30,363.32
2021-10-08,367.7
2021-10-11,368.9
2021-10-12,367.46
2021-10-13,368.24
2021-10-14,371.88
2021-10-15,373.76
2021-10-18,368.66
2021-10-19,367.9
2021-10-20,366.9
2021-10-21,369.22
2021-10-22,369.38
2021-10-25,371.34
2021-10-26,372.02
2021-10-27,368.52
2021-10-28,370.58
2021-10-29,371.76
2021-11-01,368.44
2021-11-02,370.66
2021-11-03,369.38
2021-11-04,366.12
2021-11-05,370.82
2021-11-08,374.5
2021-11-09,376.86
2021-11-10,377.48
2021-11-11,382.22
2021-11-12,384.06
2021-11-15,383.02
2021-11-16,384.04
2021-11-17,383.84
2021-11-18,383.88
2021-11-19,383.3
2021-11-22,381.94
2021-11-23,374.8
2021-11-24,369.22
2021-11-25,368.82
2021-11-26,371.0
2021-11-29,371.98
2021-11-30,369.68
2021-12-01,368.6
2021-12-02,368.0
2021-12-03,365.76
2021-12-06,366.92
2021-12-07,367.78
2021-12-08,367.7
2021-12-09,366.72
2021-12-10,367.0
2021-12-13,367.84
2021-12-14,368.54
2021-12-15,365.68
2021-12-16,365.8
2021-12-17,370.46
2021-12-20,373.1
2021-12-21,370.62
2021-12-22,369.9
2021-12-23,371.22
2021-12-24,372.84
2021-12-27,373.42
2021-12-28,373.32
2021-12-29,373.54
2021-12-30,370.76
2021-12-31,373.3
2022-01-04,371.9
2022-01-05,372.76
2022-01-06,373.42
2022-01-07,368.72
2022-01-10,368.62
2022-01-11,370.14
2022-01-12,372.62
2022-01-13,374.26
2022-01-14,373.7
2022-01-17,373.22
2022-01-18,372.34
2022-01-19,373.38
2022-01-20,376.98
2022-01-21,378.74
2022-01-24,377.48
2022-01-25,377.2
2022-01-26,378.72
2022-01-27,374.58
2022-01-28,370.8
2022-02-07,372.4
2022-02-08,374.1
2022-02-09,376.02
2022-02-10,377.02
2022-02-11,376.5
2022-02-14,379.34
2022-02-15,383.72
2022-02-16,379.22
2022-02-17,381.7
2022-02-18,386.98
2022-02-21,386.96
2022-02-22,389.16
2022-02-23,387.86
2022-02-24,391.56
2022-02-25,394.7
2022-02-28,387.0
2022-03-01,388.76
2022-03-02,392.56
2022-03-03,392.88
2022-03-04,394.34
2022-03-07,400.6
2022-03-08,403.64
2022-03-09,415.06
2022-03-10,404.5
2022-03-11,406.34
2022-03-14,403.22
2022-03-15,398.3
2022-03-16,392.84
2022-03-17,392.62
2022-03-18,397.14
2022-03-21,395.58
2022-03-22,396.16
2022-03-23,394.42
2022-03-24,398.32
2022-03-25,402.18
2022-03-28,400.68
2022-03-29,397.1
2022-03-30,392.22
2022-03-31,395.38
2022-04-01,396.66
2022-04-06,394.8
2022-04-07,394.94
2022-04-08,396.32
2022-04-11,398.98
2022-04-12,401.38
2022-04-13,403.56
2022-04-14,405.06
2022-04-15,404.8
2022-04-18,407.06
2022-04-19,406.52
2022-04-20,402.26
2022-04-21,403.4
2022-04-22,404.76
2022-04-25,405.18
2022-04-26,400.86
2022-04-27,401.86
2022-04-28,399.08
2022-04-29,404.04
2022-05-05,404.34
2022-05-06,403.88
2022-05-09,405.14
2022-05-10,403.58
2022-05-11,400.82
2022-05-12,402.16
2022-05-13,401.42
2022-05-16,396.38
2022-05-17,396.68
2022-05-18,394.8
2022-05-19,394.94
2022-05-20,397.5
2022-05-23,396.88
2022-05-24,397.14
2022-05-25,399.24
2022-05-26,399.12
2022-05-27,401.22
2022-05-30,400.76
2022-05-31,399.16
2022-06-01,397.48
2022-06-02,398.14
2022-06-06,397.9
2022-06-07,396.22
2022-06-08,397.94
2022-06-09,399.68
2022-06-10,398.04
2022-06-13,401.6
2022-06-14,398.52
2022-06-15,394.64
2022-06-16,395.08
2022-06-17,397.2
2022-06-20,398.2
2022-06-21,396.7
2022-06-22,396.42
2022-06-23,397.64
2022-06-24,395.78
2022-06-27,394.48
2022-06-28,394.36
2022-06-29,394.02
2022-06-30,393.62
2022-07-01,391.14
2022-07-04,389.4
2022-07-05,390.52
2022-07-06,384.76
2022-07-07,378.22
2022-07-08,376.86
2022-07-11,376.82
2022-07-12,377.98
2022-07-13,376.82
2022-07-14,376.88
2022-07-15,373.78
2022-07-18,373.96
2022-07-19,374.32
2022-07-20,374.22
2022-07-21,372.36
2022-07-22,374.72
2022-07-25,377.76
2022-07-26,376.46
2022-07-27,376.54
2022-07-28,378.06
2022-07-29,383.72
2022-08-01,385.36
2022-08-02,388.86
2022-08-03,388.34
2022-08-04,386.66
2022-08-05,390.22
2022-08-08,388.16
2022-08-09,390.52
2022-08-10,392.06
2022-08-11,390.7
2022-08-12,390.74
2022-08-15,392.06
2022-08-16,390.58
2022-08-17,390.18
2022-08-18,388.02
2022-08-19,387.54
2022-08-22,387.16
2022-08-23,386.66
2022-08-24,388.28
2022-08-25,390.04
2022-08-26,390.62
2022-08-29,388.88
2022-08-30,389.94
2022-08-31,387.86
2022-09-01,384.68
2022-09-02,382.22
2022-09-05,385.32
2022-09-06,387.86
2022-09-07,386.76
2022-09-08,388.32
2022-09-09,388.12
2022-09-13,389.28
2022-09-14,387.58
2022-09-15,386.9
2022-09-16,384.3
2022-09-19,384.8
2022-09-20,385.46
2022-09-21,385.38
2022-09-22,385.9
2022-09-23,387.56
2022-09-26,384.84
2022-09-27,384.26
2022-09-28,385.32
2022-09-29,388.68
2022-09-30,389.06
2022-10-10,394.74
2022-10-11,392.34
2022-10-12,392.64
2022-10-13,393.1
2022-10-14,391.64
2022-10-17,390.76
2022-10-18,391.3
2022-10-19,390.8
2022-10-20,388.88
2022-10-21,388.3
2022-10-24,390.42
2022-10-25,393.56
2022-10-26,394.0
2022-10-27,392.44
2022-10-28,393.14
2022-10-31,391.2
2022-11-01,391.32
2022-11-02,391.84
2022-11-03,391.98
2022-11-04,390.02
2022-11-07,392.6
2022-11-08,394.74
2022-11-09,400.1
2022-11-10,403.08
2022-11-11,407.8
2022-11-14,405.66
2022-11-15,405.4
2022-11-16,406.2
2022-11-17,407.82
2022-11-18,407.48
2022-11-21,405.28
2022-11-22,404.76
2022-11-23,404.66
2022-11-24,405.7
2022-11-25,407.38
2022-11-28,407.84
2022-11-29,407.3
2022-11-30,405.84
2022-12-01,404.78
2022-12-02,409.12
2022-12-05,407.68
2022-12-06,402.58
2022-12-07,401.98
2022-12-08,402.24
2022-12-09,403.3
2022-12-12,404.48
2022-12-13,403.26
2022-12-14,407.36
2022-12-15,406.2
2022-12-16,402.34
2022-12-19,404.58
2022-12-20,404.76
2022-12-21,408.68
2022-12-22,410.46
2022-12-23,408.14
2022-12-26,407.4
2022-12-27,407.26
2022-12-28,409.4
2022-12-29,408.72
2022-12-30,409.4
2023-01-03,410.98
2023-01-04,412.62
2023-01-05,414.54
2023-01-06,410.38
2023-01-09,412.28
2023-01-10,413.3
2023-01-11,414.32
2023-01-12,413.68
2023-01-13,415.02
2023-01-16,417.06
2023-01-17,418.94
2023-01-18,419.44
2023-01-19,419.76
2023-01-20,422.28
2023-01-30,421.92
2023-01-31,421.12
2023-02-01,420.74
2023-02-02,423.02
2023-02-03,421.3
2023-02-06,414.68
2023-02-07,412.94
2023-02-08,412.58
2023-02-09,412.98
2023-02-10,411.98
2023-02-13,412.18
2023-02-14,411.58
2023-02-15,412.6
2023-02-16,410.76
2023-02-17,410.94
2023-02-20,411.72
2023-02-21,412.26
2023-02-22,412.4
2023-02-23,412.62
2023-02-24,411.88
2023-02-27,412.5
2023-02-28,412.6
2023-03-01,413.28
2023-03-02,413.22
2023-03-03,414.7
2023-03-06,416.98
2023-03-07,418.82
2023-03-08,415.5
2023-03-09,413.98
2023-03-10,416.1
2023-03-13,419.36
2023-03-14,424.7
2023-03-15,426.02
2023-03-16,431.54
2023-03-17,431.76
2023-03-20,440.18
2023-03-21,442.16
2023-03-22,436.26
2023-03-23,437.18
2023-03-24,439.84
2023-03-27,441.24
2023-03-28,435.94
2023-03-29,438.02
2023-03-30,438.38
2023-03-31,439.68
2023-04-03,438.0
2023-04-04,440.42
2023-04-06,447.04
2023-04-07,446.34
2023-04-10,444.06
2023-04-11,442.98
2023-04-12,447.36
2023-04-13,447.52
2023-04-14,451.94
2023-04-17,445.44
2023-04-18,443.26
2023-04-19,445.16
2023-04-20,443.46
2023-04-21,444.64
2023-04-24,441.46
2023-04-25,442.9
2023-04-26,445.64
2023-04-27,446.94
2023-04-28,444.06
2023-05-04,456.4
2023-05-05,457.74
2023-05-08,450.22
2023-05-09,452.8
2023-05-10,454.2
2023-05-11,455.32
2023-05-12,453.2
2023-05-15,453.4
2023-05-16,453.42
2023-05-17,451.4
2023-05-18,449.06
2023-05-19,447.3
2023-05-22,448.38
2023-05-23,448.72
2023-05-24,449.62
2023-05-25,448.58
2023-05-26,445.82
2023-05-29,445.16
2023-05-30,445.2
2023-05-31,449.16
2023-06-01,452.12
2023-06-02,453.06
2023-06-05,449.14
2023-06-06,449.48
2023-06-07,451.44
2023-06-08,449.96
2023-06-09,451.58
2023-06-12,452.08
2023-06-13,452.16
2023-06-14,451.4
2023-06-15,450.04
2023-06-16,449.84
2023-06-19,450.84
2023-06-20,451.22
2023-06-21,449.34
2023-06-26,448.88
2023-06-27,449.74
2023-06-28,447.44
2023-06-29,447.58
2023-06-30,447.9
2023-07-03,450.0
2023-07-04,450.58
2023-07-05,450.3
2023-07-06,452.16
2023-07-07,449.9
2023-07-10,451.92
2023-07-11,451.66
