指标名称,期货收盘价(活跃合约):COMEX铜
2010-01-04,3.406
2010-01-05,3.4135
2010-01-06,3.4945
2010-01-07,3.427
2010-01-08,3.4005
2010-01-11,3.441
2010-01-12,3.3495
2010-01-13,3.4
2010-01-14,3.3875
2010-01-15,3.366
2010-01-19,3.447
2010-01-20,3.355
2010-01-21,3.295
2010-01-22,3.347
2010-01-25,3.393
2010-01-26,3.3395
2010-01-27,3.2225
2010-01-28,3.098
2010-01-29,3.0525
2010-02-01,3.0835
2010-02-02,3.0895
2010-02-03,2.9735
2010-02-04,2.879
2010-02-05,2.8575
2010-02-08,2.913
2010-02-09,2.987
2010-02-10,2.989
2010-02-11,3.1515
2010-02-12,3.102
2010-02-16,3.2395
2010-02-17,3.259
2010-02-18,3.3055
2010-02-19,3.379
2010-02-22,3.3285
2010-02-23,3.2345
2010-02-24,3.2535
2010-02-25,3.21
2010-02-26,3.284
2010-03-01,3.35
2010-03-02,3.4115
2010-03-03,3.435
2010-03-04,3.3755
2010-03-05,3.4175
2010-03-08,3.4105
2010-03-09,3.4115
2010-03-10,3.368
2010-03-11,3.377
2010-03-12,3.38
2010-03-15,3.315
2010-03-16,3.365
2010-03-17,3.418
2010-03-18,3.3955
2010-03-19,3.3725
2010-03-22,3.3805
2010-03-23,3.379
2010-03-24,3.3455
2010-03-25,3.3805
2010-03-26,3.403
2010-03-29,3.5355
2010-03-30,3.5635
2010-03-31,3.5535
2010-04-01,3.584
2010-04-05,3.6315
2010-04-06,3.617
2010-04-07,3.5975
2010-04-08,3.5865
2010-04-09,3.59
2010-04-12,3.5645
2010-04-13,3.6005
2010-04-14,3.6105
2010-04-15,3.621
2010-04-16,3.5355
2010-04-19,3.518
2010-04-20,3.5355
2010-04-21,3.5575
2010-04-22,3.5065
2010-04-23,3.5305
2010-04-26,3.548
2010-04-27,3.3825
2010-04-28,3.3865
2010-04-29,3.3505
2010-04-30,3.3535
2010-05-03,3.2935
2010-05-04,3.1785
2010-05-05,3.1515
2010-05-06,3.117
2010-05-07,3.1445
2010-05-10,3.228
2010-05-11,3.2065
2010-05-12,3.188
2010-05-13,3.2315
2010-05-14,3.134
2010-05-17,2.932
2010-05-18,3.031
2010-05-19,2.9595
2010-05-20,2.9445
2010-05-21,3.061
2010-05-24,3.1475
2010-05-25,3.042
2010-05-26,3.0805
2010-05-27,3.1585
2010-05-28,3.1045
2010-06-01,3.063
2010-06-02,3.0405
2010-06-03,2.9465
2010-06-04,2.8195
2010-06-07,2.766
2010-06-08,2.7795
2010-06-09,2.85
2010-06-10,2.8625
2010-06-11,2.904
2010-06-14,3.0125
2010-06-15,3.024
2010-06-16,3.0135
2010-06-17,2.924
2010-06-18,2.9015
2010-06-21,2.9595
2010-06-22,3.0105
2010-06-23,2.9545
2010-06-24,3.024
2010-06-25,3.111
2010-06-28,3.0895
2010-06-29,2.9305
2010-06-30,2.9505
2010-07-01,2.877
2010-07-02,2.916
2010-07-06,2.971
2010-07-07,3.015
2010-07-08,3.0155
2010-07-09,3.0535
2010-07-12,3.009
2010-07-13,3.0175
2010-07-14,3.0085
2010-07-15,3.012
2010-07-16,2.9295
2010-07-19,2.938
2010-07-20,3.0015
2010-07-21,3.093
2010-07-22,3.1645
2010-07-23,3.185
2010-07-26,3.223
2010-07-27,3.2065
2010-07-28,3.2455
2010-07-29,3.29
2010-07-30,3.3115
2010-08-02,3.3895
2010-08-03,3.3585
2010-08-04,3.4045
2010-08-05,3.3535
2010-08-06,3.343
2010-08-09,3.354
2010-08-10,3.3125
2010-08-11,3.2755
2010-08-12,3.3055
2010-08-13,3.2725
2010-08-16,3.3005
2010-08-17,3.3585
2010-08-18,3.3705
2010-08-19,3.3395
2010-08-20,3.3115
2010-08-23,3.3125
2010-08-24,3.262
2010-08-25,3.2315
2010-08-26,3.3255
2010-08-27,3.3845
2010-08-30,3.4295
2010-08-31,3.37
2010-09-01,3.4775
2010-09-02,3.4955
2010-09-03,3.5
2010-09-07,3.4705
2010-09-08,3.5005
2010-09-09,3.4435
2010-09-10,3.4065
2010-09-13,3.479
2010-09-14,3.4685
2010-09-15,3.4665
2010-09-16,3.4935
2010-09-17,3.522
2010-09-20,3.5045
2010-09-21,3.481
2010-09-22,3.565
2010-09-23,3.5905
2010-09-24,3.618
2010-09-27,3.597
2010-09-28,3.637
2010-09-29,3.6615
2010-09-30,3.6515
2010-10-01,3.6905
2010-10-04,3.664
2010-10-05,3.7265
2010-10-06,3.753
2010-10-07,3.6795
2010-10-08,3.7745
2010-10-11,3.7895
2010-10-12,3.7895
2010-10-13,3.8205
2010-10-14,3.8155
2010-10-15,3.839
2010-10-18,3.855
2010-10-19,3.7575
2010-10-20,3.7935
2010-10-21,3.7815
2010-10-22,3.797
2010-10-25,3.863
2010-10-26,3.869
2010-10-27,3.7755
2010-10-28,3.7875
2010-10-29,3.7335
2010-11-01,3.785
2010-11-02,3.839
2010-11-03,3.785
2010-11-04,3.912
2010-11-05,3.9485
2010-11-08,3.9565
2010-11-09,4.043
2010-11-10,3.969
2010-11-11,4.0295
2010-11-12,3.898
2010-11-15,3.9245
2010-11-16,3.731
2010-11-17,3.734
2010-11-18,3.8385
2010-11-19,3.8425
2010-11-22,3.762
2010-11-23,3.711
2010-11-24,3.7665
2010-11-26,3.7625
2010-11-29,3.7675
2010-11-30,3.8255
2010-12-01,3.9475
2010-12-02,3.979
2010-12-03,3.999
2010-12-06,4.008
2010-12-07,4.0495
2010-12-08,4.1005
2010-12-09,4.087
2010-12-10,4.112
2010-12-13,4.207
2010-12-14,4.209
2010-12-15,4.1325
2010-12-16,4.116
2010-12-17,4.159
2010-12-20,4.206
2010-12-21,4.276
2010-12-22,4.275
2010-12-23,4.2585
2010-12-27,4.28
2010-12-28,4.328
2010-12-29,4.3115
2010-12-30,4.3625
2010-12-31,4.447
2011-01-03,4.454
2011-01-04,4.316
2011-01-06,4.337
2011-01-07,4.284
2011-01-10,4.291
2011-01-11,4.374
2011-01-12,4.403
2011-01-13,4.378
2011-01-14,4.435
2011-01-18,4.442
2011-01-19,4.385
2011-01-20,4.286
2011-01-21,4.313
2011-01-24,4.323
2011-01-25,4.307
2011-01-26,4.299
2011-01-27,4.307
2011-01-28,4.355
2011-01-31,4.476
2011-02-01,4.557
2011-02-02,4.554
2011-02-03,4.547
2011-02-04,4.592
2011-02-07,4.555
2011-02-08,4.572
2011-02-09,4.566
2011-02-10,4.558
2011-02-11,4.551
2011-02-14,4.632
2011-02-15,4.545
2011-02-16,4.521
2011-02-17,4.52
2011-02-18,4.492
2011-02-22,4.345
2011-02-23,4.343
2011-02-24,4.355
2011-02-25,4.47
2011-02-28,4.469
2011-03-01,4.468
2011-03-02,4.499
2011-03-03,4.498
2011-03-04,4.495
2011-03-07,4.317
2011-03-08,4.332
2011-03-09,4.206
2011-03-10,4.203
2011-03-11,4.228
2011-03-14,4.171
2011-03-15,4.195
2011-03-16,4.202
2011-03-17,4.336
2011-03-18,4.361
2011-03-21,4.305
2011-03-22,4.32
2011-03-23,4.414
2011-03-24,4.407
2011-03-25,4.424
2011-03-28,4.332
2011-03-29,4.343
2011-03-30,4.297
2011-03-31,4.302
2011-04-01,4.256
2011-04-04,4.27
2011-04-05,4.302
2011-04-06,4.363
2011-04-07,4.436
2011-04-08,4.506
2011-04-11,4.462
2011-04-12,4.377
2011-04-13,4.312
2011-04-14,4.312
2011-04-15,4.275
2011-04-18,4.216
2011-04-19,4.297
2011-04-20,4.355
2011-04-21,4.404
2011-04-25,4.289
2011-04-26,4.324
2011-04-27,4.318
2011-04-28,4.231
2011-04-29,4.19
2011-05-02,4.22
2011-05-03,4.207
2011-05-04,4.128
2011-05-05,4.024
2011-05-06,3.969
2011-05-09,4.041
2011-05-10,4.035
2011-05-11,3.92
2011-05-12,3.971
2011-05-13,4.005
2011-05-16,3.965
2011-05-17,4.029
2011-05-18,4.111
2011-05-19,4.067
2011-05-20,4.101
2011-05-23,4.002
2011-05-24,4.046
2011-05-25,4.116
2011-05-26,4.119
2011-05-27,4.182
2011-05-31,4.165
2011-06-01,4.098
2011-06-02,4.126
2011-06-03,4.127
2011-06-06,4.129
2011-06-07,4.104
2011-06-08,4.106
2011-06-09,4.111
2011-06-10,4.039
2011-06-13,4.075
2011-06-14,4.165
2011-06-15,4.145
2011-06-16,4.126
2011-06-17,4.118
2011-06-20,4.085
2011-06-21,4.1
2011-06-22,4.066
2011-06-23,4.091
2011-06-24,4.107
2011-06-27,4.077
2011-06-28,4.129
2011-06-29,4.23
2011-06-30,4.253
2011-07-01,4.31
2011-07-05,4.329
2011-07-06,4.352
2011-07-07,4.397
2011-07-08,4.395
2011-07-11,4.358
2011-07-12,4.422
2011-07-13,4.405
2011-07-14,4.394
2011-07-15,4.418
2011-07-18,4.42
2011-07-19,4.458
2011-07-20,4.436
2011-07-21,4.3835
2011-07-22,4.41
2011-07-25,4.4065
2011-07-26,4.472
2011-07-27,4.444
2011-07-28,4.478
2011-07-29,4.423
2011-08-01,4.418
2011-08-02,4.393
2011-08-03,4.349
2011-08-04,4.237
2011-08-05,4.185
2011-08-08,3.931
2011-08-09,4.029
2011-08-10,3.901
2011-08-11,4.0085
2011-08-12,4.021
2011-08-15,4.041
2011-08-16,4.003
2011-08-17,4.0415
2011-08-18,3.975
2011-08-19,3.991
2011-08-22,3.991
2011-08-23,4.004
2011-08-24,4.005
2011-08-25,4.087
2011-08-26,4.107
2011-08-29,4.098
2011-08-30,4.13
2011-08-31,4.194
2011-09-01,4.1495
2011-09-02,4.1245
2011-09-06,4.056
2011-09-07,4.132
2011-09-08,4.1435
2011-09-09,4.0025
2011-09-12,3.9655
2011-09-13,3.97
2011-09-14,3.898
2011-09-15,3.957
2011-09-16,3.9315
2011-09-19,3.7825
2011-09-20,3.7255
2011-09-21,3.764
2011-09-22,3.4885
2011-09-23,3.366
2011-09-26,3.283
2011-09-27,3.4395
2011-09-28,3.18
2011-09-29,3.246
2011-09-30,3.152
2011-10-03,3.1505
2011-10-04,3.1035
2011-10-05,3.106
2011-10-06,3.2465
2011-10-07,3.2735
2011-10-10,3.368
2011-10-11,3.272
2011-10-12,3.3935
2011-10-13,3.307
2011-10-14,3.4085
2011-10-17,3.332
2011-10-18,3.374
2011-10-19,3.2285
2011-10-20,3.0575
2011-10-21,3.223
2011-10-24,3.449
2011-10-25,3.473
2011-10-26,3.517
2011-10-27,3.691
2011-10-28,3.693
2011-10-31,3.632
2011-11-01,3.5025
2011-11-02,3.581
2011-11-03,3.5885
2011-11-04,3.5645
2011-11-07,3.5355
2011-11-08,3.533
2011-11-09,3.441
2011-11-10,3.374
2011-11-11,3.483
2011-11-14,3.507
2011-11-15,3.52
2011-11-16,3.503
2011-11-17,3.401
2011-11-18,3.402
2011-11-21,3.3195
2011-11-22,3.348
2011-11-23,3.2775
2011-11-25,3.284
2011-11-28,3.3715
2011-11-29,3.3905
2011-11-30,3.5755
2011-12-01,3.5445
2011-12-02,3.5855
2011-12-05,3.5575
2011-12-06,3.5755
2011-12-07,3.56
2011-12-08,3.4945
2011-12-09,3.5575
2011-12-12,3.4575
2011-12-13,3.3875
2011-12-14,3.2845
2011-12-15,3.267
2011-12-16,3.331
2011-12-19,3.3095
2011-12-20,3.37
2011-12-21,3.383
2011-12-22,3.4155
2011-12-23,3.45
2011-12-27,3.415
2011-12-28,3.3665
2011-12-29,3.376
2011-12-30,3.422
2012-01-03,3.5285
2012-01-04,3.439
2012-01-05,3.424
2012-01-06,3.428
2012-01-09,3.426
2012-01-10,3.4965
2012-01-11,3.541
2012-01-12,3.64
2012-01-13,3.6475
2012-01-17,3.71
2012-01-18,3.7525
2012-01-19,3.799
2012-01-20,3.754
2012-01-23,3.807
2012-01-24,3.818
2012-01-25,3.843
2012-01-26,3.882
2012-01-27,3.892
2012-01-30,3.8345
2012-01-31,3.8
2012-02-01,3.823
2012-02-02,3.7945
2012-02-03,3.9015
2012-02-06,3.8875
2012-02-07,3.87
2012-02-08,3.895
2012-02-09,3.9655
2012-02-10,3.865
2012-02-13,3.855
2012-02-14,3.8365
2012-02-15,3.816
2012-02-16,3.816
2012-02-17,3.74
2012-02-21,3.8255
2012-02-22,3.843
2012-02-23,3.83
2012-02-24,3.85
2012-02-27,3.8755
2012-02-28,3.9055
2012-02-29,3.8735
2012-03-01,3.9265
2012-03-02,3.9135
2012-03-05,3.8695
2012-03-06,3.74
2012-03-07,3.771
2012-03-08,3.7915
2012-03-09,3.847
2012-03-12,3.8375
2012-03-13,3.9025
2012-03-14,3.848
2012-03-15,3.8975
2012-03-16,3.878
2012-03-19,3.909
2012-03-20,3.8445
2012-03-22,3.7715
2012-03-23,3.769
2012-03-26,3.893
2012-03-27,3.87
2012-03-28,3.8055
2012-03-29,3.8005
2012-03-30,3.8205
2012-04-02,3.91
2012-04-03,3.8975
2012-04-04,3.8
2012-04-05,3.798
2012-04-09,3.72
2012-04-10,3.65
2012-04-11,3.641
2012-04-12,3.711
2012-04-13,3.63
2012-04-16,3.6385
2012-04-17,3.64
2012-04-18,3.6385
2012-04-19,3.636
2012-04-20,3.7065
2012-04-23,3.65
2012-04-24,3.671
2012-04-25,3.7105
2012-04-26,3.7835
2012-04-27,3.8255
2012-04-30,3.8365
2012-05-01,3.8345
2012-05-02,3.789
2012-05-03,3.736
2012-05-04,3.724
2012-05-07,3.755
2012-05-08,3.697
2012-05-09,3.67
2012-05-10,3.67
2012-05-11,3.6295
2012-05-14,3.5355
2012-05-15,3.5
2012-05-16,3.475
2012-05-17,3.468
2012-05-18,3.448
2012-05-21,3.5305
2012-05-22,3.468
2012-05-23,3.467
2012-05-24,3.4305
2012-05-25,3.44
2012-05-29,3.4715
2012-05-30,3.3845
2012-05-31,3.364
2012-06-01,3.3135
2012-06-04,3.307
2012-06-05,3.305
2012-06-06,3.379
2012-06-07,3.3695
2012-06-08,3.319
2012-06-11,3.3075
2012-06-12,3.345
2012-06-13,3.32
2012-06-14,3.3625
2012-06-18,3.3935
2012-06-19,3.425
2012-06-20,3.394
2012-06-21,3.315
2012-06-22,3.317
2012-06-25,3.3345
2012-06-26,3.3275
2012-06-27,3.347
2012-06-28,3.3495
2012-06-29,3.492
2012-07-02,3.474
2012-07-03,3.53
2012-07-05,3.4965
2012-07-06,3.418
2012-07-09,3.434
2012-07-10,3.3945
2012-07-11,3.424
2012-07-12,3.427
2012-07-13,3.49
2012-07-16,3.5
2012-07-17,3.4715
2012-07-18,3.4735
2012-07-19,3.5255
2012-07-20,3.448
2012-07-23,3.3815
2012-07-24,3.3665
2012-07-25,3.38
2012-07-26,3.388
2012-07-27,3.426
2012-07-30,3.416
2012-07-31,3.4175
2012-08-01,3.375
2012-08-02,3.2905
2012-08-03,3.3675
2012-08-06,3.389
2012-08-07,3.428
2012-08-08,3.4185
2012-08-09,3.425
2012-08-10,3.3925
2012-08-13,3.3695
2012-08-14,3.371
2012-08-15,3.37
2012-08-16,3.3905
2012-08-17,3.42
2012-08-20,3.379
2012-08-21,3.44
2012-08-22,3.47
2012-08-23,3.4785
2012-08-24,3.49
2012-08-27,3.483
2012-08-28,3.469
2012-08-29,3.449
2012-08-30,3.447
2012-08-31,3.4535
2012-09-04,3.4695
2012-09-05,3.529
2012-09-06,3.5145
2012-09-07,3.64
2012-09-10,3.667
2012-09-11,3.691
2012-09-12,3.689
2012-09-13,3.7265
2012-09-14,3.8325
2012-09-17,3.76
2012-09-18,3.787
2012-09-19,3.814
2012-09-20,3.785
2012-09-21,3.789
2012-09-24,3.74
2012-09-25,3.7285
2012-09-26,3.7155
2012-09-27,3.7415
2012-09-28,3.758
2012-10-01,3.7855
2012-10-02,3.795
2012-10-03,3.784
2012-10-04,3.786
2012-10-05,3.77
2012-10-08,3.732
2012-10-09,3.72
2012-10-10,3.715
2012-10-11,3.743
2012-10-12,3.699
2012-10-15,3.7015
2012-10-16,3.7055
2012-10-17,3.7435
2012-10-18,3.736
2012-10-19,3.6375
2012-10-22,3.622
2012-10-23,3.5695
2012-10-24,3.5705
2012-10-25,3.5505
2012-10-26,3.5555
2012-10-29,3.4945
2012-10-30,3.511
2012-10-31,3.516
2012-11-01,3.5545
2012-11-02,3.486
2012-11-05,3.4805
2012-11-06,3.515
2012-11-07,3.4415
2012-11-08,3.4695
2012-11-09,3.4475
2012-11-12,3.4645
2012-11-13,3.4865
2012-11-14,3.4695
2012-11-15,3.473
2012-11-16,3.47
2012-11-19,3.53
2012-11-20,3.537
2012-11-21,3.5195
2012-11-23,3.539
2012-11-26,3.546
2012-11-27,3.549
2012-11-28,3.5475
2012-11-29,3.598
2012-11-30,3.6385
2012-12-03,3.651
2012-12-04,3.6555
2012-12-05,3.671
2012-12-06,3.649
2012-12-07,3.663
2012-12-10,3.7025
2012-12-11,3.694
2012-12-12,3.706
2012-12-13,3.67
2012-12-14,3.6705
2012-12-17,3.6775
2012-12-18,3.6525
2012-12-19,3.6045
2012-12-20,3.535
2012-12-21,3.56
2012-12-24,3.546
2012-12-26,3.5965
2012-12-27,3.602
2012-12-28,3.5895
2012-12-31,3.64
2013-01-02,3.728
2013-01-03,3.696
2013-01-04,3.704
2013-01-07,3.6855
2013-01-08,3.679
2013-01-09,3.6735
2013-01-10,3.713
2013-01-11,3.6675
2013-01-14,3.648
2013-01-15,3.635
2013-01-16,3.62
2013-01-17,3.6525
2013-01-18,3.679
2013-01-22,3.6865
2013-01-23,3.695
2013-01-24,3.6855
2013-01-25,3.66
2013-01-28,3.6555
2013-01-29,3.6855
2013-01-30,3.744
2013-01-31,3.732
2013-02-01,3.732
2013-02-04,3.78
2013-02-05,3.7675
2013-02-06,3.746
2013-02-07,3.7385
2013-02-08,3.759
2013-02-11,3.722
2013-02-12,3.744
2013-02-13,3.737
2013-02-14,3.737
2013-02-15,3.748
2013-02-19,3.693
2013-02-20,3.6225
2013-02-21,3.576
2013-02-22,3.5495
2013-02-25,3.5625
2013-02-26,3.582
2013-02-27,3.57
2013-02-28,3.548
2013-03-01,3.5
2013-03-04,3.5015
2013-03-05,3.527
2013-03-06,3.493
2013-03-07,3.519
2013-03-08,3.5075
2013-03-11,3.514
2013-03-13,3.548
2013-03-14,3.536
2013-03-15,3.5255
2013-03-18,3.433
2013-03-19,3.406
2013-03-20,3.447
2013-03-21,3.432
2013-03-22,3.465
2013-03-25,3.4595
2013-03-26,3.4415
2013-03-27,3.4335
2013-03-28,3.407
2013-04-01,3.368
2013-04-02,3.377
2013-04-03,3.339
2013-04-04,3.351
2013-04-05,3.347
2013-04-08,3.3735
2013-04-09,3.432
2013-04-10,3.417
2013-04-11,3.438
2013-04-12,3.37
2013-04-15,3.251
2013-04-16,3.292
2013-04-17,3.208
2013-04-18,3.1625
2013-04-19,3.17
2013-04-22,3.142
2013-04-23,3.118
2013-04-24,3.166
2013-04-25,3.253
2013-04-26,3.225
2013-04-29,3.22
2013-04-30,3.1815
2013-05-01,3.0825
2013-05-02,3.1005
2013-05-03,3.3045
2013-05-06,3.2985
2013-05-07,3.2765
2013-05-08,3.3715
2013-05-09,3.3355
2013-05-10,3.335
2013-05-13,3.3585
2013-05-14,3.291
2013-05-15,3.277
2013-05-16,3.279
2013-05-17,3.32
2013-05-20,3.3375
2013-05-21,3.33
2013-05-22,3.361
2013-05-23,3.308
2013-05-24,3.2885
2013-05-28,3.333
2013-05-29,3.28
2013-05-30,3.319
2013-05-31,3.307
2013-06-03,3.3375
2013-06-04,3.3545
2013-06-05,3.39
2013-06-06,3.3235
2013-06-07,3.2895
2013-06-10,3.228
2013-06-11,3.188
2013-06-12,3.215
2013-06-13,3.219
2013-06-14,3.196
2013-06-17,3.1965
2013-06-18,3.17
2013-06-19,3.141
2013-06-20,3.065
2013-06-21,3.091
2013-06-24,3.03
2013-06-25,3.07
2013-06-26,3.052
2013-06-27,3.0595
2013-06-28,3.0585
2013-07-01,3.165
2013-07-02,3.1315
2013-07-03,3.17
2013-07-05,3.07
2013-07-08,3.101
2013-07-09,3.0525
2013-07-10,3.0935
2013-07-11,3.1945
2013-07-12,3.154
2013-07-15,3.1275
2013-07-16,3.1745
2013-07-17,3.1555
2013-07-18,3.1265
2013-07-19,3.14
2013-07-22,3.194
2013-07-23,3.209
2013-07-24,3.186
2013-07-25,3.185
2013-07-26,3.115
2013-07-29,3.1105
2013-07-30,3.043
2013-07-31,3.098
2013-08-01,3.1725
2013-08-02,3.1995
2013-08-05,3.1675
2013-08-06,3.1765
2013-08-07,3.173
2013-08-08,3.267
2013-08-09,3.315
2013-08-12,3.3035
2013-08-13,3.305
2013-08-14,3.341
2013-08-15,3.328
2013-08-16,3.373
2013-08-19,3.328
2013-08-20,3.3335
2013-08-21,3.3105
2013-08-22,3.333
2013-08-23,3.362
2013-08-26,3.3215
2013-08-27,3.33
2013-08-28,3.315
2013-08-29,3.266
2013-08-30,3.236
2013-09-03,3.3125
2013-09-04,3.246
2013-09-05,3.2375
2013-09-06,3.262
2013-09-09,3.282
2013-09-10,3.266
2013-09-11,3.265
2013-09-12,3.21
2013-09-13,3.207
2013-09-16,3.23
2013-09-17,3.226
2013-09-18,3.27
2013-09-19,3.349
2013-09-20,3.338
2013-09-23,3.297
2013-09-24,3.255
2013-09-25,3.273
2013-09-26,3.306
2013-09-27,3.324
2013-09-30,3.331
2013-10-01,3.273
2013-10-02,3.311
2013-10-03,3.269
2013-10-04,3.31
2013-10-07,3.29
2013-10-08,3.295
2013-10-09,3.227
2013-10-10,3.2445
2013-10-11,3.269
2013-10-14,3.3045
2013-10-15,3.304
2013-10-16,3.3185
2013-10-17,3.286
2013-10-18,3.295
2013-10-21,3.303
2013-10-22,3.34
2013-10-23,3.27
2013-10-24,3.265
2013-10-25,3.246
2013-10-28,3.265
2013-10-29,3.2805
2013-10-30,3.326
2013-10-31,3.305
2013-11-01,3.321
2013-11-04,3.271
2013-11-05,3.261
2013-11-06,3.236
2013-11-07,3.23
2013-11-08,3.254
2013-11-11,3.248
2013-11-12,3.233
2013-11-13,3.1635
2013-11-14,3.173
2013-11-15,3.1805
2013-11-18,3.1605
2013-11-19,3.1665
2013-11-20,3.179
2013-11-21,3.198
2013-11-22,3.216
2013-11-25,3.237
2013-11-26,3.2075
2013-11-27,3.217
2013-12-02,3.1825
2013-12-03,3.1675
2013-12-04,3.2375
2013-12-05,3.2225
2013-12-06,3.25
2013-12-09,3.2575
2013-12-10,3.258
2013-12-11,3.2945
2013-12-12,3.293
2013-12-13,3.314
2013-12-16,3.328
2013-12-17,3.325
2013-12-18,3.316
2013-12-19,3.293
2013-12-20,3.31
2013-12-23,3.309
2013-12-24,3.33
2013-12-26,3.3825
2013-12-27,3.3885
2013-12-30,3.3795
2013-12-31,3.3725
2014-01-02,3.386
2014-01-03,3.3525
2014-01-06,3.358
2014-01-07,3.347
2014-01-08,3.3505
2014-01-09,3.296
2014-01-10,3.336
2014-01-13,3.339
2014-01-14,3.331
2014-01-15,3.3475
2014-01-16,3.3375
2014-01-17,3.344
2014-01-21,3.3445
2014-01-22,3.332
2014-01-23,3.325
2014-01-24,3.283
2014-01-27,3.2585
2014-01-28,3.2505
2014-01-29,3.244
2014-01-30,3.2275
2014-01-31,3.195
2014-02-03,3.18
2014-02-04,3.192
2014-02-05,3.2
2014-02-06,3.228
2014-02-07,3.246
2014-02-10,3.216
2014-02-11,3.2265
2014-02-12,3.255
2014-02-13,3.2355
2014-02-14,3.256
2014-02-18,3.275
2014-02-19,3.284
2014-02-20,3.26
2014-02-21,3.2545
2014-02-24,3.2315
2014-02-25,3.2225
2014-02-26,3.233
2014-02-27,3.188
2014-02-28,3.188
2014-03-03,3.164
2014-03-04,3.2175
2014-03-05,3.204
2014-03-06,3.215
2014-03-07,3.0845
2014-03-10,3.03
2014-03-11,2.95
2014-03-12,2.94
2014-03-13,2.958
2014-03-14,2.9525
2014-03-17,2.9495
2014-03-18,2.9495
2014-03-19,2.921
2014-03-20,2.92
2014-03-21,2.973
2014-03-24,2.9475
2014-03-25,2.9915
2014-03-26,2.9685
2014-03-27,2.9935
2014-03-28,3.039
2014-04-01,3.0385
2014-04-02,3.036
2014-04-03,3.0325
2014-04-04,3.026
2014-04-08,3.057
2014-04-09,3.0425
2014-04-10,3.039
2014-04-11,3.042
2014-04-14,3.031
2014-04-15,2.976
2014-04-16,3.018
2014-04-17,3.038
2014-04-21,3.03
2014-04-22,3.036
2014-04-23,3.0395
2014-04-24,3.088
2014-04-25,3.089
2014-04-28,3.089
2014-04-29,3.073
2014-04-30,3.027
2014-05-01,3.0225
2014-05-02,3.065
2014-05-05,3.0505
2014-05-06,3.06
2014-05-07,3.0285
2014-05-08,3.063
2014-05-09,3.084
2014-05-12,3.147
2014-05-13,3.136
2014-05-14,3.161
2014-05-15,3.15
2014-05-16,3.143
2014-05-19,3.167
2014-05-20,3.147
2014-05-21,3.114
2014-05-22,3.12
2014-05-23,3.165
2014-05-27,3.172
2014-05-28,3.1755
2014-05-29,3.144
2014-05-30,3.125
2014-06-02,3.1675
2014-06-03,3.1365
2014-06-04,3.093
2014-06-05,3.09
2014-06-06,3.0375
2014-06-09,3.041
2014-06-10,3.049
2014-06-11,3.0485
2014-06-12,3.036
2014-06-13,3.04
2014-06-16,3.04
2014-06-17,3.058
2014-06-18,3.0715
2014-06-19,3.0685
2014-06-20,3.1125
2014-06-23,3.15
2014-06-24,3.143
2014-06-25,3.168
2014-06-26,3.16
2014-06-27,3.177
2014-06-30,3.185
2014-07-01,3.2025
2014-07-02,3.263
2014-07-03,3.279
2014-07-07,3.26
2014-07-08,3.257
2014-07-09,3.251
2014-07-10,3.267
2014-07-11,3.2725
2014-07-14,3.252
2014-07-15,3.2485
2014-07-16,3.2255
2014-07-17,3.22
2014-07-18,3.18
2014-07-21,3.1985
2014-07-22,3.2225
2014-07-23,3.207
2014-07-24,3.25
2014-07-25,3.266
2014-07-28,3.241
2014-07-29,3.2215
2014-07-30,3.24
2014-07-31,3.229
2014-08-01,3.2185
2014-08-04,3.24
2014-08-05,3.203
2014-08-06,3.165
2014-08-07,3.172
2014-08-08,3.1675
2014-08-11,3.174
2014-08-12,3.159
2014-08-13,3.115
2014-08-14,3.11
2014-08-15,3.11
2014-08-18,3.1335
2014-08-19,3.1255
2014-08-20,3.144
2014-08-21,3.195
2014-08-22,3.218
2014-08-25,3.232
2014-08-26,3.221
2014-08-27,3.198
2014-08-28,3.15
2014-08-29,3.167
2014-09-02,3.156
2014-09-03,3.133
2014-09-04,3.1455
2014-09-05,3.157
2014-09-08,3.172
2014-09-09,3.1
2014-09-10,3.11
2014-09-11,3.0975
2014-09-12,3.097
2014-09-15,3.09
2014-09-16,3.167
2014-09-17,3.1455
2014-09-18,3.093
2014-09-19,3.0895
2014-09-22,3.0385
2014-09-23,3.033
2014-09-24,3.0425
2014-09-25,3.031
2014-09-26,3.0395
2014-09-29,3.04
2014-09-30,3.022
2014-10-01,3.028
2014-10-02,2.9995
2014-10-03,2.9995
2014-10-06,3.02
2014-10-07,3.034
2014-10-08,3.0055
2014-10-09,3.047
2014-10-10,3.0215
2014-10-13,3.03
2014-10-14,3.092
2014-10-15,3.0175
2014-10-16,2.979
2014-10-17,2.992
2014-10-20,2.9855
2014-10-21,3.025
2014-10-22,3.016
2014-10-23,3.046
2014-10-24,3.0415
2014-10-27,3.07
2014-10-28,3.09
2014-10-29,3.104
2014-10-30,3.05
2014-10-31,3.0525
2014-11-03,3.06
2014-11-04,3.005
2014-11-05,3.0035
2014-11-06,3.014
2014-11-07,3.034
2014-11-10,3.015
2014-11-11,3.027
2014-11-12,3.026
2014-11-13,3.009
2014-11-14,3.04
2014-11-17,3.0285
2014-11-18,2.994
2014-11-19,3.031
2014-11-20,3.02
2014-11-21,3.0295
2014-11-24,3.0285
2014-11-25,2.985
2014-11-26,2.954
2014-11-28,2.8485
2014-12-01,2.898
2014-12-02,2.8875
2014-12-03,2.8665
2014-12-04,2.9145
2014-12-05,2.9055
2014-12-08,2.902
2014-12-09,2.9235
2014-12-10,2.895
2014-12-11,2.924
2014-12-12,2.9325
2014-12-15,2.885
2014-12-16,2.8635
2014-12-17,2.8705
2014-12-18,2.848
2014-12-19,2.8975
2014-12-22,2.8755
2014-12-23,2.8675
2014-12-24,2.85
2014-12-26,2.814
2014-12-29,2.818
2014-12-30,2.86
2014-12-31,2.8275
2015-01-02,2.814
2015-01-05,2.765
2015-01-06,2.767
2015-01-07,2.7725
2015-01-08,2.762
2015-01-09,2.757
2015-01-12,2.72
2015-01-13,2.643
2015-01-14,2.518
2015-01-15,2.5665
2015-01-16,2.615
2015-01-20,2.566
2015-01-21,2.6
2015-01-22,2.5725
2015-01-23,2.492
2015-01-26,2.539
2015-01-27,2.45
2015-01-28,2.4815
2015-01-29,2.457
2015-01-30,2.467
2015-02-02,2.491
2015-02-03,2.552
2015-02-04,2.582
2015-02-05,2.597
2015-02-06,2.579
2015-02-09,2.584
2015-02-11,2.547
2015-02-12,2.61
2015-02-13,2.5985
2015-02-17,2.559
2015-02-18,2.6115
2015-02-19,2.58
2015-02-20,2.592
2015-02-23,2.589
2015-02-24,2.654
2015-02-25,2.632
2015-02-26,2.6905
2015-02-27,2.688
2015-03-02,2.688
2015-03-03,2.644
2015-03-04,2.6525
2015-03-05,2.6605
2015-03-09,2.6645
2015-03-10,2.624
2015-03-11,2.614
2015-03-12,2.658
2015-03-13,2.6745
2015-03-16,2.663
2015-03-17,2.635
2015-03-18,2.567
2015-03-19,2.666
2015-03-20,2.751
2015-03-23,2.876
2015-03-24,2.788
2015-03-25,2.789
2015-03-26,2.817
2015-03-27,2.7645
2015-03-30,2.781
2015-03-31,2.739
2015-04-01,2.747
2015-04-02,2.7315
2015-04-06,2.715
2015-04-07,2.7575
2015-04-08,2.734
2015-04-09,2.725
2015-04-10,2.733
2015-04-13,2.732
2015-04-14,2.69
2015-04-15,2.684
2015-04-16,2.768
2015-04-17,2.7735
2015-04-20,2.726
2015-04-21,2.7115
2015-04-22,2.677
2015-04-23,2.694
2015-04-24,2.7575
2015-04-27,2.777
2015-04-28,2.776
2015-04-29,2.8025
2015-04-30,2.874
2015-05-01,2.93
2015-05-04,2.9095
2015-05-05,2.929
2015-05-06,2.928
2015-05-07,2.916
2015-05-08,2.912
2015-05-11,2.903
2015-05-13,2.939
2015-05-14,2.92
2015-05-15,2.9225
2015-05-18,2.908
2015-05-19,2.839
2015-05-20,2.829
2015-05-22,2.792
2015-05-26,2.777
2015-05-27,2.7635
2015-05-28,2.7685
2015-05-29,2.735
2015-06-01,2.7145
2015-06-02,2.7375
2015-06-03,2.725
2015-06-04,2.6885
2015-06-05,2.702
2015-06-08,2.7035
2015-06-09,2.714
2015-06-10,2.7435
2015-06-11,2.673
2015-06-12,2.676
2015-06-15,2.65
2015-06-16,2.619
2015-06-17,2.6175
2015-06-18,2.61
2015-06-19,2.5775
2015-06-22,2.5755
2015-06-23,2.612
2015-06-24,2.622
2015-06-25,2.6205
2015-06-26,2.641
2015-06-29,2.632
2015-06-30,2.6175
2015-07-01,2.631
2015-07-02,2.638
2015-07-06,2.535
2015-07-07,2.4605
2015-07-08,2.491
2015-07-09,2.549
2015-07-10,2.542
2015-07-13,2.5425
2015-07-14,2.542
2015-07-15,2.517
2015-07-16,2.52
2015-07-17,2.496
2015-07-20,2.474
2015-07-21,2.4745
2015-07-22,2.428
2015-07-23,2.378
2015-07-24,2.39
2015-07-27,2.3455
2015-07-28,2.411
2015-07-29,2.4095
2015-07-30,2.3775
2015-07-31,2.354
2015-08-03,2.342
2015-08-04,2.3535
2015-08-05,2.354
2015-08-06,2.345
2015-08-07,2.3255
2015-08-10,2.3875
2015-08-11,2.338
2015-08-12,2.3485
2015-08-13,2.3505
2015-08-14,2.343
2015-08-17,2.3215
2015-08-18,2.28
2015-08-19,2.272
2015-08-20,2.318
2015-08-21,2.2915
2015-08-24,2.235
2015-08-25,2.294
2015-08-26,2.25
2015-08-27,2.331
2015-08-28,2.339
2015-08-31,2.3355
2015-09-01,2.29
2015-09-02,2.33
2015-09-03,2.376
2015-09-04,2.312
2015-09-08,2.4295
2015-09-09,2.424
2015-09-10,2.4515
2015-09-11,2.452
2015-09-14,2.4125
2015-09-15,2.4275
2015-09-16,2.452
2015-09-17,2.463
2015-09-18,2.38
2015-09-21,2.387
2015-09-22,2.3055
2015-09-23,2.2955
2015-09-24,2.303
2015-09-25,2.2815
2015-09-28,2.248
2015-09-29,2.2565
2015-09-30,2.34
2015-10-01,2.3065
2015-10-02,2.345
2015-10-05,2.358
2015-10-06,2.356
2015-10-07,2.368
2015-10-08,2.3505
2015-10-09,2.4195
2015-10-12,2.409
2015-10-13,2.377
2015-10-14,2.4165
2015-10-15,2.4315
2015-10-16,2.4015
2015-10-19,2.364
2015-10-20,2.3595
2015-10-21,2.3565
2015-10-22,2.3825
2015-10-23,2.3485
2015-10-26,2.3515
2015-10-27,2.3675
2015-10-28,2.3675
2015-10-29,2.322
2015-10-30,2.316
2015-11-02,2.3115
2015-11-03,2.335
2015-11-04,2.3215
2015-11-05,2.2555
2015-11-06,2.243
2015-11-09,2.2285
2015-11-10,2.2195
2015-11-11,2.2175
2015-11-12,2.165
2015-11-13,2.162
2015-11-16,2.1205
2015-11-17,2.103
2015-11-18,2.0775
2015-11-19,2.0805
2015-11-20,2.0435
2015-11-23,2.019
2015-11-24,2.067
2015-11-25,2.052
2015-11-27,2.0635
2015-11-30,2.045
2015-12-01,2.0725
2015-12-02,2.0455
2015-12-03,2.0585
2015-12-04,2.076
2015-12-07,2.045
2015-12-08,2.0565
2015-12-09,2.0645
2015-12-10,2.064
2015-12-11,2.1135
2015-12-14,2.106
2015-12-15,2.0455
2015-12-16,2.0715
2015-12-17,2.0425
2015-12-18,2.108
2015-12-21,2.1375
2015-12-22,2.109
2015-12-23,2.127
2015-12-24,2.1215
2015-12-28,2.0825
2015-12-29,2.1365
2015-12-30,2.147
2015-12-31,2.135
2016-01-04,2.0815
2016-01-05,2.094
2016-01-06,2.089
2016-01-07,2.0225
2016-01-08,2.015
2016-01-11,1.976
2016-01-12,1.96
2016-01-13,1.955
2016-01-14,1.979
2016-01-15,1.9485
2016-01-19,1.968
2016-01-20,1.981
2016-01-21,1.993
2016-01-22,2.003
2016-01-25,1.9925
2016-01-26,2.037
2016-01-27,2.0595
2016-01-28,2.054
2016-01-29,2.061
2016-02-01,2.0605
2016-02-02,2.046
2016-02-03,2.0995
2016-02-04,2.121
2016-02-05,2.0895
2016-02-08,2.0935
2016-02-09,2.0395
2016-02-10,2.0165
2016-02-11,2.0125
2016-02-12,2.0335
2016-02-16,2.0485
2016-02-17,2.0775
2016-02-18,2.074
2016-02-19,2.0835
2016-02-22,2.119
2016-02-23,2.104
2016-02-24,2.122
2016-02-25,2.0855
2016-02-26,2.1205
2016-02-29,2.1295
2016-03-01,2.143
2016-03-02,2.188
2016-03-03,2.21
2016-03-04,2.26
2016-03-07,2.274
2016-03-08,2.2145
2016-03-09,2.234
2016-03-10,2.225
2016-03-11,2.236
2016-03-14,2.2395
2016-03-15,2.2365
2016-03-16,2.254
2016-03-17,2.2885
2016-03-18,2.286
2016-03-21,2.287
2016-03-22,2.2915
2016-03-23,2.2385
2016-03-24,2.238
2016-03-28,2.2435
2016-03-29,2.2125
2016-03-30,2.1875
2016-03-31,2.183
2016-04-01,2.169
2016-04-04,2.1415
2016-04-05,2.143
2016-04-06,2.1425
2016-04-07,2.079
2016-04-08,2.086
2016-04-11,2.082
2016-04-12,2.15
2016-04-13,2.1715
2016-04-14,2.168
2016-04-15,2.154
2016-04-18,2.172
2016-04-19,2.232
2016-04-20,2.242
2016-04-21,2.255
2016-04-22,2.269
2016-04-25,2.2545
2016-04-26,2.255
2016-04-27,2.2315
2016-04-28,2.229
2016-04-29,2.281
2016-05-02,2.2655
2016-05-03,2.2175
2016-05-04,2.183
2016-05-05,2.1445
2016-05-06,2.152
2016-05-09,2.1025
2016-05-10,2.0965
2016-05-11,2.098
2016-05-12,2.075
2016-05-13,2.078
2016-05-16,2.0915
2016-05-17,2.09
2016-05-18,2.0645
2016-05-19,2.0655
2016-05-20,2.0565
2016-05-23,2.054
2016-05-24,2.0665
2016-05-25,2.102
2016-05-26,2.0995
2016-05-27,2.111
2016-05-31,2.0845
2016-06-01,2.073
2016-06-02,2.067
2016-06-03,2.12
2016-06-06,2.117
2016-06-07,2.053
2016-06-08,2.065
2016-06-09,2.041
2016-06-10,2.0265
2016-06-13,2.052
2016-06-14,2.043
2016-06-15,2.0905
2016-06-16,2.053
2016-06-17,2.0535
2016-06-20,2.0875
2016-06-21,2.126
2016-06-22,2.135
2016-06-23,2.167
2016-06-24,2.118
2016-06-27,2.1305
2016-06-28,2.178
2016-06-29,2.1945
2016-06-30,2.2005
2016-07-01,2.2215
2016-07-05,2.184
2016-07-06,2.155
2016-07-07,2.1225
2016-07-08,2.1245
2016-07-11,2.147
2016-07-12,2.2145
2016-07-13,2.2365
2016-07-14,2.2405
2016-07-15,2.233
2016-07-18,2.245
2016-07-19,2.258
2016-07-20,2.244
2016-07-21,2.2595
2016-07-22,2.236
2016-07-25,2.2275
2016-07-26,2.223
2016-07-27,2.191
2016-07-28,2.215
2016-07-29,2.2285
2016-08-01,2.1955
2016-08-02,2.2065
2016-08-03,2.2
2016-08-04,2.1745
2016-08-05,2.159
2016-08-08,2.161
2016-08-09,2.153
2016-08-10,2.1735
2016-08-11,2.186
2016-08-12,2.1485
2016-08-15,2.159
2016-08-16,2.181
2016-08-17,2.169
2016-08-18,2.18
2016-08-19,2.182
2016-08-22,2.1415
2016-08-23,2.125
2016-08-24,2.089
2016-08-25,2.084
2016-08-26,2.0815
2016-08-29,2.0855
2016-08-30,2.0775
2016-08-31,2.079
2016-09-01,2.0805
2016-09-02,2.0775
2016-09-06,2.094
2016-09-07,2.099
2016-09-08,2.099
2016-09-09,2.0895
2016-09-12,2.107
2016-09-13,2.103
2016-09-14,2.152
2016-09-15,2.1625
2016-09-16,2.159
2016-09-19,2.154
2016-09-20,2.1655
2016-09-21,2.164
2016-09-22,2.189
2016-09-23,2.2
2016-09-26,2.1895
2016-09-27,2.172
2016-09-28,2.204
2016-09-29,2.1885
2016-09-30,2.2135
2016-10-03,2.1915
2016-10-04,2.1695
2016-10-05,2.1685
2016-10-06,2.156
2016-10-07,2.167
2016-10-10,2.194
2016-10-11,2.1875
2016-10-12,2.175
2016-10-13,2.124
2016-10-14,2.1055
2016-10-17,2.104
2016-10-18,2.1
2016-10-19,2.1035
2016-10-20,2.095
2016-10-21,2.09
2016-10-24,2.097
2016-10-25,2.134
2016-10-26,2.14
2016-10-27,2.164
2016-10-28,2.1975
2016-10-31,2.2075
2016-11-01,2.233
2016-11-02,2.219
2016-11-03,2.243
2016-11-04,2.258
2016-11-07,2.3125
2016-11-08,2.3765
2016-11-09,2.461
2016-11-10,2.54
2016-11-11,2.506
2016-11-14,2.5185
2016-11-15,2.5075
2016-11-16,2.4695
2016-11-17,2.495
2016-11-18,2.4775
2016-11-21,2.5315
2016-11-22,2.5535
2016-11-23,2.625
2016-11-25,2.6785
2016-11-28,2.659
2016-11-29,2.605
2016-11-30,2.6335
2016-12-01,2.6355
2016-12-02,2.628
2016-12-05,2.6945
2016-12-06,2.67
2016-12-07,2.6455
2016-12-08,2.626
2016-12-09,2.655
2016-12-12,2.6055
2016-12-13,2.596
2016-12-14,2.6005
2016-12-15,2.597
2016-12-16,2.5475
2016-12-19,2.5035
2016-12-20,2.5045
2016-12-21,2.4945
2016-12-22,2.507
2016-12-23,2.4775
2016-12-27,2.5235
2016-12-28,2.505
2016-12-29,2.486
2016-12-30,2.5085
2017-01-03,2.487
2017-01-04,2.558
2017-01-05,2.5345
2017-01-06,2.544
2017-01-09,2.532
2017-01-10,2.61
2017-01-11,2.5995
2017-01-12,2.6675
2017-01-13,2.7055
2017-01-17,2.619
2017-01-18,2.615
2017-01-19,2.611
2017-01-20,2.6155
2017-01-23,2.6465
2017-01-24,2.709
2017-01-25,2.714
2017-01-26,2.662
2017-01-27,2.6965
2017-01-30,2.67
2017-01-31,2.726
2017-02-01,2.711
2017-02-02,2.682
2017-02-03,2.615
2017-02-06,2.652
2017-02-07,2.636
2017-02-08,2.6645
2017-02-09,2.657
2017-02-10,2.7765
2017-02-13,2.7845
2017-02-14,2.745
2017-02-15,2.7405
2017-02-16,2.7275
2017-02-17,2.7195
2017-02-21,2.742
2017-02-22,2.7495
2017-02-23,2.655
2017-02-24,2.6835
2017-02-27,2.692
2017-02-28,2.7135
2017-03-01,2.731
2017-03-02,2.6885
2017-03-03,2.7075
2017-03-06,2.656
2017-03-07,2.6155
2017-03-08,2.593
2017-03-09,2.5775
2017-03-10,2.6
2017-03-13,2.6275
2017-03-14,2.6445
2017-03-15,2.6695
2017-03-16,2.677
2017-03-17,2.6915
2017-03-20,2.6545
2017-03-21,2.609
2017-03-22,2.6395
2017-03-23,2.651
2017-03-24,2.6395
2017-03-27,2.6375
2017-03-28,2.669
2017-03-29,2.6725
2017-03-30,2.6765
2017-03-31,2.6555
2017-04-03,2.6065
2017-04-04,2.619
2017-04-05,2.6765
2017-04-06,2.6585
2017-04-07,2.6445
2017-04-10,2.607
2017-04-11,2.6095
2017-04-12,2.541
2017-04-13,2.571
2017-04-17,2.596
2017-04-18,2.542
2017-04-19,2.5425
2017-04-20,2.5595
2017-04-21,2.5595
2017-04-24,2.5665
2017-04-25,2.599
2017-04-26,2.602
2017-04-27,2.5975
2017-04-28,2.611
2017-05-01,2.6585
2017-05-02,2.64
2017-05-03,2.517
2017-05-04,2.5145
2017-05-05,2.539
2017-05-08,2.494
2017-05-09,2.496
2017-05-10,2.497
2017-05-11,2.5075
2017-05-12,2.529
2017-05-15,2.5375
2017-05-16,2.549
2017-05-17,2.545
2017-05-18,2.5315
2017-05-19,2.5885
2017-05-22,2.603
2017-05-23,2.599
2017-05-24,2.5905
2017-05-25,2.5925
2017-05-26,2.5685
2017-05-29,2.565
2017-05-30,2.5695
2017-05-31,2.5845
2017-06-01,2.584
2017-06-02,2.5765
2017-06-05,2.5595
2017-06-06,2.5475
2017-06-07,2.554
2017-06-08,2.614
2017-06-09,2.6445
2017-06-12,2.614
2017-06-13,2.599
2017-06-14,2.5645
2017-06-15,2.568
2017-06-16,2.57
2017-06-19,2.6065
2017-06-20,2.5725
2017-06-21,2.6105
2017-06-22,2.605
2017-06-23,2.6345
2017-06-26,2.636
2017-06-27,2.6565
2017-06-28,2.6755
2017-06-29,2.697
2017-06-30,2.707
2017-07-03,2.689
2017-07-04,2.6825
2017-07-05,2.6635
2017-07-06,2.6635
2017-07-07,2.649
2017-07-10,2.6525
2017-07-11,2.676
2017-07-12,2.6825
2017-07-13,2.666
2017-07-14,2.695
2017-07-17,2.7265
2017-07-18,2.7265
2017-07-19,2.7065
2017-07-20,2.716
2017-07-21,2.722
2017-07-24,2.7435
2017-07-25,2.847
2017-07-26,2.871
2017-07-27,2.8675
2017-07-28,2.88
2017-07-31,2.8915
2017-08-01,2.8745
2017-08-02,2.8825
2017-08-03,2.878
2017-08-04,2.888
2017-08-07,2.911
2017-08-08,2.943
2017-08-09,2.9285
2017-08-10,2.9035
2017-08-11,2.914
2017-08-14,2.902
2017-08-15,2.879
2017-08-16,2.965
2017-08-17,2.9105
2017-08-18,2.96
2017-08-21,3.001
2017-08-22,3.01
2017-08-23,3.006
2017-08-24,3.058
2017-08-25,3.062
2017-08-28,3.0895
2017-08-29,3.1025
2017-08-30,3.087
2017-08-31,3.103
2017-09-01,3.1195
2017-09-05,3.127
2017-09-06,3.158
2017-09-07,3.1495
2017-09-08,3.0405
2017-09-11,3.072
2017-09-12,3.0395
2017-09-13,2.9835
2017-09-14,2.964
2017-09-15,2.95
2017-09-18,2.969
2017-09-19,2.9765
2017-09-20,2.9585
2017-09-21,2.937
2017-09-22,2.9535
2017-09-25,2.9365
2017-09-26,2.919
2017-09-27,2.927
2017-09-28,2.9785
2017-09-29,2.948
2017-10-02,2.947
2017-10-03,2.9585
2017-10-04,2.9565
2017-10-05,3.043
2017-10-06,3.0245
2017-10-09,3.0275
2017-10-10,3.0595
2017-10-11,3.0945
2017-10-12,3.1205
2017-10-13,3.1335
2017-10-16,3.2425
2017-10-17,3.2015
2017-10-18,3.1755
2017-10-19,3.172
2017-10-20,3.17
2017-10-23,3.185
2017-10-24,3.1985
2017-10-25,3.1865
2017-10-26,3.176
2017-10-27,3.104
2017-10-30,3.1095
2017-10-31,3.112
2017-11-01,3.1385
2017-11-02,3.138
2017-11-03,3.115
2017-11-06,3.16
2017-11-07,3.0875
2017-11-08,3.0985
2017-11-09,3.0905
2017-11-10,3.073
2017-11-13,3.1255
2017-11-14,3.054
2017-11-15,3.0505
2017-11-16,3.0525
2017-11-17,3.0945
2017-11-20,3.1115
2017-11-21,3.151
2017-11-22,3.159
2017-11-23,3.169
2017-11-24,3.1965
2017-11-27,3.154
2017-11-28,3.096
2017-11-29,3.0665
2017-11-30,3.07
2017-12-01,3.0935
2017-12-04,3.0855
2017-12-05,2.9515
2017-12-06,2.966
2017-12-07,2.965
2017-12-08,2.981
2017-12-11,3.0145
2017-12-12,3.023
2017-12-13,3.0565
2017-12-14,3.0735
2017-12-15,3.1395
2017-12-18,3.145
2017-12-19,3.147
2017-12-20,3.195
2017-12-21,3.2155
2017-12-22,3.2465
2017-12-26,3.277
2017-12-27,3.2815
2017-12-28,3.306
2017-12-29,3.2945
2018-01-02,3.278
2018-01-03,3.2575
2018-01-04,3.259
2018-01-05,3.2315
2018-01-08,3.2305
2018-01-09,3.2215
2018-01-10,3.2365
2018-01-11,3.2275
2018-01-12,3.223
2018-01-16,3.2185
2018-01-17,3.1925
2018-01-18,3.2
2018-01-19,3.1805
2018-01-22,3.2015
2018-01-23,3.1195
2018-01-24,3.2305
2018-01-25,3.2025
2018-01-26,3.1995
2018-01-29,3.195
2018-01-30,3.191
2018-01-31,3.201
2018-02-01,3.2155
2018-02-02,3.1815
2018-02-05,3.191
2018-02-06,3.215
2018-02-07,3.096
2018-02-08,3.0735
2018-02-09,3.05
2018-02-12,3.087
2018-02-13,3.164
2018-02-14,3.2345
2018-02-15,3.246
2018-02-16,3.2585
2018-02-20,3.209
2018-02-21,3.222
2018-02-22,3.2545
2018-02-23,3.228
2018-02-26,3.2245
2018-02-27,3.1825
2018-02-28,3.129
2018-03-01,3.1255
2018-03-02,3.1335
2018-03-05,3.1275
2018-03-06,3.1565
2018-03-07,3.1345
2018-03-08,3.079
2018-03-09,3.144
2018-03-12,3.121
2018-03-13,3.1345
2018-03-14,3.1485
2018-03-15,3.1255
2018-03-16,3.1125
2018-03-19,3.077
2018-03-20,3.0375
2018-03-21,3.08
2018-03-22,3.024
2018-03-23,2.9765
2018-03-26,2.9855
2018-03-27,2.9845
2018-03-28,2.998
2018-03-29,3.023
2018-04-02,3.044
2018-04-03,3.0655
2018-04-04,3.0245
2018-04-05,3.068
2018-04-06,3.0385
2018-04-09,3.076
2018-04-10,3.1395
2018-04-11,3.113
2018-04-12,3.0615
2018-04-13,3.0635
2018-04-16,3.0865
2018-04-17,3.0865
2018-04-18,3.185
2018-04-19,3.15
2018-04-20,3.1585
2018-04-23,3.1265
2018-04-24,3.1575
2018-04-25,3.152
2018-04-26,3.14
2018-04-27,3.071
2018-04-30,3.071
2018-05-01,3.0515
2018-05-02,3.0625
2018-05-03,3.092
2018-05-04,3.0805
2018-05-07,3.0725
2018-05-08,3.069
2018-05-09,3.062
2018-05-10,3.1105
2018-05-11,3.1105
2018-05-14,3.088
2018-05-15,3.059
2018-05-16,3.0765
2018-05-17,3.083
2018-05-18,3.0615
2018-05-21,3.1005
2018-05-22,3.122
2018-05-23,3.07
2018-05-24,3.1
2018-05-25,3.077
2018-05-28,3.0705
2018-05-29,3.055
2018-05-30,3.0725
2018-05-31,3.0645
2018-06-01,3.0915
2018-06-04,3.1385
2018-06-05,3.2135
2018-06-06,3.2685
2018-06-07,3.2635
2018-06-08,3.299
2018-06-11,3.2515
2018-06-12,3.2455
2018-06-13,3.2555
2018-06-14,3.201
2018-06-15,3.1355
2018-06-18,3.126
2018-06-19,3.0625
2018-06-20,3.0605
2018-06-21,3.0485
2018-06-22,3.0485
2018-06-25,3.007
2018-06-26,3.0155
2018-06-27,2.9975
2018-06-28,2.9685
2018-06-29,2.9645
2018-07-02,2.945
2018-07-03,2.9235
2018-07-04,2.861
2018-07-05,2.835
2018-07-06,2.8195
2018-07-09,2.871
2018-07-10,2.83
2018-07-11,2.751
2018-07-12,2.776
2018-07-13,2.777
2018-07-16,2.7675
2018-07-17,2.7445
2018-07-18,2.764
2018-07-19,2.716
2018-07-20,2.7505
2018-07-23,2.742
2018-07-24,2.803
2018-07-25,2.8635
2018-07-26,2.805
2018-07-27,2.796
2018-07-30,2.794
2018-07-31,2.8265
2018-08-01,2.742
2018-08-02,2.727
2018-08-03,2.7535
2018-08-06,2.7245
2018-08-07,2.7525
2018-08-08,2.755
2018-08-09,2.7635
2018-08-10,2.7455
2018-08-13,2.735
2018-08-14,2.6845
2018-08-15,2.584
2018-08-16,2.6065
2018-08-17,2.66
2018-08-20,2.6835
2018-08-21,2.7025
2018-08-22,2.6865
2018-08-23,2.6675
2018-08-24,2.7125
2018-08-27,2.73
2018-08-28,2.745
2018-08-29,2.732
2018-08-30,2.7015
2018-08-31,2.6655
2018-09-04,2.599
2018-09-05,2.6205
2018-09-06,2.6355
2018-09-07,2.6195
2018-09-10,2.627
2018-09-11,2.6245
2018-09-12,2.684
2018-09-13,2.6765
2018-09-14,2.613
2018-09-17,2.6495
2018-09-18,2.7375
2018-09-19,2.7275
2018-09-20,2.7655
2018-09-21,2.8445
2018-09-24,2.8235
2018-09-25,2.822
2018-09-26,2.818
2018-09-27,2.776
2018-09-28,2.803
2018-10-01,2.785
2018-10-02,2.7995
2018-10-03,2.8245
2018-10-04,2.7855
2018-10-05,2.759
2018-10-08,2.7705
2018-10-09,2.812
2018-10-10,2.749
2018-10-11,2.775
2018-10-12,2.807
2018-10-15,2.7795
2018-10-16,2.7835
2018-10-17,2.7765
2018-10-18,2.731
2018-10-19,2.782
2018-10-22,2.781
2018-10-23,2.76
2018-10-24,2.746
2018-10-25,2.7545
2018-10-26,2.7485
2018-10-29,2.712
2018-10-30,2.671
2018-10-31,2.6535
2018-11-01,2.719
2018-11-02,2.818
2018-11-05,2.7515
2018-11-06,2.733
2018-11-07,2.743
2018-11-08,2.732
2018-11-09,2.6785
2018-11-12,2.6685
2018-11-13,2.682
2018-11-14,2.7105
2018-11-15,2.745
2018-11-16,2.7905
2018-11-19,2.807
2018-11-20,2.766
2018-11-21,2.8
2018-11-23,2.7715
2018-11-26,2.7635
2018-11-27,2.7355
2018-11-28,2.8085
2018-11-29,2.789
2018-11-30,2.792
2018-12-03,2.7915
2018-12-04,2.758
2018-12-05,2.773
2018-12-06,2.7475
2018-12-07,2.7485
2018-12-10,2.731
2018-12-11,2.763
2018-12-12,2.764
2018-12-13,2.7675
2018-12-14,2.7535
2018-12-17,2.743
2018-12-18,2.6525
2018-12-19,2.675
2018-12-20,2.703
2018-12-21,2.6675
2018-12-24,2.6615
2018-12-26,2.701
2018-12-27,2.6825
2018-12-28,2.6775
2018-12-31,2.643
2019-01-02,2.604
2019-01-03,2.576
2019-01-04,2.643
2019-01-07,2.6365
2019-01-08,2.651
2019-01-09,2.66
2019-01-10,2.636
2019-01-11,2.657
2019-01-14,2.6295
2019-01-15,2.6405
2019-01-16,2.6705
2019-01-17,2.697
2019-01-18,2.712
2019-01-22,2.663
2019-01-23,2.6555
2019-01-24,2.6465
2019-01-25,2.733
2019-01-28,2.679
2019-01-29,2.721
2019-01-30,2.774
2019-01-31,2.785
2019-02-01,2.7705
2019-02-04,2.8
2019-02-05,2.8175
2019-02-06,2.824
2019-02-07,2.831
2019-02-08,2.8135
2019-02-11,2.788
2019-02-12,2.7735
2019-02-13,2.7785
2019-02-14,2.7705
2019-02-15,2.815
2019-02-19,2.8735
2019-02-20,2.918
2019-02-21,2.901
2019-02-22,2.948
2019-02-25,2.95
2019-02-26,2.9505
2019-02-27,2.9675
2019-02-28,2.944
2019-03-01,2.926
2019-03-04,2.911
2019-03-05,2.9375
2019-03-06,2.925
2019-03-07,2.914
2019-03-08,2.8995
2019-03-11,2.907
2019-03-12,2.9315
2019-03-13,2.9325
2019-03-14,2.8895
2019-03-15,2.9085
2019-03-18,2.912
2019-03-19,2.919
2019-03-20,2.927
2019-03-21,2.91
2019-03-22,2.8485
2019-03-25,2.858
2019-03-26,2.863
2019-03-27,2.8615
2019-03-28,2.8795
2019-03-29,2.9315
2019-04-01,2.9295
2019-04-02,2.9085
2019-04-03,2.943
2019-04-04,2.916
2019-04-05,2.889
2019-04-08,2.934
2019-04-09,2.933
2019-04-10,2.921
2019-04-11,2.8935
2019-04-12,2.9415
2019-04-15,2.9335
2019-04-16,2.933
2019-04-17,2.9675
2019-04-18,2.925
2019-04-22,2.9095
2019-04-23,2.901
2019-04-24,2.9145
2019-04-25,2.8665
2019-04-26,2.892
2019-04-29,2.895
2019-04-30,2.907
2019-05-01,2.7905
2019-05-02,2.7845
2019-05-03,2.822
2019-05-06,2.8305
2019-05-07,2.788
2019-05-08,2.77
2019-05-09,2.767
2019-05-10,2.777
2019-05-13,2.7185
2019-05-14,2.7235
2019-05-15,2.7475
2019-05-16,2.7485
2019-05-17,2.7345
2019-05-20,2.729
2019-05-21,2.714
2019-05-22,2.6775
2019-05-23,2.683
2019-05-24,2.6975
2019-05-28,2.6965
2019-05-29,2.6665
2019-05-30,2.65
2019-05-31,2.63
2019-06-03,2.656
2019-06-04,2.6665
2019-06-05,2.628
2019-06-06,2.647
2019-06-07,2.6235
2019-06-10,2.6615
2019-06-11,2.6685
2019-06-12,2.6495
2019-06-13,2.6575
2019-06-14,2.6285
2019-06-17,2.649
2019-06-18,2.706
2019-06-19,2.697
2019-06-20,2.7105
2019-06-21,2.702
2019-06-24,2.7075
2019-06-25,2.73
2019-06-26,2.714
2019-06-27,2.7215
2019-06-28,2.7175
2019-07-01,2.6855
2019-07-02,2.6645
2019-07-03,2.686
2019-07-05,2.6655
2019-07-08,2.6575
2019-07-09,2.628
2019-07-10,2.691
2019-07-11,2.6875
2019-07-12,2.694
2019-07-15,2.714
2019-07-16,2.6955
2019-07-17,2.7025
2019-07-18,2.7195
2019-07-19,2.741
2019-07-22,2.7185
2019-07-23,2.7055
2019-07-24,2.7115
2019-07-25,2.706
2019-07-26,2.691
2019-07-29,2.7195
2019-07-30,2.678
2019-07-31,2.6615
2019-08-01,2.6195
2019-08-02,2.5675
2019-08-05,2.549
2019-08-06,2.565
2019-08-07,2.5875
2019-08-08,2.598
2019-08-09,2.5945
2019-08-12,2.583
2019-08-13,2.633
2019-08-14,2.5925
2019-08-15,2.592
2019-08-16,2.587
2019-08-19,2.5985
2019-08-20,2.581
2019-08-21,2.586
2019-08-22,2.566
2019-08-23,2.535
2019-08-26,2.543
2019-08-27,2.5555
2019-08-28,2.5685
2019-08-29,2.5755
2019-08-30,2.557
2019-09-03,2.529
2019-09-04,2.595
2019-09-05,2.6315
2019-09-06,2.6305
2019-09-09,2.6275
2019-09-10,2.6225
2019-09-11,2.6165
2019-09-12,2.642
2019-09-13,2.7025
2019-09-16,2.642
2019-09-17,2.6265
2019-09-18,2.6125
2019-09-19,2.607
2019-09-20,2.5915
2019-09-23,2.6175
2019-09-24,2.603
2019-09-25,2.6115
2019-09-26,2.576
2019-09-27,2.599
2019-09-30,2.573
2019-10-01,2.5645
2019-10-02,2.5705
2019-10-03,2.553
2019-10-04,2.5645
2019-10-07,2.573
2019-10-08,2.5665
2019-10-09,2.5675
2019-10-10,2.6125
2019-10-11,2.624
2019-10-14,2.6325
2019-10-15,2.6115
2019-10-16,2.5865
2019-10-17,2.5995
2019-10-18,2.644
2019-10-21,2.646
2019-10-22,2.6355
2019-10-23,2.6675
2019-10-24,2.6665
2019-10-25,2.6845
2019-10-28,2.683
2019-10-29,2.692
2019-10-30,2.6795
2019-10-31,2.6385
2019-11-01,2.6615
2019-11-04,2.6625
2019-11-05,2.7
2019-11-06,2.6715
2019-11-07,2.712
2019-11-08,2.6885
2019-11-11,2.662
2019-11-12,2.6455
2019-11-13,2.637
2019-11-14,2.623
2019-11-15,2.6505
2019-11-18,2.6315
2019-11-19,2.668
2019-11-20,2.6585
2019-11-21,2.637
2019-11-22,2.657
2019-11-25,2.6615
2019-11-26,2.6955
2019-11-27,2.6985
2019-11-29,2.661
2019-12-02,2.6505
2019-12-03,2.6265
2019-12-04,2.661
2019-12-05,2.6665
2019-12-06,2.748
2019-12-09,2.754
2019-12-10,2.764
2019-12-11,2.792
2019-12-12,2.8095
2019-12-13,2.785
2019-12-16,2.808
2019-12-17,2.8095
2019-12-18,2.8105
2019-12-19,2.8255
2019-12-20,2.804
2019-12-23,2.8095
2019-12-24,2.825
2019-12-26,2.85
2019-12-27,2.8245
2019-12-30,2.819
2019-12-31,2.7985
2020-01-02,2.8235
2020-01-03,2.7805
2020-01-06,2.789
2020-01-07,2.7955
2020-01-08,2.809
2020-01-09,2.7985
2020-01-10,2.81
2020-01-13,2.8555
2020-01-14,2.867
2020-01-15,2.8625
2020-01-16,2.846
2020-01-17,2.846
2020-01-21,2.7915
2020-01-22,2.7685
2020-01-23,2.735
2020-01-24,2.6835
2020-01-27,2.5965
2020-01-28,2.5885
2020-01-29,2.5615
2020-01-30,2.549
2020-01-31,2.512
2020-02-03,2.507
2020-02-04,2.545
2020-02-05,2.585
2020-02-06,2.5975
2020-02-07,2.5465
2020-02-10,2.557
2020-02-11,2.582
2020-02-12,2.6045
2020-02-13,2.6155
2020-02-14,2.5995
2020-02-18,2.6175
2020-02-19,2.6165
2020-02-20,2.5985
2020-02-21,2.6095
2020-02-24,2.576
2020-02-25,2.5685
2020-02-26,2.566
2020-02-27,2.553
2020-02-28,2.5445
2020-03-02,2.606
2020-03-03,2.5845
2020-03-04,2.587
2020-03-05,2.5675
2020-03-06,2.554
2020-03-09,2.4855
2020-03-10,2.54
2020-03-11,2.478
2020-03-12,2.4415
2020-03-13,2.4935
2020-03-16,2.384
2020-03-17,2.3115
2020-03-18,2.162
2020-03-19,2.154
2020-03-20,2.153
2020-03-23,2.0875
2020-03-24,2.204
2020-03-25,2.21
2020-03-26,2.183
2020-03-27,2.1675
2020-03-30,2.168
2020-03-31,2.216
2020-04-01,2.169
2020-04-02,2.2215
2020-04-03,2.1775
2020-04-06,2.2235
2020-04-07,2.2495
2020-04-08,2.2725
2020-04-09,2.2705
2020-04-13,2.321
2020-04-14,2.3285
2020-04-15,2.2995
2020-04-16,2.324
2020-04-17,2.3575
2020-04-20,2.321
2020-04-21,2.2795
2020-04-22,2.304
2020-04-23,2.319
2020-04-24,2.358
2020-04-27,2.348
2020-04-28,2.34
2020-04-29,2.379
2020-04-30,2.3445
2020-05-01,2.31
2020-05-04,2.321
2020-05-05,2.333
2020-05-06,2.342
2020-05-07,2.379
2020-05-08,2.416
2020-05-11,2.38
2020-05-12,2.334
2020-05-13,2.3515
2020-05-14,2.363
2020-05-15,2.331
2020-05-18,2.422
2020-05-19,2.409
2020-05-20,2.4575
2020-05-21,2.424
2020-05-22,2.392
2020-05-26,2.412
2020-05-27,2.387
2020-05-28,2.407
2020-05-29,2.4425
2020-06-01,2.4685
2020-06-02,2.4945
2020-06-03,2.484
2020-06-04,2.485
2020-06-05,2.5425
2020-06-08,2.581
2020-06-09,2.599
2020-06-10,2.6775
2020-06-11,2.5745
2020-06-12,2.6155
2020-06-15,2.585
2020-06-16,2.5655
2020-06-17,2.5895
2020-06-18,2.5945
2020-06-19,2.6065
2020-06-22,2.6525
2020-06-23,2.651
2020-06-24,2.6425
2020-06-25,2.6655
2020-06-26,2.6525
2020-06-29,2.698
2020-06-30,2.7295
2020-07-01,2.7585
2020-07-02,2.7475
2020-07-06,2.787
2020-07-07,2.7865
2020-07-08,2.8245
2020-07-09,2.8375
2020-07-10,2.913
2020-07-13,2.9105
2020-07-14,2.9385
2020-07-15,2.894
2020-07-16,2.895
2020-07-17,2.901
2020-07-20,2.921
2020-07-21,2.962
2020-07-22,2.9255
2020-07-23,2.9215
2020-07-24,2.8945
2020-07-27,2.9105
2020-07-28,2.912
2020-07-29,2.934
2020-07-30,2.919
2020-07-31,2.8595
2020-08-03,2.914
2020-08-04,2.9025
2020-08-05,2.9175
2020-08-06,2.9135
2020-08-07,2.7905
2020-08-10,2.8665
2020-08-11,2.849
2020-08-12,2.882
2020-08-13,2.7965
2020-08-14,2.8635
2020-08-17,2.9085
2020-08-18,2.973
2020-08-19,2.999
2020-08-20,2.99
2020-08-21,2.9265
2020-08-24,2.924
2020-08-25,2.9385
2020-08-26,2.976
2020-08-27,2.9765
2020-08-28,3.03
2020-08-31,3.0515
2020-09-01,3.0225
2020-09-02,3.03
2020-09-03,2.979
2020-09-04,3.0745
2020-09-08,3.018
2020-09-09,3.054
2020-09-10,2.9745
2020-09-11,3.044
2020-09-14,3.065
2020-09-15,3.057
2020-09-16,3.0685
2020-09-17,3.08
2020-09-18,3.107
2020-09-21,3.0375
2020-09-22,3.0705
2020-09-23,2.9585
2020-09-24,2.9655
2020-09-25,2.978
2020-09-28,3.0015
2020-09-29,2.996
2020-09-30,3.0225
2020-10-01,2.8775
2020-10-02,2.98
2020-10-05,2.964
2020-10-06,2.923
2020-10-07,3.0305
2020-10-08,3.041
2020-10-09,3.084
2020-10-12,3.063
2020-10-13,3.0405
2020-10-14,3.052
2020-10-15,3.085
2020-10-16,3.0625
2020-10-19,3.085
2020-10-20,3.143
2020-10-21,3.195
2020-10-22,3.1645
2020-10-23,3.143
2020-10-26,3.0905
2020-10-27,3.0875
2020-10-28,3.067
2020-10-29,3.058
2020-10-30,3.0505
2020-11-02,3.0865
2020-11-03,3.099
2020-11-04,3.1035
2020-11-05,3.1125
2020-11-06,3.1495
2020-11-09,3.136
2020-11-10,3.155
2020-11-11,3.133
2020-11-12,3.1355
2020-11-13,3.182
2020-11-16,3.226
2020-11-17,3.2065
2020-11-18,3.195
2020-11-19,3.214
2020-11-20,3.293
2020-11-23,3.262
2020-11-24,3.3035
2020-11-25,3.3165
2020-11-27,3.404
2020-11-30,3.4505
2020-12-01,3.504
2020-12-02,3.4945
2020-12-03,3.484
2020-12-04,3.529
2020-12-07,3.507
2020-12-08,3.501
2020-12-09,3.499
2020-12-10,3.582
2020-12-11,3.5345
2020-12-14,3.5205
2020-12-15,3.544
2020-12-16,3.569
2020-12-17,3.6125
2020-12-18,3.6425
2020-12-21,3.581
2020-12-22,3.513
2020-12-23,3.546
2020-12-24,3.5715
2020-12-28,3.5725
2020-12-29,3.553
2020-12-30,3.5445
2020-12-31,3.52
2021-01-04,3.564
2021-01-05,3.647
2021-01-06,3.6625
2021-01-07,3.707
2021-01-08,3.6935
2021-01-11,3.5555
2021-01-12,3.6425
2021-01-13,3.6105
2021-01-14,3.6715
2021-01-15,3.601
2021-01-19,3.6305
2021-01-20,3.645
2021-01-21,3.6465
2021-01-22,3.6195
2021-01-25,3.6305
2021-01-26,3.617
2021-01-27,3.5465
2021-01-28,3.5745
2021-01-29,3.5405
2021-02-01,3.5515
2021-02-02,3.5265
2021-02-03,3.562
2021-02-04,3.551
2021-02-05,3.64
2021-02-08,3.679
2021-02-09,3.7185
2021-02-10,3.7735
2021-02-11,3.781
2021-02-12,3.7995
2021-02-16,3.837
2021-02-17,3.821
2021-02-18,3.9065
2021-02-19,4.067
2021-02-22,4.148
2021-02-23,4.214
2021-02-24,4.3165
2021-02-25,4.205
2021-02-26,4.102
2021-03-01,4.1005
2021-03-02,4.211
2021-03-03,4.1045
2021-03-04,3.9455
2021-03-05,4.1
2021-03-08,4.0755
2021-03-09,4.013
2021-03-10,4.032
2021-03-11,4.1455
2021-03-12,4.157
2021-03-15,4.139
2021-03-16,4.061
2021-03-17,4.1455
2021-03-18,4.0635
2021-03-19,4.104
2021-03-22,4.1425
2021-03-23,4.028
2021-03-24,4.028
2021-03-25,3.997
2021-03-26,4.0795
2021-03-29,4.037
2021-03-30,3.9785
2021-03-31,3.983
2021-04-01,4.0135
2021-04-05,4.138
2021-04-06,4.1075
2021-04-07,4.0615
2021-04-08,4.092
2021-04-09,4.045
2021-04-12,4.0195
2021-04-13,4.039
2021-04-14,4.106
2021-04-15,4.2255
2021-04-16,4.1645
2021-04-19,4.2385
2021-04-20,4.204
2021-04-21,4.2875
2021-04-22,4.2685
2021-04-23,4.3325
2021-04-26,4.446
2021-04-27,4.4825
2021-04-28,4.4975
2021-04-29,4.482
2021-04-30,4.456
2021-05-03,4.5265
2021-05-04,4.558
2021-05-05,4.518
2021-05-06,4.6095
2021-05-07,4.749
2021-05-10,4.694
2021-05-11,4.798
2021-05-12,4.718
2021-05-13,4.681
2021-05-14,4.6635
2021-05-17,4.718
2021-05-18,4.7075
2021-05-19,4.568
2021-05-20,4.53
2021-05-21,4.5095
2021-05-24,4.533
2021-05-25,4.5105
2021-05-26,4.523
2021-05-27,4.6675
2021-05-28,4.6695
2021-06-01,4.652
2021-06-02,4.602
2021-06-03,4.4685
2021-06-04,4.5165
2021-06-07,4.522
2021-06-08,4.543
2021-06-09,4.516
2021-06-10,4.49
2021-06-11,4.552
2021-06-14,4.5245
2021-06-15,4.336
2021-06-16,4.269
2021-06-17,4.1735
2021-06-18,4.122
2021-06-21,4.1775
2021-06-22,4.2295
2021-06-23,4.317
2021-06-24,4.3105
2021-06-25,4.276
2021-06-28,4.276
2021-06-29,4.258
2021-06-30,4.2915
2021-07-01,4.242
2021-07-02,4.279
2021-07-06,4.2505
2021-07-07,4.3065
2021-07-08,4.269
2021-07-09,4.342
2021-07-12,4.3285
2021-07-13,4.292
2021-07-14,4.267
2021-07-15,4.3115
2021-07-16,4.306
2021-07-19,4.202
2021-07-20,4.2585
2021-07-21,4.2795
2021-07-22,4.338
2021-07-23,4.455
2021-07-26,4.591
2021-07-27,4.56
2021-07-28,4.475
2021-07-29,4.521
2021-07-30,4.4805
2021-08-02,4.432
2021-08-03,4.3805
2021-08-04,4.332
2021-08-05,4.3475
2021-08-06,4.336
2021-08-09,4.2925
2021-08-10,4.3475
2021-08-11,4.3665
2021-08-12,4.3625
2021-08-13,4.36
2021-08-16,4.3275
2021-08-17,4.223
2021-08-18,4.1155
2021-08-19,4.0465
2021-08-20,4.145
2021-08-23,4.2215
2021-08-24,4.253
2021-08-25,4.2625
2021-08-26,4.235
2021-08-27,4.3355
2021-08-30,4.3775
2021-08-31,4.3655
2021-09-01,4.2805
2021-09-02,4.2965
2021-09-03,4.338
2021-09-07,4.2745
2021-09-08,4.2355
2021-09-09,4.279
2021-09-10,4.429
2021-09-13,4.366
2021-09-14,4.3145
2021-09-15,4.4025
2021-09-16,4.282
2021-09-17,4.24
2021-09-20,4.1255
2021-09-21,4.11
2021-09-22,4.2245
2021-09-23,4.2315
2021-09-24,4.2815
2021-09-27,4.2795
2021-09-28,4.2485
2021-09-29,4.177
2021-09-30,4.106
2021-10-01,4.2085
2021-10-04,4.2365
2021-10-05,4.1815
2021-10-06,4.173
2021-10-07,4.2485
2021-10-08,4.2785
2021-10-11,4.339
2021-10-12,4.321
2021-10-13,4.49
2021-10-14,4.6105
2021-10-15,4.72
2021-10-18,4.713
2021-10-19,4.686
2021-10-20,4.732
2021-10-21,4.5585
2021-10-22,4.502
2021-10-25,4.53
2021-10-26,4.4975
2021-10-27,4.388
2021-10-28,4.4325
2021-10-29,4.374
2021-11-01,4.3895
2021-11-02,4.3715
2021-11-03,4.3485
2021-11-04,4.322
2021-11-05,4.343
2021-11-08,4.398
2021-11-09,4.3735
2021-11-10,4.302
2021-11-11,4.4035
2021-11-12,4.4535
2021-11-15,4.411
2021-11-16,4.3455
2021-11-17,4.2025
2021-11-18,4.3
2021-11-19,4.3985
2021-11-22,4.3935
2021-11-23,4.419
2021-11-24,4.4745
2021-11-30,4.3085
2021-12-01,4.231
2021-12-02,4.29
2021-12-03,4.2695
2021-12-06,4.334
2021-12-07,4.341
2021-12-08,4.38
2021-12-09,4.3155
2021-12-10,4.294
2021-12-13,4.293
2021-12-14,4.2675
2021-12-15,4.245
2021-12-16,4.2995
2021-12-17,4.29
2021-12-20,4.3035
2021-12-21,4.3495
2021-12-22,4.3885
2021-12-23,4.405
2021-12-27,4.4655
2021-12-28,4.4355
2021-12-29,4.4155
2021-12-30,4.388
2021-12-31,4.46
2022-01-03,4.4225
2022-01-04,4.4705
2022-01-05,4.392
2022-01-06,4.3545
2022-01-07,4.401
2022-01-10,4.373
2022-01-11,4.4325
2022-01-12,4.5565
2022-01-13,4.5115
2022-01-14,4.431
2022-01-18,4.4035
2022-01-19,4.45
2022-01-20,4.5325
2022-01-21,4.5205
2022-01-24,4.4525
2022-01-25,4.459
2022-01-26,4.457
2022-01-27,4.416
2022-01-28,4.328
2022-01-31,4.3275
2022-02-01,4.4355
2022-02-02,4.481
2022-02-03,4.48
2022-02-04,4.506
2022-02-07,4.484
2022-02-08,4.4715
2022-02-09,4.635
2022-02-10,4.6185
2022-02-11,4.4415
2022-02-14,4.4895
2022-02-15,4.5325
2022-02-16,4.536
2022-02-17,4.5
2022-02-18,4.514
2022-02-22,4.505
2022-02-23,4.4605
2022-02-24,4.4965
2022-02-25,4.487
2022-02-28,4.506
2022-03-01,4.5735
2022-03-02,4.6765
2022-03-03,4.784
2022-03-04,4.9185
2022-03-07,4.749
2022-03-08,4.711
2022-03-09,4.593
2022-03-10,4.6375
2022-03-11,4.61
2022-03-14,4.5085
2022-03-15,4.502
2022-03-16,4.624
2022-03-17,4.697
2022-03-18,4.716
2022-03-21,4.7025
2022-03-22,4.71
2022-03-23,4.777
2022-03-24,4.7255
2022-03-25,4.69
2022-03-28,4.723
2022-03-29,4.749
2022-03-30,4.746
2022-03-31,4.7295
2022-04-01,4.7055
2022-04-04,4.784
2022-04-05,4.765
2022-04-06,4.704
2022-04-07,4.716
2022-04-08,4.7295
2022-04-11,4.63
2022-04-12,4.6915
2022-04-13,4.699
2022-04-14,4.7205
2022-04-18,4.802
2022-04-19,4.698
2022-04-20,4.6645
2022-04-21,4.6835
2022-04-22,4.5835
2022-04-25,4.479
2022-04-26,4.415
2022-04-27,4.463
2022-04-28,4.443
2022-04-29,4.386
2022-05-02,4.2825
2022-05-03,4.301
2022-05-04,4.364
2022-05-05,4.291
2022-05-06,4.2485
2022-05-09,4.1995
2022-05-10,4.1605
2022-05-11,4.216
2022-05-12,4.0885
2022-05-13,4.1645
2022-05-16,4.2065
2022-05-17,4.231
2022-05-18,4.153
2022-05-19,4.277
2022-05-20,4.3015
2022-05-23,4.3395
2022-05-24,4.3125
2022-05-25,4.27
2022-05-26,4.273
2022-05-27,4.3225
2022-05-31,4.283
2022-06-01,4.326
2022-06-02,4.558
2022-06-03,4.48
2022-06-06,4.4295
2022-06-07,4.449
2022-06-08,4.445
2022-06-09,4.3685
2022-06-10,4.2785
2022-06-13,4.2
2022-06-14,4.138
2022-06-15,4.1615
2022-06-16,4.1055
2022-06-17,4.0115
2022-06-21,4.0255
2022-06-22,3.93
2022-06-23,3.74
2022-06-24,3.739
2022-06-27,3.752
2022-06-28,3.757
2022-06-29,3.772
2022-06-30,3.678
2022-07-01,3.613
2022-07-05,3.4285
2022-07-06,3.4395
2022-07-07,3.5415
2022-07-08,3.52
2022-07-11,3.425
2022-07-12,3.259
2022-07-13,3.317
2022-07-14,3.226
2022-07-15,3.245
2022-07-18,3.3165
2022-07-19,3.2935
2022-07-20,3.3135
2022-07-21,3.306
2022-07-22,3.3225
2022-07-25,3.367
2022-07-26,3.3905
2022-07-27,3.472
2022-07-28,3.493
2022-07-29,3.5945
2022-08-01,3.5305
2022-08-02,3.473
2022-08-03,3.4775
2022-08-04,3.474
2022-08-05,3.551
2022-08-08,3.588
2022-08-09,3.588
2022-08-10,3.6365
2022-08-11,3.6935
2022-08-12,3.6795
2022-08-15,3.604
2022-08-16,3.625
2022-08-17,3.588
2022-08-18,3.6495
2022-08-19,3.67
2022-08-22,3.654
2022-08-23,3.6845
2022-08-24,3.639
2022-08-25,3.7005
2022-08-26,3.694
2022-08-29,3.6025
2022-08-30,3.5575
2022-08-31,3.5115
2022-09-01,3.408
2022-09-02,3.401
2022-09-06,3.4595
2022-09-07,3.442
2022-09-08,3.5545
2022-09-09,3.555
2022-09-12,3.616
2022-09-13,3.5305
2022-09-14,3.516
2022-09-15,3.473
2022-09-16,3.5415
2022-09-19,3.5255
2022-09-20,3.498
2022-09-21,3.439
2022-09-22,3.463
2022-09-23,3.3485
2022-09-26,3.294
2022-09-27,3.2935
2022-09-28,3.3805
2022-09-29,3.427
2022-09-30,3.3885
2022-10-03,3.4165
2022-10-04,3.495
2022-10-05,3.5435
2022-10-06,3.4375
2022-10-07,3.383
2022-10-10,3.4375
2022-10-11,3.4205
2022-10-12,3.4285
2022-10-13,3.461
2022-10-14,3.4055
2022-10-17,3.408
2022-10-18,3.363
2022-10-19,3.3245
2022-10-20,3.3985
2022-10-21,3.479
2022-10-24,3.4345
2022-10-25,3.4025
2022-10-26,3.54
2022-10-27,3.528
2022-10-28,3.432
2022-10-31,3.379
2022-11-01,3.4675
2022-11-02,3.4355
2022-11-03,3.4245
2022-11-04,3.701
2022-11-07,3.6005
2022-11-08,3.6635
2022-11-09,3.675
2022-11-10,3.776
2022-11-11,3.936
2022-11-14,3.84
2022-11-15,3.8195
2022-11-16,3.7575
2022-11-17,3.68
2022-11-18,3.638
2022-11-21,3.581
2022-11-22,3.623
2022-11-23,3.6435
2022-11-25,3.625
2022-11-28,3.6005
2022-11-29,3.6465
2022-11-30,3.784
2022-12-01,3.796
2022-12-02,3.855
2022-12-05,3.7885
2022-12-06,3.822
2022-12-07,3.8445
2022-12-08,3.8805
2022-12-09,3.8565
2022-12-12,3.8075
2022-12-13,3.847
2022-12-14,3.8615
2022-12-15,3.777
2022-12-16,3.77
2022-12-19,3.762
2022-12-20,3.8075
2022-12-21,3.8175
2022-12-22,3.7655
2022-12-23,3.813
2022-12-27,3.851
2022-12-28,3.8335
2022-12-29,3.829
2022-12-30,3.82
2023-01-03,3.769
2023-01-04,3.7425
2023-01-05,3.827
2023-01-06,3.9235
2023-01-09,4.01
2023-01-10,4.081
2023-01-11,4.1765
2023-01-12,4.173
2023-01-13,4.2175
2023-01-17,4.233
2023-01-18,4.228
2023-01-19,4.248
2023-01-20,4.2795
2023-01-23,4.2585
2023-01-24,4.263
2023-01-25,4.2625
2023-01-26,4.283
2023-01-27,4.23
2023-01-30,4.1845
2023-01-31,4.2225
2023-02-01,4.181
2023-02-02,4.087
2023-02-03,4.0305
2023-02-06,4.037
2023-02-07,4.0685
2023-02-08,4.0475
2023-02-09,4.0685
2023-02-10,4.015
2023-02-13,4.0615
2023-02-14,4.0885
2023-02-15,4.0245
2023-02-16,4.1215
2023-02-17,4.127
2023-02-21,4.2155
2023-02-22,4.178
2023-02-23,4.0525
2023-02-24,3.9565
2023-02-27,4.008
2023-02-28,4.074
2023-03-01,4.169
2023-03-02,4.0735
2023-03-03,4.071
2023-03-06,4.076
2023-03-07,3.9665
2023-03-08,4.0305
2023-03-09,4.0075
2023-03-10,4.007
2023-03-13,4.0405
2023-03-14,4.006
2023-03-15,3.884
2023-03-16,3.873
2023-03-17,3.895
2023-03-20,3.957
2023-03-21,4.0045
2023-03-22,4.0365
2023-03-23,4.1045
2023-03-24,4.073
2023-03-27,4.097
2023-03-28,4.077
2023-03-29,4.0825
2023-03-30,4.1115
2023-03-31,4.0835
2023-04-03,4.052
2023-04-04,3.97
2023-04-05,3.984
2023-04-06,4.011
2023-04-10,3.9885
2023-04-11,4.0305
2023-04-12,4.0685
2023-04-13,4.1275
2023-04-14,4.1185
2023-04-17,4.0725
2023-04-18,4.09
2023-04-19,4.0735
2023-04-20,4.019
2023-04-21,3.9845
2023-04-24,3.959
2023-04-25,3.8475
2023-04-26,3.8535
2023-04-27,3.8925
2023-04-28,3.8995
2023-05-01,3.9375
2023-05-02,3.864
2023-05-03,3.8485
2023-05-04,3.8585
2023-05-05,3.8915
2023-05-08,3.9235
2023-05-09,3.9045
2023-05-10,3.849
2023-05-11,3.699
2023-05-12,3.7255
2023-05-15,3.7435
2023-05-16,3.6605
2023-05-17,3.748
2023-05-18,3.6955
2023-05-19,3.728
2023-05-22,3.6785
2023-05-23,3.6395
2023-05-24,3.5655
2023-05-25,3.591
2023-05-26,3.6715
2023-05-30,3.66
2023-05-31,3.666
2023-06-01,3.7125
2023-06-02,3.733
2023-06-05,3.762
2023-06-06,3.7665
2023-06-07,3.755
2023-06-08,3.7865
2023-06-09,3.771
2023-06-12,3.752
2023-06-13,3.8285
2023-06-14,3.859
2023-06-15,3.8915
2023-06-16,3.8795
2023-06-20,3.8795
2023-06-21,3.905
2023-06-22,3.89
2023-06-23,3.807
2023-06-26,3.7765
2023-06-27,3.7915
2023-06-28,3.7285
2023-06-29,3.698
2023-06-30,3.764
2023-07-03,3.7925
2023-07-05,3.7595
2023-07-06,3.7445
2023-07-07,3.7815
2023-07-10,3.789
2023-07-11,3.7715
2023-07-12,3.8525
2023-07-13,3.952
2023-07-14,3.924
2023-07-17,3.841
2023-07-18,3.833
2023-07-19,3.8165
2023-07-20,3.828
2023-07-21,3.8185
2023-07-24,3.848
2023-07-25,3.9245
2023-07-26,3.903
2023-07-27,3.847
2023-07-28,3.933
2023-07-31,4.016
2023-08-01,3.908
2023-08-02,3.8445
2023-08-03,3.897
