指标名称,期货官方价:LME3个月铜
2010-01-04,7504.0
2010-01-05,7485.0
2010-01-06,7620.0
2010-01-07,7610.0
2010-01-08,7465.5
2010-01-11,7700.0
2010-01-12,7455.0
2010-01-13,7420.0
2010-01-14,7486.0
2010-01-15,7438.0
2010-01-18,7525.0
2010-01-19,7475.0
2010-01-20,7460.0
2010-01-21,7379.0
2010-01-22,7260.0
2010-01-25,7426.0
2010-01-26,7331.0
2010-01-27,7268.0
2010-01-28,7065.0
2010-01-29,6868.0
2010-02-01,6694.0
2010-02-02,6875.0
2010-02-03,6871.5
2010-02-04,6590.0
2010-02-05,6260.5
2010-02-08,6346.5
2010-02-09,6535.0
2010-02-10,6630.0
2010-02-11,6705.0
2010-02-12,6775.0
2010-02-15,6855.0
2010-02-16,6970.0
2010-02-17,7145.0
2010-02-18,7110.5
2010-02-19,7223.0
2010-02-22,7365.0
2010-02-23,7261.0
2010-02-24,7061.0
2010-02-25,7080.0
2010-02-26,7096.0
2010-03-01,7360.0
2010-03-02,7390.0
2010-03-03,7520.0
2010-03-04,7527.0
2010-03-05,7498.0
2010-03-08,7581.0
2010-03-09,7435.0
2010-03-10,7570.0
2010-03-11,7410.5
2010-03-12,7498.5
2010-03-15,7301.0
2010-03-16,7390.5
2010-03-17,7517.0
2010-03-18,7515.0
2010-03-19,7509.0
2010-03-22,7342.0
2010-03-23,7435.5
2010-03-24,7341.5
2010-03-25,7378.5
2010-03-26,7535.0
2010-03-29,7660.0
2010-03-30,7825.0
2010-03-31,7841.5
2010-04-01,7920.0
2010-04-06,7971.0
2010-04-07,7940.0
2010-04-08,7835.0
2010-04-09,7935.0
2010-04-12,7950.0
2010-04-13,7876.0
2010-04-14,7965.0
2010-04-15,7900.0
2010-04-16,7941.0
2010-04-19,7685.0
2010-04-20,7825.0
2010-04-21,7705.0
2010-04-22,7705.0
2010-04-23,7700.0
2010-04-26,7795.0
2010-04-27,7691.0
2010-04-28,7449.0
2010-04-29,7430.0
2010-04-30,7395.5
2010-05-04,7200.0
2010-05-05,6848.0
2010-05-06,6999.0
2010-05-07,6920.0
2010-05-10,7205.0
2010-05-11,6915.0
2010-05-12,7125.0
2010-05-13,7051.0
2010-05-14,6987.0
2010-05-17,6752.0
2010-05-18,6636.5
2010-05-19,6502.0
2010-05-20,6530.0
2010-05-21,6665.0
2010-05-24,6805.0
2010-05-25,6731.0
2010-05-26,6861.0
2010-05-27,6910.0
2010-05-28,6965.0
2010-06-01,6737.0
2010-06-02,6637.0
2010-06-03,6670.0
2010-06-04,6481.0
2010-06-07,6181.5
2010-06-08,6125.0
2010-06-09,6315.5
2010-06-10,6325.0
2010-06-11,6494.0
2010-06-14,6635.0
2010-06-15,6655.0
2010-06-16,6622.0
2010-06-17,6510.0
2010-06-18,6340.0
2010-06-21,6645.0
2010-06-22,6490.0
2010-06-23,6610.0
2010-06-24,6570.0
2010-06-25,6636.0
2010-06-28,6826.0
2010-06-29,6613.5
2010-06-30,6541.5
2010-07-01,6389.0
2010-07-02,6480.0
2010-07-05,6466.0
2010-07-06,6556.0
2010-07-07,6575.0
2010-07-08,6671.0
2010-07-09,6710.0
2010-07-12,6656.0
2010-07-13,6610.0
2010-07-14,6712.5
2010-07-15,6679.0
2010-07-16,6669.0
2010-07-19,6512.0
2010-07-20,6548.0
2010-07-21,6791.0
2010-07-22,6942.0
2010-07-23,7021.0
2010-07-26,7027.0
2010-07-27,7121.0
2010-07-28,7145.5
2010-07-29,7234.0
2010-07-30,7217.5
2010-08-02,7367.0
2010-08-03,7380.0
2010-08-04,7402.0
2010-08-05,7421.0
2010-08-06,7440.0
2010-08-09,7460.0
2010-08-10,7252.0
2010-08-11,7227.0
2010-08-12,7199.0
2010-08-13,7220.0
2010-08-16,7220.0
2010-08-17,7350.0
2010-08-18,7375.0
2010-08-19,7461.5
2010-08-20,7219.5
2010-08-23,7250.0
2010-08-24,7197.0
2010-08-25,7095.0
2010-08-26,7225.0
2010-08-27,7301.0
2010-08-31,7360.5
2010-09-01,7545.0
2010-09-02,7640.5
2010-09-03,7646.0
2010-09-06,7675.0
2010-09-07,7524.0
2010-09-08,7635.0
2010-09-09,7561.0
2010-09-10,7545.0
2010-09-13,7631.0
2010-09-14,7541.0
2010-09-15,7610.5
2010-09-16,7685.0
2010-09-17,7770.0
2010-09-20,7752.0
2010-09-21,7696.0
2010-09-22,7710.0
2010-09-23,7885.0
2010-09-24,7905.5
2010-09-27,7940.0
2010-09-28,7861.0
2010-09-29,8030.0
2010-09-30,8055.0
2010-10-01,8132.0
2010-10-04,8120.0
2010-10-05,8140.0
2010-10-06,8239.0
2010-10-07,8286.0
2010-10-08,8115.0
2010-10-11,8326.0
2010-10-12,8271.0
2010-10-13,8410.5
2010-10-14,8415.5
2010-10-15,8371.0
2010-10-18,8344.5
2010-10-19,8315.0
2010-10-20,8272.0
2010-10-21,8424.0
2010-10-22,8325.0
2010-10-25,8502.0
2010-10-26,8474.5
2010-10-27,8345.0
2010-10-28,8340.0
2010-10-29,8220.0
2010-11-01,8335.0
2010-11-02,8419.0
2010-11-03,8405.0
2010-11-04,8539.0
2010-11-05,8710.5
2010-11-08,8680.0
2010-11-09,8835.0
2010-11-10,8720.0
2010-11-11,8925.0
2010-11-12,8681.5
2010-11-15,8565.0
2010-11-16,8470.0
2010-11-17,8110.0
2010-11-18,8360.0
2010-11-19,8391.5
2010-11-22,8376.0
2010-11-23,8120.0
2010-11-24,8245.0
2010-11-25,8251.0
2010-11-26,8235.0
2010-11-29,8260.0
2010-11-30,8286.0
2010-12-01,8499.0
2010-12-02,8670.5
2010-12-03,8707.0
2010-12-06,8729.5
2010-12-07,8986.0
2010-12-08,8849.0
2010-12-09,9011.0
2010-12-10,9069.0
2010-12-13,9141.0
2010-12-14,9208.5
2010-12-15,9060.0
2010-12-16,9020.0
2010-12-17,9072.5
2010-12-20,9206.0
2010-12-21,9353.5
2010-12-22,9359.0
2010-12-23,9241.0
2010-12-24,9332.0
2010-12-29,9430.0
2010-12-30,9514.5
2010-12-31,9665.0
2011-01-04,9715.5
2011-01-05,9434.5
2011-01-06,9572.0
2011-01-07,9390.0
2011-01-10,9360.5
2011-01-11,9472.0
2011-01-12,9618.0
2011-01-13,9620.0
2011-01-14,9572.0
2011-01-17,9651.5
2011-01-18,9715.0
2011-01-19,9756.0
2011-01-20,9465.0
2011-01-21,9455.0
2011-01-24,9480.0
2011-01-25,9316.5
2011-01-26,9370.0
2011-01-27,9471.0
2011-01-28,9585.0
2011-01-31,9680.0
2011-02-01,9810.0
2011-02-02,9920.0
2011-02-03,9941.0
2011-02-04,9978.0
2011-02-07,10120.0
2011-02-08,9925.0
2011-02-09,9973.0
2011-02-10,9865.0
2011-02-11,9905.5
2011-02-14,10124.0
2011-02-15,10110.0
2011-02-16,9905.0
2011-02-17,9790.0
2011-02-18,9800.0
2011-02-21,9815.0
2011-02-22,9650.5
2011-02-23,9512.0
2011-02-24,9440.0
2011-02-25,9675.0
2011-02-28,9845.0
2011-03-01,9920.0
2011-03-02,9830.0
2011-03-03,9910.0
2011-03-04,9980.0
2011-03-07,9854.0
2011-03-08,9431.0
2011-03-09,9629.0
2011-03-10,9210.0
2011-03-11,9073.0
2011-03-14,9235.0
2011-03-15,8991.0
2011-03-16,9355.0
2011-03-17,9455.0
2011-03-18,9525.0
2011-03-21,9525.0
2011-03-22,9459.5
2011-03-23,9705.0
2011-03-24,9711.0
2011-03-25,9730.5
2011-03-28,9575.0
2011-03-29,9455.5
2011-03-30,9535.0
2011-03-31,9408.5
2011-04-01,9352.0
2011-04-04,9440.0
2011-04-05,9272.0
2011-04-06,9505.0
2011-04-07,9717.5
2011-04-08,9851.0
2011-04-11,9814.0
2011-04-12,9690.5
2011-04-13,9647.0
2011-04-14,9352.0
2011-04-15,9432.0
2011-04-18,9375.5
2011-04-19,9310.0
2011-04-20,9475.0
2011-04-21,9645.5
2011-04-26,9493.0
2011-04-27,9380.0
2011-04-28,9390.5
2011-05-03,9256.0
2011-05-04,9200.0
2011-05-05,8820.5
2011-05-06,8774.5
2011-05-09,8930.5
2011-05-10,8965.0
2011-05-11,8775.0
2011-05-12,8548.0
2011-05-13,8880.0
2011-05-16,8744.0
2011-05-17,8881.0
2011-05-18,8931.0
2011-05-19,9035.0
2011-05-20,9005.0
2011-05-23,8861.0
2011-05-24,8895.0
2011-05-25,9020.5
2011-05-26,9010.0
2011-05-27,9151.0
2011-05-31,9237.5
2011-06-01,9180.5
2011-06-02,9050.5
2011-06-03,9035.0
2011-06-06,9116.0
2011-06-07,9112.0
2011-06-08,8981.0
2011-06-09,8964.0
2011-06-10,9015.5
2011-06-13,8896.5
2011-06-14,9015.5
2011-06-15,9156.0
2011-06-16,9020.0
2011-06-17,9115.0
2011-06-20,8951.5
2011-06-21,9070.0
2011-06-22,9010.0
2011-06-23,8979.0
2011-06-24,9055.0
2011-06-27,9001.0
2011-06-28,9020.0
2011-06-29,9195.0
2011-06-30,9315.0
2011-07-01,9415.5
2011-07-04,9435.0
2011-07-05,9415.0
2011-07-06,9460.0
2011-07-07,9555.0
2011-07-08,9738.0
2011-07-11,9580.0
2011-07-12,9520.0
2011-07-13,9685.5
2011-07-14,9670.5
2011-07-15,9628.0
2011-07-18,9694.5
2011-07-19,9779.5
2011-07-20,9789.0
2011-07-21,9631.0
2011-07-22,9719.0
2011-07-25,9644.0
2011-07-26,9805.0
2011-07-27,9761.0
2011-07-28,9770.0
2011-07-29,9750.0
2011-08-01,9847.0
2011-08-02,9645.0
2011-08-03,9575.0
2011-08-04,9475.5
2011-08-05,9202.0
2011-08-08,9070.0
2011-08-09,8869.0
2011-08-10,8865.0
2011-08-11,8820.0
2011-08-12,8875.5
2011-08-15,8844.0
2011-08-16,8780.0
2011-08-17,8896.0
2011-08-18,8830.0
2011-08-19,8806.0
2011-08-22,8831.0
2011-08-23,8876.0
2011-08-24,8855.0
2011-08-25,8925.0
2011-08-26,9119.0
2011-08-30,9138.0
2011-08-31,9219.0
2011-09-01,9131.0
2011-09-02,9073.0
2011-09-05,8962.0
2011-09-06,8945.0
2011-09-07,8991.0
2011-09-08,9061.5
2011-09-09,8922.0
2011-09-12,8670.0
2011-09-13,8795.0
2011-09-14,8731.0
2011-09-15,8725.5
2011-09-16,8812.0
2011-09-19,8436.0
2011-09-20,8421.0
2011-09-21,8254.5
2011-09-22,7806.0
2011-09-23,7261.0
2011-09-26,7240.5
2011-09-27,7540.0
2011-09-28,7450.0
2011-09-29,6996.0
2011-09-30,7160.0
2011-10-03,6820.0
2011-10-04,6812.0
2011-10-05,6881.0
2011-10-06,7121.0
2011-10-07,7278.0
2011-10-10,7346.5
2011-10-11,7240.5
2011-10-12,7438.0
2011-10-13,7348.0
2011-10-14,7520.0
2011-10-17,7570.0
2011-10-18,7294.5
2011-10-19,7328.0
2011-10-20,6930.0
2011-10-21,7085.0
2011-10-24,7381.0
2011-10-25,7602.0
2011-10-26,7735.0
2011-10-27,8040.0
2011-10-28,8000.5
2011-10-31,7922.0
2011-11-01,7651.0
2011-11-02,7926.0
2011-11-03,7865.0
2011-11-04,7945.0
2011-11-07,7805.0
2011-11-08,7836.0
2011-11-09,7695.0
2011-11-10,7471.0
2011-11-11,7480.0
2011-11-14,7741.5
2011-11-15,7685.0
2011-11-16,7620.0
2011-11-17,7525.5
2011-11-18,7610.0
2011-11-21,7335.5
2011-11-22,7422.0
2011-11-23,7195.0
2011-11-24,7296.0
2011-11-25,7230.0
2011-11-28,7401.0
2011-11-29,7471.0
2011-11-30,7430.0
2011-12-01,7826.0
2011-12-02,7920.0
2011-12-05,7875.0
2011-12-06,7795.0
2011-12-07,7835.5
2011-12-08,7825.0
2011-12-09,7826.0
2011-12-12,7644.5
2011-12-13,7619.0
2011-12-14,7372.0
2011-12-15,7290.0
2011-12-16,7360.0
2011-12-19,7302.0
2011-12-20,7302.5
2011-12-21,7427.0
2011-12-22,7520.0
2011-12-23,7615.0
2011-12-28,7532.0
2011-12-29,7386.0
2011-12-30,7570.0
2012-01-03,7680.0
2012-01-04,7665.5
2012-01-05,7485.5
2012-01-06,7540.0
2012-01-09,7508.0
2012-01-10,7652.0
2012-01-11,7700.5
2012-01-12,7961.0
2012-01-13,7980.0
2012-01-16,8025.5
2012-01-17,8203.0
2012-01-18,8171.5
2012-01-19,8370.0
2012-01-20,8255.5
2012-01-23,8349.0
2012-01-24,8282.5
2012-01-25,8295.0
2012-01-26,8570.0
2012-01-27,8622.5
2012-01-30,8409.0
2012-01-31,8495.5
2012-02-01,8395.0
2012-02-02,8355.0
2012-02-03,8345.0
2012-02-06,8491.0
2012-02-07,8362.0
2012-02-08,8607.0
2012-02-09,8546.0
2012-02-10,8606.0
2012-02-13,8530.0
2012-02-14,8425.0
2012-02-15,8416.0
2012-02-16,8220.0
2012-02-17,8385.0
2012-02-20,8236.0
2012-02-21,8329.0
2012-02-22,8410.0
2012-02-23,8406.5
2012-02-24,8445.0
2012-02-27,8427.0
2012-02-28,8647.0
2012-02-29,8590.5
2012-03-01,8568.5
2012-03-02,8584.0
2012-03-05,8505.5
2012-03-06,8343.0
2012-03-07,8260.5
2012-03-08,8390.0
2012-03-09,8395.0
2012-03-12,8402.0
2012-03-13,8530.0
2012-03-14,8461.5
2012-03-15,8480.0
2012-03-16,8595.0
2012-03-19,8546.0
2012-03-20,8409.0
2012-03-21,8443.0
2012-03-22,8290.0
2012-03-23,8379.0
2012-03-26,8450.0
2012-03-27,8490.5
2012-03-28,8430.0
2012-03-29,8335.0
2012-03-30,8441.5
2012-04-02,8466.0
2012-04-03,8566.5
2012-04-04,8449.0
2012-04-05,8341.0
2012-04-10,8227.0
2012-04-11,8100.0
2012-04-12,8140.0
2012-04-13,8125.0
2012-04-16,7991.5
2012-04-17,8016.0
2012-04-18,8040.0
2012-04-19,8005.0
2012-04-20,8083.0
2012-04-23,8050.0
2012-04-24,8095.0
2012-04-25,8205.0
2012-04-26,8260.0
2012-04-27,8323.0
2012-04-30,8377.0
2012-05-01,8391.0
2012-05-02,8329.0
2012-05-03,8256.0
2012-05-04,8225.5
2012-05-08,8133.0
2012-05-09,7975.0
2012-05-10,8053.0
2012-05-11,7995.0
2012-05-14,7851.0
2012-05-15,7829.0
2012-05-16,7665.0
2012-05-17,7680.0
2012-05-18,7745.5
2012-05-21,7746.0
2012-05-22,7742.0
2012-05-23,7590.5
2012-05-24,7615.0
2012-05-25,7655.0
2012-05-28,7719.0
2012-05-29,7676.5
2012-05-30,7546.0
2012-05-31,7499.0
2012-06-01,7365.5
2012-06-06,7450.0
2012-06-07,7481.0
2012-06-08,7270.0
2012-06-11,7405.5
2012-06-12,7395.5
2012-06-13,7416.0
2012-06-14,7400.0
2012-06-15,7515.5
2012-06-18,7481.5
2012-06-19,7510.5
2012-06-20,7565.5
2012-06-21,7430.0
2012-06-22,7281.5
2012-06-25,7335.0
2012-06-26,7350.0
2012-06-27,7336.0
2012-06-28,7410.0
2012-06-29,7585.5
2012-07-02,7637.0
2012-07-03,7776.0
2012-07-04,7706.0
2012-07-05,7767.0
2012-07-06,7618.0
2012-07-09,7527.0
2012-07-10,7555.0
2012-07-11,7520.5
2012-07-12,7485.5
2012-07-13,7674.5
2012-07-16,7640.5
2012-07-17,7680.0
2012-07-18,7595.5
2012-07-19,7761.5
2012-07-20,7638.0
2012-07-23,7389.5
2012-07-24,7405.0
2012-07-25,7441.0
2012-07-26,7512.0
2012-07-27,7560.5
2012-07-30,7530.0
2012-07-31,7586.0
2012-08-01,7505.0
2012-08-02,7395.0
2012-08-03,7328.0
2012-08-06,7411.0
2012-08-07,7561.0
2012-08-08,7525.5
2012-08-09,7510.0
2012-08-10,7439.5
2012-08-13,7445.0
2012-08-14,7420.0
2012-08-15,7391.0
2012-08-16,7397.0
2012-08-17,7508.0
2012-08-20,7442.0
2012-08-21,7524.5
2012-08-22,7577.0
2012-08-23,7676.0
2012-08-24,7617.0
2012-08-28,7616.0
2012-08-29,7541.0
2012-08-30,7625.0
2012-08-31,7591.0
2012-09-03,7658.0
2012-09-04,7650.0
2012-09-05,7615.5
2012-09-06,7680.5
2012-09-07,7855.5
2012-09-10,8050.5
2012-09-11,8080.0
2012-09-12,8115.5
2012-09-13,8075.5
2012-09-14,8403.0
2012-09-17,8312.0
2012-09-18,8250.0
2012-09-19,8330.5
2012-09-20,8220.0
2012-09-21,8280.5
2012-09-24,8168.0
2012-09-25,8240.0
2012-09-26,8133.5
2012-09-27,8173.0
2012-09-28,8247.0
2012-10-01,8190.5
2012-10-02,8339.0
2012-10-03,8284.5
2012-10-04,8330.0
2012-10-05,8295.5
2012-10-08,8135.5
2012-10-09,8189.5
2012-10-10,8128.0
2012-10-11,8212.5
2012-10-12,8175.5
2012-10-15,8122.0
2012-10-16,8146.0
2012-10-17,8120.5
2012-10-18,8217.0
2012-10-19,8125.0
2012-10-22,7990.5
2012-10-23,7860.0
2012-10-24,7859.5
2012-10-25,7847.0
2012-10-26,7770.0
2012-10-29,7711.0
2012-10-30,7760.0
2012-10-31,7824.0
2012-11-01,7815.5
2012-11-02,7785.0
2012-11-05,7607.0
2012-11-06,7671.0
2012-11-07,7662.0
2012-11-08,7609.0
2012-11-09,7536.5
2012-11-12,7640.0
2012-11-13,7614.0
2012-11-14,7643.0
2012-11-15,7616.0
2012-11-16,7583.5
2012-11-19,7693.5
2012-11-20,7751.0
2012-11-21,7725.0
2012-11-22,7736.0
2012-11-23,7693.0
2012-11-26,7790.0
2012-11-27,7805.5
2012-11-28,7744.0
2012-11-29,7867.0
2012-11-30,7955.0
2012-12-03,8015.0
2012-12-04,8010.5
2012-12-05,8055.0
2012-12-06,8047.0
2012-12-07,7991.5
2012-12-10,8138.5
2012-12-11,8100.5
2012-12-12,8130.5
2012-12-13,8030.5
2012-12-14,8065.5
2012-12-17,8025.5
2012-12-18,8038.0
2012-12-19,7987.0
2012-12-20,7852.0
2012-12-21,7792.0
2012-12-24,7801.5
2012-12-27,7900.0
2012-12-28,7875.0
2012-12-31,7930.0
2013-01-02,8112.0
2013-01-03,8166.0
2013-01-04,8060.0
2013-01-07,8032.5
2013-01-08,8085.5
2013-01-09,8095.0
2013-01-10,8150.0
2013-01-11,8090.0
2013-01-14,8070.0
2013-01-15,7970.5
2013-01-16,7940.0
2013-01-17,7960.0
2013-01-18,8085.0
2013-01-21,8051.5
2013-01-22,8105.0
2013-01-23,8150.0
2013-01-24,8076.0
2013-01-25,8091.0
2013-01-28,8050.0
2013-01-29,8046.0
2013-01-30,8215.0
2013-01-31,8216.0
2013-02-01,8190.0
2013-02-04,8265.0
2013-02-05,8286.0
2013-02-06,8230.5
2013-02-07,8253.0
2013-02-08,8241.0
2013-02-11,8258.0
2013-02-12,8220.0
2013-02-13,8260.5
2013-02-14,8235.0
2013-02-15,8235.5
2013-02-18,8113.0
2013-02-19,8107.0
2013-02-20,8039.0
2013-02-21,7875.0
2013-02-22,7849.0
2013-02-25,7890.0
2013-02-26,7795.0
2013-02-27,7864.0
2013-02-28,7855.0
2013-03-01,7665.0
2013-03-04,7742.0
2013-03-05,7745.0
2013-03-06,7733.5
2013-03-07,7710.5
2013-03-08,7745.0
2013-03-11,7701.5
2013-03-12,7840.0
2013-03-13,7808.0
2013-03-14,7790.5
2013-03-15,7811.5
2013-03-18,7590.0
2013-03-19,7569.0
2013-03-20,7605.0
2013-03-21,7626.5
2013-03-22,7656.0
2013-03-25,7640.0
2013-03-26,7661.0
2013-03-27,7605.0
2013-03-28,7613.5
2013-04-02,7469.0
2013-04-03,7436.5
2013-04-04,7375.0
2013-04-05,7415.0
2013-04-08,7491.0
2013-04-09,7516.0
2013-04-10,7575.5
2013-04-11,7545.0
2013-04-12,7545.5
2013-04-15,7155.5
2013-04-16,7250.5
2013-04-17,7091.0
2013-04-18,6997.0
2013-04-19,7010.0
2013-04-22,6916.0
2013-04-23,6842.0
2013-04-24,6974.0
2013-04-25,7055.5
2013-04-26,7100.0
2013-04-29,7117.0
2013-04-30,7105.5
2013-05-01,6906.5
2013-05-02,6900.0
2013-05-03,7151.0
2013-05-07,7270.5
2013-05-08,7355.0
2013-05-09,7336.0
2013-05-10,7377.0
2013-05-13,7380.0
2013-05-14,7225.5
2013-05-15,7145.0
2013-05-16,7125.5
2013-05-17,7350.0
2013-05-20,7297.0
2013-05-21,7410.0
2013-05-22,7510.0
2013-05-23,7320.0
2013-05-24,7277.0
2013-05-28,7299.5
2013-05-29,7235.5
2013-05-30,7285.5
2013-05-31,7270.5
2013-06-03,7365.5
2013-06-04,7370.5
2013-06-05,7460.5
2013-06-06,7346.5
2013-06-07,7316.0
2013-06-10,7155.0
2013-06-11,7070.5
2013-06-12,7121.0
2013-06-13,7093.5
2013-06-14,7085.5
2013-06-17,7067.0
2013-06-18,7010.5
2013-06-19,7005.0
2013-06-20,6835.5
2013-06-21,6806.0
2013-06-24,6676.0
2013-06-25,6765.5
2013-06-26,6715.5
2013-06-27,6732.0
2013-06-28,6775.5
2013-07-01,6919.0
2013-07-02,6950.0
2013-07-03,6920.5
2013-07-04,6926.0
2013-07-05,6842.5
2013-07-08,6779.0
2013-07-09,6728.0
2013-07-10,6785.0
2013-07-11,7020.0
2013-07-12,6940.5
2013-07-15,6920.0
2013-07-16,6965.0
2013-07-17,6940.0
2013-07-18,6887.0
2013-07-19,6925.0
2013-07-22,6990.5
2013-07-23,6990.5
2013-07-24,7098.0
2013-07-25,6950.0
2013-07-26,6925.0
2013-07-29,6883.0
2013-07-30,6775.0
2013-07-31,6810.0
2013-08-01,7010.0
2013-08-02,7031.0
2013-08-05,6966.0
2013-08-06,7045.0
2013-08-07,6920.0
2013-08-08,7157.5
2013-08-09,7211.0
2013-08-12,7275.0
2013-08-13,7317.0
2013-08-14,7300.0
2013-08-15,7248.0
2013-08-16,7374.5
2013-08-19,7305.5
2013-08-20,7300.0
2013-08-21,7271.0
2013-08-22,7368.0
2013-08-23,7331.5
2013-08-27,7317.0
2013-08-28,7277.0
2013-08-29,7241.0
2013-08-30,7122.5
2013-09-02,7200.0
2013-09-03,7215.0
2013-09-04,7160.0
2013-09-05,7132.0
2013-09-06,7200.0
2013-09-09,7226.0
2013-09-10,7207.0
2013-09-11,7192.0
2013-09-12,7076.5
2013-09-13,7060.0
2013-09-16,7085.0
2013-09-17,7087.0
2013-09-18,7118.0
2013-09-19,7330.5
2013-09-20,7329.5
2013-09-23,7215.5
2013-09-24,7173.0
2013-09-25,7190.0
2013-09-26,7245.0
2013-09-27,7275.5
2013-09-30,7296.0
2013-10-01,7236.0
2013-10-02,7182.0
2013-10-03,7245.5
2013-10-04,7182.0
2013-10-07,7204.5
2013-10-08,7268.0
2013-10-09,7178.5
2013-10-10,7142.0
2013-10-11,7156.5
2013-10-14,7225.5
2013-10-15,7215.5
2013-10-16,7182.0
2013-10-17,7205.0
2013-10-18,7270.0
2013-10-21,7250.0
2013-10-22,7274.0
2013-10-23,7215.5
2013-10-24,7171.0
2013-10-25,7134.5
2013-10-28,7177.0
2013-10-29,7224.0
2013-10-30,7278.0
2013-10-31,7241.0
2013-11-01,7264.0
2013-11-04,7190.5
2013-11-05,7155.0
2013-11-06,7198.0
2013-11-07,7118.0
2013-11-08,7127.0
2013-11-11,7131.0
2013-11-12,7128.5
2013-11-13,7030.0
2013-11-14,6949.0
2013-11-15,6975.5
2013-11-18,6996.0
2013-11-19,6957.0
2013-11-20,6985.0
2013-11-21,6994.0
2013-11-22,7065.0
2013-11-25,7070.0
2013-11-26,7075.0
2013-11-27,7070.0
2013-11-28,6996.0
2013-11-29,7030.0
2013-12-02,7014.0
2013-12-03,6948.5
2013-12-04,6975.0
2013-12-05,7086.0
2013-12-06,7112.0
2013-12-09,7145.0
2013-12-10,7161.0
2013-12-11,7162.0
2013-12-12,7214.5
2013-12-13,7219.0
2013-12-16,7310.0
2013-12-17,7272.0
2013-12-18,7227.0
2013-12-19,7217.0
2013-12-20,7245.0
2013-12-23,7238.5
2013-12-24,7272.0
2013-12-27,7365.5
2013-12-30,7380.0
2013-12-31,7371.0
2014-01-02,7422.0
2014-01-03,7323.0
2014-01-06,7290.5
2014-01-07,7335.0
2014-01-08,7357.0
2014-01-09,7263.5
2014-01-10,7258.0
2014-01-13,7276.0
2014-01-14,7320.0
2014-01-15,7291.0
2014-01-16,7327.5
2014-01-17,7340.0
2014-01-20,7310.0
2014-01-21,7282.0
2014-01-22,7289.5
2014-01-23,7258.0
2014-01-24,7207.5
2014-01-27,7200.0
2014-01-28,7172.0
2014-01-29,7160.0
2014-01-30,7116.0
2014-01-31,7062.5
2014-02-03,7051.0
2014-02-04,7060.0
2014-02-05,7060.0
2014-02-06,7060.5
2014-02-07,7159.0
2014-02-10,7144.0
2014-02-11,7099.0
2014-02-12,7137.0
2014-02-13,7118.5
2014-02-14,7131.0
2014-02-17,7174.0
2014-02-18,7171.0
2014-02-19,7181.0
2014-02-20,7132.0
2014-02-21,7151.0
2014-02-24,7061.5
2014-02-25,7055.0
2014-02-26,7076.5
2014-02-27,7024.0
2014-02-28,7026.0
2014-03-03,6962.0
2014-03-04,6996.0
2014-03-05,7055.0
2014-03-06,7035.0
2014-03-07,6915.5
2014-03-10,6690.5
2014-03-11,6689.0
2014-03-12,6470.0
2014-03-13,6460.5
2014-03-14,6467.0
2014-03-17,6545.0
2014-03-18,6450.5
2014-03-19,6435.5
2014-03-20,6430.0
2014-03-21,6526.0
2014-03-24,6503.0
2014-03-25,6560.0
2014-03-26,6551.0
2014-03-27,6570.0
2014-03-28,6654.0
2014-03-31,6626.0
2014-04-01,6629.0
2014-04-02,6707.0
2014-04-03,6610.5
2014-04-04,6681.0
2014-04-07,6616.0
2014-04-08,6650.0
2014-04-09,6626.0
2014-04-10,6627.0
2014-04-11,6690.5
2014-04-14,6635.5
2014-04-15,6631.0
2014-04-16,6604.0
2014-04-17,6632.5
2014-04-22,6625.0
2014-04-23,6636.0
2014-04-24,6720.0
2014-04-25,6775.0
2014-04-28,6750.5
2014-04-29,6750.0
2014-04-30,6710.5
2014-05-01,6642.0
2014-05-02,6666.0
2014-05-06,6699.5
2014-05-07,6660.0
2014-05-08,6659.0
2014-05-09,6724.5
2014-05-12,6878.0
2014-05-13,6844.0
2014-05-14,6927.0
2014-05-15,6886.0
2014-05-16,6877.0
2014-05-19,6941.0
2014-05-20,6884.5
2014-05-21,6805.0
2014-05-22,6870.0
2014-05-23,6919.0
2014-05-27,6921.0
2014-05-28,6945.0
2014-05-29,6876.0
2014-05-30,6906.0
2014-06-02,6923.0
2014-06-03,6868.0
2014-06-04,6779.0
2014-06-05,6771.0
2014-06-06,6656.0
2014-06-09,6660.0
2014-06-10,6670.0
2014-06-11,6657.0
2014-06-12,6670.0
2014-06-13,6642.0
2014-06-16,6700.0
2014-06-17,6702.0
2014-06-18,6737.0
2014-06-19,6725.0
2014-06-20,6766.0
2014-06-23,6880.0
2014-06-24,6875.5
2014-06-25,6871.0
2014-06-26,6911.5
2014-06-27,6938.5
2014-06-30,6935.0
2014-07-01,6995.5
2014-07-02,7035.0
2014-07-03,7118.0
2014-07-04,7151.0
2014-07-07,7115.5
2014-07-08,7153.0
2014-07-09,7156.0
2014-07-10,7090.5
2014-07-11,7140.0
2014-07-14,7140.5
2014-07-15,7105.0
2014-07-16,7123.0
2014-07-17,7041.0
2014-07-18,7026.0
2014-07-21,6989.0
2014-07-22,7065.0
2014-07-23,7070.5
2014-07-24,7145.0
2014-07-25,7180.5
2014-07-28,7120.5
2014-07-29,7102.5
2014-07-30,7065.0
2014-07-31,7120.0
2014-08-01,7060.0
2014-08-04,7096.0
2014-08-05,7103.5
2014-08-06,6977.0
2014-08-07,6971.0
2014-08-08,7005.0
2014-08-11,7003.0
2014-08-12,7010.5
2014-08-13,6917.0
2014-08-14,6873.0
2014-08-15,6845.0
2014-08-18,6887.0
2014-08-19,6906.0
2014-08-20,6905.0
2014-08-21,6985.0
2014-08-22,7077.0
2014-08-26,7070.0
2014-08-27,7030.0
2014-08-28,7001.0
2014-08-29,6971.0
2014-09-01,6942.0
2014-09-02,6947.0
2014-09-03,6905.5
2014-09-04,6950.0
2014-09-05,6960.0
2014-09-08,7030.0
2014-09-09,6930.0
2014-09-10,6871.0
2014-09-11,6803.0
2014-09-12,6835.5
2014-09-15,6820.5
2014-09-16,6857.5
2014-09-17,6920.5
2014-09-18,6884.0
2014-09-19,6827.0
2014-09-22,6735.0
2014-09-23,6750.0
2014-09-24,6715.0
2014-09-25,6725.5
2014-09-26,6721.0
2014-09-29,6694.5
2014-09-30,6687.0
2014-10-01,6712.0
2014-10-02,6652.0
2014-10-03,6630.0
2014-10-06,6680.0
2014-10-07,6682.0
2014-10-08,6706.0
2014-10-09,6712.5
2014-10-10,6640.0
2014-10-13,6725.5
2014-10-14,6729.0
2014-10-15,6746.0
2014-10-16,6585.0
2014-10-17,6580.0
2014-10-20,6570.5
2014-10-21,6621.0
2014-10-22,6690.0
2014-10-23,6668.0
2014-10-24,6696.0
2014-10-27,6738.0
2014-10-28,6800.0
2014-10-29,6785.5
2014-10-30,6706.0
2014-10-31,6770.0
2014-11-03,6730.0
2014-11-04,6660.5
2014-11-05,6584.0
2014-11-06,6620.0
2014-11-07,6645.0
2014-11-10,6676.0
2014-11-11,6625.5
2014-11-12,6689.0
2014-11-13,6695.5
2014-11-14,6621.0
2014-11-17,6676.0
2014-11-18,6617.0
2014-11-19,6644.0
2014-11-20,6621.0
2014-11-21,6725.5
2014-11-24,6680.0
2014-11-25,6654.0
2014-11-26,6590.0
2014-11-27,6562.0
2014-11-28,6461.0
2014-12-01,6313.0
2014-12-02,6385.0
2014-12-03,6391.0
2014-12-04,6435.0
2014-12-05,6479.0
2014-12-08,6406.0
2014-12-09,6355.0
2014-12-10,6424.0
2014-12-11,6422.0
2014-12-12,6480.0
2014-12-15,6500.0
2014-12-16,6350.5
2014-12-17,6270.0
2014-12-18,6318.5
2014-12-19,6397.0
2014-12-22,6382.0
2014-12-23,6316.5
2014-12-24,6319.5
2014-12-29,6254.0
2014-12-30,6272.0
2014-12-31,6289.5
2015-01-02,6247.0
2015-01-05,6150.0
2015-01-06,6121.0
2015-01-07,6105.0
2015-01-08,6160.5
2015-01-09,6081.0
2015-01-12,6058.0
2015-01-13,5840.0
2015-01-14,5555.0
2015-01-15,5667.0
2015-01-16,5655.0
2015-01-19,5642.5
2015-01-20,5740.0
2015-01-21,5600.0
2015-01-22,5712.5
2015-01-23,5551.0
2015-01-26,5450.0
2015-01-27,5521.5
2015-01-28,5455.5
2015-01-29,5369.0
2015-01-30,5465.0
2015-02-02,5506.0
2015-02-03,5670.0
2015-02-04,5686.0
2015-02-05,5587.0
2015-02-06,5666.0
2015-02-09,5660.5
2015-02-10,5581.0
2015-02-11,5649.0
2015-02-12,5681.5
2015-02-13,5720.0
2015-02-16,5705.0
2015-02-17,5665.5
2015-02-18,5680.5
2015-02-19,5708.0
2015-02-20,5692.0
2015-02-23,5651.0
2015-02-24,5710.0
2015-02-25,5782.0
2015-02-26,5913.0
2015-02-27,5841.0
2015-03-02,5885.0
2015-03-03,5836.0
2015-03-04,5866.0
2015-03-05,5829.5
2015-03-06,5805.0
2015-03-10,5756.0
2015-03-11,5767.0
2015-03-12,5850.5
2015-03-13,5837.5
2015-03-16,5835.0
2015-03-17,5746.0
2015-03-18,5675.0
2015-03-19,5812.0
2015-03-20,5900.0
2015-03-23,6061.0
2015-03-24,6108.0
2015-03-25,6110.0
2015-03-26,6215.0
2015-03-27,6125.0
2015-03-30,6087.0
2015-03-31,6021.0
2015-04-01,6000.0
2015-04-02,5983.0
2015-04-07,6025.5
2015-04-08,6030.0
2015-04-09,6027.0
2015-04-10,6040.5
2015-04-13,5995.5
2015-04-14,5913.0
2015-04-15,5915.0
2015-04-16,6062.0
2015-04-17,6082.0
2015-04-20,6010.0
2015-04-21,5967.5
2015-04-22,5931.0
2015-04-23,5933.0
2015-04-24,6030.0
2015-04-27,6060.0
2015-04-28,6085.0
2015-04-29,6087.0
2015-04-30,6218.0
2015-05-01,6355.0
2015-05-05,6408.0
2015-05-06,6404.0
2015-05-07,6435.0
2015-05-08,6392.0
2015-05-11,6363.0
2015-05-12,6445.0
2015-05-13,6413.0
2015-05-14,6400.0
2015-05-15,6360.5
2015-05-18,6387.0
2015-05-19,6285.0
2015-05-20,6205.5
2015-05-21,6238.0
2015-05-22,6201.0
2015-05-26,6132.0
2015-05-27,6084.0
2015-05-28,6111.0
2015-05-29,6095.0
2015-06-01,5990.0
2015-06-02,6010.0
2015-06-03,6011.0
2015-06-04,5960.0
2015-06-05,5938.0
2015-06-08,5930.0
2015-06-09,5993.0
2015-06-10,6050.0
2015-06-11,5920.0
2015-06-12,5904.0
2015-06-15,5790.0
2015-06-16,5786.0
2015-06-17,5772.0
2015-06-18,5779.5
2015-06-19,5680.0
2015-06-22,5670.0
2015-06-23,5734.0
2015-06-24,5779.5
2015-06-25,5732.0
2015-06-26,5744.0
2015-06-29,5775.0
2015-06-30,5734.0
2015-07-01,5764.0
2015-07-02,5781.5
2015-07-03,5780.0
2015-07-06,5590.0
2015-07-07,5455.0
2015-07-08,5385.0
2015-07-09,5590.0
2015-07-10,5580.0
2015-07-13,5625.0
2015-07-14,5526.0
2015-07-15,5621.0
2015-07-16,5546.0
2015-07-17,5490.0
2015-07-20,5446.0
2015-07-21,5505.0
2015-07-22,5369.5
2015-07-23,5350.5
2015-07-24,5240.5
2015-07-27,5200.0
2015-07-28,5255.0
2015-07-29,5315.5
2015-07-30,5255.0
2015-07-31,5221.0
2015-08-03,5187.0
2015-08-04,5227.0
2015-08-05,5179.5
2015-08-06,5176.0
2015-08-07,5145.5
2015-08-10,5165.0
2015-08-11,5160.5
2015-08-12,5118.5
2015-08-13,5156.0
2015-08-14,5165.0
2015-08-17,5107.0
2015-08-18,5005.0
2015-08-19,5007.0
2015-08-20,5065.0
2015-08-21,5040.5
2015-08-24,4887.0
2015-08-25,5011.0
2015-08-26,4931.5
2015-08-27,4999.0
2015-08-28,5076.0
2015-09-01,5084.0
2015-09-02,5070.0
2015-09-03,5223.5
2015-09-04,5150.0
2015-09-07,5171.0
2015-09-08,5256.0
2015-09-09,5354.0
2015-09-10,5382.0
2015-09-11,5336.0
2015-09-14,5305.0
2015-09-15,5278.0
2015-09-16,5349.0
2015-09-17,5362.0
2015-09-18,5349.0
2015-09-21,5255.0
2015-09-22,5126.0
2015-09-23,5108.0
2015-09-24,5040.0
2015-09-25,5071.0
2015-09-28,4944.0
2015-09-29,4994.5
2015-09-30,5071.0
2015-10-01,5168.0
2015-10-02,5075.5
2015-10-05,5134.5
2015-10-06,5160.0
2015-10-07,5240.0
2015-10-08,5149.0
2015-10-09,5305.0
2015-10-12,5324.0
2015-10-13,5252.5
2015-10-14,5252.0
2015-10-15,5326.0
2015-10-16,5260.0
2015-10-19,5231.0
2015-10-20,5182.0
2015-10-21,5182.0
2015-10-22,5268.0
2015-10-23,5285.5
2015-10-26,5221.0
2015-10-27,5216.0
2015-10-28,5167.0
2015-10-29,5155.0
2015-10-30,5116.0
2015-11-02,5115.0
2015-11-03,5127.5
2015-11-04,5157.0
2015-11-05,5040.0
2015-11-06,4995.0
2015-11-09,4980.0
2015-11-10,4925.0
2015-11-11,4912.0
2015-11-12,4860.0
2015-11-13,4810.0
2015-11-16,4765.0
2015-11-17,4687.0
2015-11-18,4660.0
2015-11-19,4600.0
2015-11-20,4655.0
2015-11-23,4500.0
2015-11-24,4512.0
2015-11-25,4529.0
2015-11-26,4650.0
2015-11-27,4620.5
2015-11-30,4589.0
2015-12-01,4608.5
2015-12-02,4582.0
2015-12-03,4517.0
2015-12-04,4637.0
2015-12-07,4598.0
2015-12-08,4567.0
2015-12-09,4613.0
2015-12-10,4570.0
2015-12-11,4669.0
2015-12-14,4640.0
2015-12-15,4600.5
2015-12-16,4588.0
2015-12-17,4555.0
2015-12-18,4654.0
2015-12-21,4702.0
2015-12-22,4690.5
2015-12-23,4685.0
2015-12-24,4676.0
2015-12-29,4687.0
2015-12-30,4720.0
2015-12-31,4701.0
2016-01-04,4640.0
2016-01-05,4647.5
2016-01-06,4601.0
2016-01-07,4508.0
2016-01-08,4489.0
2016-01-11,4406.0
2016-01-12,4368.0
2016-01-13,4377.0
2016-01-14,4368.0
2016-01-15,4320.5
2016-01-18,4360.0
2016-01-19,4436.0
2016-01-20,4352.0
2016-01-21,4379.0
2016-01-22,4456.5
2016-01-25,4455.0
2016-01-26,4501.0
2016-01-27,4510.0
2016-01-28,4545.0
2016-01-29,4535.5
2016-02-01,4525.0
2016-02-02,4601.0
2016-02-03,4580.5
2016-02-04,4680.0
2016-02-05,4668.0
2016-02-08,4577.0
2016-02-09,4526.0
2016-02-10,4504.0
2016-02-11,4466.0
2016-02-12,4487.0
2016-02-15,4557.5
2016-02-16,4580.5
2016-02-17,4564.0
2016-02-18,4575.0
2016-02-19,4590.5
2016-02-22,4690.0
2016-02-23,4669.0
2016-02-24,4590.0
2016-02-25,4647.0
2016-02-26,4681.0
2016-02-29,4691.0
2016-03-01,4716.5
2016-03-02,4768.0
2016-03-03,4825.0
2016-03-04,4910.0
2016-03-07,4989.5
2016-03-08,4975.0
2016-03-09,4921.0
2016-03-10,4911.0
2016-03-11,4932.0
2016-03-14,4975.0
2016-03-15,4903.0
2016-03-16,4935.5
2016-03-17,5015.5
2016-03-18,5070.5
2016-03-21,5058.0
2016-03-22,5042.0
2016-03-23,5043.0
2016-03-24,4915.0
2016-03-29,4915.0
2016-03-30,4909.0
2016-03-31,4820.5
2016-04-01,4857.0
2016-04-04,4805.0
2016-04-05,4763.0
2016-04-06,4755.5
2016-04-07,4700.0
2016-04-08,4635.5
2016-04-11,4641.0
2016-04-12,4700.0
2016-04-13,4820.0
2016-04-14,4815.0
2016-04-15,4787.0
2016-04-18,4778.0
2016-04-19,4803.0
2016-04-20,4930.0
2016-04-21,5015.0
2016-04-22,5005.5
2016-04-25,4991.0
2016-04-26,4927.0
2016-04-27,4922.0
2016-04-28,4892.5
2016-04-29,5034.0
2016-05-03,4954.0
2016-05-04,4885.0
2016-05-05,4797.0
2016-05-06,4794.0
2016-05-09,4727.0
2016-05-10,4700.0
2016-05-11,4735.5
2016-05-12,4735.0
2016-05-13,4654.5
2016-05-16,4634.0
2016-05-17,4629.0
2016-05-18,4590.0
2016-05-19,4583.0
2016-05-20,4623.0
2016-05-23,4562.0
2016-05-24,4610.0
2016-05-25,4620.0
2016-05-26,4687.0
2016-05-27,4705.0
2016-05-31,4675.0
2016-06-01,4586.0
2016-06-02,4585.5
2016-06-03,4680.0
2016-06-06,4705.5
2016-06-07,4595.0
2016-06-08,4605.0
2016-06-09,4563.0
2016-06-10,4519.0
2016-06-13,4528.0
2016-06-14,4530.0
2016-06-15,4644.0
2016-06-16,4537.0
2016-06-17,4535.0
2016-06-20,4595.0
2016-06-21,4597.0
2016-06-22,4700.0
2016-06-23,4752.0
2016-06-24,4670.5
2016-06-27,4705.0
2016-06-28,4785.0
2016-06-29,4785.5
2016-06-30,4835.0
2016-07-01,4800.0
2016-07-04,4928.0
2016-07-05,4862.0
2016-07-06,4728.0
2016-07-07,4742.0
2016-07-08,4720.0
2016-07-11,4762.0
2016-07-12,4835.0
2016-07-13,4940.0
2016-07-14,4933.5
2016-07-15,4966.5
2016-07-18,4855.0
2016-07-19,4959.0
2016-07-20,4917.0
2016-07-21,4967.0
2016-07-22,4966.0
2016-07-25,4932.0
2016-07-26,4875.0
2016-07-27,4882.0
2016-07-28,4876.0
2016-07-29,4865.0
2016-08-01,4924.0
2016-08-02,4898.5
2016-08-03,4858.0
2016-08-04,4808.0
2016-08-05,4810.5
2016-08-08,4810.0
2016-08-09,4786.5
2016-08-10,4879.0
2016-08-11,4816.0
2016-08-12,4761.0
2016-08-15,4761.5
2016-08-16,4808.5
2016-08-17,4772.0
2016-08-18,4818.5
2016-08-19,4788.0
2016-08-22,4747.5
2016-08-23,4738.0
2016-08-24,4674.0
2016-08-25,4649.0
2016-08-26,4640.0
2016-08-30,4625.5
2016-08-31,4620.0
2016-09-01,4635.0
2016-09-02,4615.5
2016-09-05,4615.0
2016-09-06,4639.5
2016-09-07,4661.0
2016-09-08,4636.0
2016-09-09,4643.0
2016-09-12,4595.0
2016-09-13,4664.0
2016-09-14,4713.0
2016-09-15,4744.0
2016-09-16,4752.0
2016-09-19,4755.0
2016-09-20,4759.0
2016-09-21,4759.0
2016-09-22,4832.5
2016-09-23,4840.0
2016-09-26,4818.0
2016-09-27,4796.0
2016-09-28,4822.5
2016-09-29,4832.0
2016-09-30,4847.0
2016-10-03,4829.0
2016-10-04,4810.0
2016-10-05,4805.0
2016-10-06,4763.0
2016-10-07,4760.5
2016-10-10,4810.0
2016-10-11,4821.5
2016-10-12,4830.0
2016-10-13,4776.0
2016-10-14,4692.0
2016-10-17,4694.0
2016-10-18,4685.0
2016-10-19,4664.0
2016-10-20,4653.5
2016-10-21,4657.0
2016-10-24,4640.5
2016-10-25,4733.0
2016-10-26,4726.5
2016-10-27,4783.0
2016-10-28,4798.0
2016-10-31,4842.0
2016-11-01,4878.0
2016-11-02,4889.0
2016-11-03,4927.5
2016-11-04,4958.0
2016-11-07,5042.0
2016-11-08,5064.5
2016-11-09,5352.0
2016-11-10,5635.0
2016-11-11,5910.0
2016-11-14,5628.0
2016-11-15,5441.0
2016-11-16,5462.0
2016-11-17,5435.5
2016-11-18,5460.0
2016-11-21,5555.0
2016-11-22,5634.0
2016-11-23,5590.0
2016-11-24,5848.0
2016-11-25,5838.0
2016-11-28,5950.0
2016-11-29,5790.0
2016-11-30,5755.0
2016-12-01,5775.0
2016-12-02,5735.0
2016-12-05,5859.0
2016-12-06,5867.0
2016-12-07,5914.0
2016-12-08,5836.0
2016-12-09,5825.0
2016-12-12,5775.0
2016-12-13,5776.0
2016-12-14,5745.0
2016-12-15,5683.5
2016-12-16,5660.0
2016-12-19,5565.5
2016-12-20,5500.0
2016-12-21,5519.0
2016-12-22,5440.0
2016-12-23,5496.0
2016-12-28,5500.5
2016-12-29,5529.0
2016-12-30,5520.0
2017-01-03,5584.0
2017-01-04,5518.0
2017-01-05,5629.0
2017-01-06,5571.0
2017-01-09,5576.0
2017-01-10,5661.0
2017-01-11,5730.5
2017-01-12,5779.0
2017-01-13,5828.0
2017-01-16,5885.5
2017-01-17,5797.0
2017-01-18,5750.0
2017-01-19,5733.0
2017-01-20,5735.0
2017-01-23,5795.0
2017-01-24,5895.0
2017-01-25,5893.0
2017-01-26,5912.0
2017-01-27,5864.5
2017-01-30,5877.0
2017-01-31,5930.0
2017-02-01,5936.0
2017-02-02,5922.0
2017-02-03,5845.0
2017-02-06,5794.0
2017-02-07,5816.0
2017-02-08,5879.0
2017-02-09,5875.0
2017-02-10,5873.0
2017-02-13,6111.5
2017-02-14,6156.0
2017-02-15,6036.0
2017-02-16,6036.0
2017-02-17,5960.0
2017-02-20,6007.0
2017-02-21,6045.5
2017-02-22,5991.0
2017-02-23,6003.0
2017-02-24,5893.0
2017-02-27,5935.0
2017-02-28,5940.0
2017-03-01,6051.0
2017-03-02,6001.0
2017-03-03,5918.0
2017-03-06,5865.5
2017-03-07,5822.0
2017-03-08,5798.0
2017-03-09,5672.0
2017-03-10,5729.0
2017-03-13,5805.0
2017-03-14,5772.0
2017-03-15,5869.0
2017-03-16,5935.0
2017-03-17,5909.0
2017-03-20,5912.0
2017-03-21,5794.0
2017-03-22,5741.0
2017-03-23,5825.0
2017-03-24,5815.5
2017-03-27,5694.0
2017-03-28,5800.0
2017-03-29,5866.0
2017-03-30,5881.0
2017-03-31,5865.5
2017-04-03,5847.0
2017-04-04,5750.0
2017-04-05,5840.0
2017-04-06,5900.5
2017-04-07,5810.0
2017-04-10,5766.0
2017-04-11,5772.0
2017-04-12,5711.0
2017-04-13,5686.0
2017-04-18,5650.0
2017-04-19,5630.5
2017-04-20,5645.0
2017-04-21,5633.0
2017-04-24,5644.0
2017-04-25,5688.0
2017-04-26,5705.0
2017-04-27,5712.0
2017-04-28,5714.0
2017-05-02,5780.0
2017-05-03,5665.0
2017-05-04,5570.0
2017-05-05,5560.0
2017-05-08,5491.0
2017-05-09,5520.0
2017-05-10,5537.5
2017-05-11,5603.0
2017-05-12,5541.0
2017-05-15,5612.0
2017-05-16,5594.0
2017-05-17,5597.0
2017-05-18,5508.0
2017-05-19,5617.5
2017-05-22,5695.5
2017-05-23,5684.0
2017-05-24,5680.0
2017-05-25,5687.5
2017-05-26,5689.0
2017-05-30,5630.0
2017-05-31,5640.0
2017-06-01,5662.0
2017-06-02,5584.0
2017-06-05,5616.0
2017-06-06,5570.0
2017-06-07,5606.0
2017-06-08,5675.5
2017-06-09,5764.0
2017-06-12,5783.0
2017-06-13,5693.0
2017-06-14,5717.0
2017-06-15,5667.0
2017-06-16,5679.0
2017-06-19,5710.0
2017-06-20,5699.0
2017-06-21,5677.0
2017-06-22,5762.0
2017-06-23,5797.0
2017-06-26,5795.0
2017-06-27,5812.0
2017-06-28,5840.0
2017-06-29,5925.0
2017-06-30,5918.0
2017-07-03,5917.0
2017-07-04,5875.0
2017-07-05,5848.5
2017-07-06,5861.0
2017-07-07,5829.0
2017-07-10,5815.0
2017-07-11,5824.5
2017-07-12,5914.0
2017-07-13,5920.0
2017-07-14,5880.5
2017-07-17,5985.0
2017-07-18,5973.0
2017-07-19,5994.0
2017-07-20,5968.0
2017-07-21,6035.0
2017-07-24,6030.0
2017-07-25,6180.5
2017-07-26,6270.5
2017-07-27,6356.0
2017-07-28,6315.0
2017-07-31,6383.0
2017-08-01,6336.0
2017-08-02,6321.5
2017-08-03,6318.0
2017-08-04,6357.0
2017-08-07,6365.5
2017-08-08,6394.0
2017-08-09,6495.0
2017-08-10,6444.5
2017-08-11,6379.0
2017-08-14,6383.0
2017-08-15,6415.0
2017-08-16,6468.5
2017-08-17,6496.0
2017-08-18,6490.0
2017-08-21,6550.0
2017-08-22,6621.0
2017-08-23,6587.0
2017-08-24,6605.0
2017-08-25,6726.0
2017-08-29,6813.0
2017-08-30,6785.0
2017-08-31,6819.0
2017-09-01,6812.0
2017-09-04,6905.0
2017-09-05,6937.0
2017-09-06,6891.0
2017-09-07,6870.0
2017-09-08,6805.0
2017-09-11,6759.0
2017-09-12,6644.0
2017-09-13,6572.0
2017-09-14,6459.0
2017-09-15,6500.0
2017-09-18,6534.5
2017-09-19,6540.0
2017-09-20,6565.0
2017-09-21,6453.0
2017-09-22,6450.0
2017-09-25,6460.0
2017-09-26,6480.0
2017-09-27,6475.0
2017-09-28,6452.0
2017-09-29,6531.0
2017-10-02,6504.0
2017-10-03,6504.0
2017-10-04,6505.0
2017-10-05,6554.0
2017-10-06,6690.0
2017-10-09,6660.0
2017-10-10,6695.0
2017-10-11,6740.0
2017-10-12,6852.0
2017-10-13,6886.5
2017-10-16,7082.0
2017-10-17,7065.0
2017-10-18,7012.0
2017-10-19,6965.0
2017-10-20,7035.0
2017-10-23,6990.0
2017-10-24,7096.0
2017-10-25,6991.0
2017-10-26,6990.5
2017-10-27,6851.0
2017-10-30,6850.0
2017-10-31,6831.0
2017-11-01,6936.5
2017-11-02,6883.0
2017-11-03,6945.0
2017-11-06,6937.5
2017-11-07,6900.0
2017-11-08,6838.0
2017-11-09,6801.5
2017-11-10,6834.5
2017-11-13,6802.0
2017-11-14,6863.0
2017-11-15,6752.0
2017-11-16,6798.0
2017-11-17,6770.0
2017-11-20,6785.0
2017-11-21,6861.0
2017-11-22,6910.5
2017-11-23,6928.0
2017-11-24,7000.0
2017-11-27,6920.0
2017-11-28,6827.0
2017-11-29,6780.5
2017-11-30,6793.0
2017-12-01,6770.0
2017-12-04,6835.0
2017-12-05,6675.5
2017-12-06,6572.0
2017-12-07,6566.0
2017-12-08,6575.0
2017-12-11,6588.0
2017-12-12,6653.0
2017-12-13,6727.0
2017-12-14,6760.5
2017-12-15,6777.0
2017-12-18,6879.0
2017-12-19,6883.0
2017-12-20,6975.0
2017-12-21,7020.0
2017-12-22,7060.0
2017-12-27,7182.0
2017-12-28,7251.5
2017-12-29,7192.0
2018-01-02,7228.0
2018-01-03,7160.0
2018-01-04,7251.0
2018-01-05,7142.0
2018-01-08,7127.0
2018-01-09,7137.0
2018-01-10,7185.0
2018-01-11,7162.0
2018-01-12,7111.0
2018-01-15,7218.0
2018-01-16,7064.0
2018-01-17,7079.0
2018-01-18,7093.0
2018-01-19,7120.0
2018-01-22,7090.0
2018-01-23,6949.0
2018-01-24,6987.0
2018-01-25,7148.0
2018-01-26,7110.0
2018-01-29,7107.0
2018-01-30,7093.0
2018-01-31,7140.0
2018-02-01,7067.5
2018-02-02,7110.0
2018-02-05,7095.0
2018-02-06,7100.0
2018-02-07,7050.0
2018-02-08,6879.0
2018-02-09,6805.0
2018-02-12,6835.0
2018-02-13,6956.0
2018-02-14,7012.0
2018-02-15,7134.0
2018-02-16,7204.0
2018-02-19,7138.0
2018-02-20,7072.0
2018-02-21,7049.0
2018-02-22,7070.0
2018-02-23,7113.0
2018-02-26,7142.5
2018-02-27,7068.0
2018-02-28,6989.0
2018-03-01,6890.0
2018-03-02,6919.0
2018-03-05,6886.0
2018-03-06,7004.0
2018-03-07,6916.0
2018-03-08,6860.0
2018-03-09,6839.0
2018-03-12,6900.0
2018-03-13,6925.0
2018-03-14,7051.0
2018-03-15,6922.0
2018-03-16,6951.0
2018-03-19,6820.0
2018-03-20,6818.5
2018-03-21,6712.5
2018-03-22,6792.0
2018-03-23,6699.0
2018-03-26,6550.0
2018-03-27,6689.0
2018-03-28,6641.0
2018-03-29,6720.0
2018-04-03,6795.0
2018-04-04,6661.0
2018-04-05,6800.0
2018-04-06,6743.0
2018-04-09,6810.0
2018-04-10,6930.0
2018-04-11,6969.0
2018-04-12,6788.0
2018-04-13,6862.0
2018-04-16,6853.0
2018-04-17,6832.0
2018-04-18,6982.0
2018-04-19,6985.0
2018-04-20,6985.0
2018-04-23,6965.0
2018-04-24,7030.0
2018-04-25,7000.0
2018-04-26,6930.0
2018-04-27,6840.0
2018-04-30,6820.5
2018-05-01,6822.0
2018-05-02,6820.0
2018-05-03,6874.0
2018-05-04,6819.0
2018-05-08,6759.0
2018-05-09,6822.0
2018-05-10,6890.5
2018-05-11,6907.0
2018-05-14,6862.0
2018-05-15,6863.0
2018-05-16,6808.0
2018-05-17,6867.0
2018-05-18,6817.0
2018-05-21,6896.0
2018-05-22,6961.0
2018-05-23,6829.0
2018-05-24,6860.0
2018-05-25,6903.0
2018-05-29,6865.0
2018-05-30,6820.0
2018-05-31,6834.0
2018-06-01,6825.0
2018-06-04,6940.0
2018-06-05,6985.0
2018-06-06,7153.0
2018-06-07,7259.0
2018-06-08,7268.0
2018-06-11,7222.0
2018-06-12,7220.0
2018-06-13,7211.0
2018-06-14,7201.0
2018-06-15,7143.0
2018-06-18,6988.0
2018-06-19,6837.0
2018-06-20,6828.0
2018-06-21,6801.0
2018-06-22,6810.0
2018-06-25,6785.5
2018-06-26,6720.0
2018-06-27,6690.0
2018-06-28,6647.0
2018-06-29,6645.0
2018-07-02,6590.0
2018-07-03,6581.0
2018-07-04,6464.0
2018-07-05,6395.0
2018-07-06,6330.0
2018-07-09,6385.0
2018-07-10,6315.0
2018-07-11,6195.0
2018-07-12,6192.0
2018-07-13,6181.0
2018-07-16,6175.0
2018-07-17,6175.5
2018-07-18,6097.0
2018-07-19,6006.0
2018-07-20,6099.0
2018-07-23,6181.0
2018-07-24,6200.0
2018-07-25,6285.0
2018-07-26,6290.0
2018-07-27,6280.5
2018-07-30,6208.0
2018-07-31,6236.5
2018-08-01,6162.0
2018-08-02,6091.0
2018-08-03,6198.0
2018-08-06,6075.0
2018-08-07,6166.0
2018-08-08,6143.0
2018-08-09,6270.5
2018-08-10,6162.0
2018-08-13,6110.0
2018-08-14,6090.5
2018-08-15,5885.0
2018-08-16,5900.0
2018-08-17,5878.0
2018-08-20,6002.0
2018-08-21,6053.0
2018-08-22,6027.0
2018-08-23,5940.0
2018-08-24,6025.0
2018-08-28,6125.0
2018-08-29,6079.0
2018-08-30,6071.0
2018-08-31,6020.0
2018-09-03,5965.0
2018-09-04,5849.0
2018-09-05,5870.0
2018-09-06,5955.0
2018-09-07,5905.0
2018-09-10,5864.0
2018-09-11,5869.0
2018-09-12,5907.0
2018-09-13,6014.0
2018-09-14,5965.0
2018-09-17,5881.0
2018-09-18,6026.0
2018-09-19,6085.0
2018-09-20,6080.0
2018-09-21,6202.0
2018-09-24,6320.5
2018-09-25,6282.0
2018-09-26,6272.0
2018-09-27,6225.0
2018-09-28,6180.0
2018-10-01,6162.5
2018-10-02,6263.0
2018-10-03,6278.0
2018-10-04,6312.0
2018-10-05,6188.0
2018-10-08,6175.0
2018-10-09,6219.0
2018-10-10,6283.0
2018-10-11,6140.5
2018-10-12,6304.0
2018-10-15,6285.0
2018-10-16,6213.0
2018-10-17,6247.0
2018-10-18,6147.0
2018-10-19,6190.5
2018-10-22,6280.0
2018-10-23,6174.0
2018-10-24,6212.0
2018-10-25,6200.0
2018-10-26,6130.0
2018-10-29,6224.0
2018-10-30,6115.0
2018-10-31,6017.0
2018-11-01,6048.0
2018-11-02,6232.5
2018-11-05,6219.0
2018-11-06,6189.0
2018-11-07,6194.0
2018-11-08,6116.0
2018-11-09,6070.0
2018-11-12,6063.0
2018-11-13,6106.0
2018-11-14,6085.5
2018-11-15,6175.0
2018-11-16,6167.0
2018-11-19,6245.0
2018-11-20,6240.0
2018-11-21,6218.0
2018-11-22,6224.0
2018-11-23,6188.0
2018-11-26,6219.0
2018-11-27,6136.5
2018-11-28,6157.0
2018-11-29,6241.0
2018-11-30,6202.0
2018-12-03,6287.0
2018-12-04,6278.0
2018-12-05,6169.0
2018-12-06,6102.0
2018-12-07,6162.5
2018-12-10,6110.0
2018-12-11,6156.0
2018-12-12,6144.0
2018-12-13,6185.0
2018-12-14,6101.0
2018-12-17,6110.0
2018-12-18,6070.0
2018-12-19,6013.0
2018-12-20,6035.0
2018-12-21,6005.0
2018-12-24,5960.5
2018-12-27,6010.0
2018-12-28,6025.5
2018-12-31,5981.0
2019-01-02,5862.0
2019-01-03,5837.0
2019-01-04,5860.0
2019-01-07,5914.0
2019-01-08,5922.0
2019-01-09,5982.0
2019-01-10,5932.0
2019-01-11,5950.0
2019-01-14,5893.0
2019-01-15,5916.0
2019-01-16,5948.0
2019-01-17,5965.0
2019-01-18,6045.0
2019-01-21,5985.0
2019-01-22,5962.0
2019-01-23,5956.0
2019-01-24,5922.0
2019-01-25,5925.5
2019-01-28,6027.0
2019-01-29,6029.0
2019-01-30,6096.0
2019-01-31,6167.5
2019-02-01,6125.0
2019-02-04,6105.0
2019-02-05,6191.0
2019-02-06,6230.5
2019-02-07,6246.5
2019-02-08,6228.0
2019-02-11,6165.0
2019-02-12,6118.5
2019-02-13,6130.0
2019-02-14,6179.0
2019-02-15,6183.5
2019-02-18,6240.0
2019-02-19,6236.0
2019-02-20,6337.0
2019-02-21,6372.5
2019-02-22,6458.5
2019-02-25,6495.5
2019-02-26,6465.0
2019-02-27,6494.0
2019-02-28,6494.0
2019-03-01,6524.0
2019-03-04,6398.0
2019-03-05,6488.0
2019-03-06,6454.0
2019-03-07,6420.5
2019-03-08,6368.0
2019-03-11,6402.0
2019-03-12,6483.0
2019-03-13,6486.0
2019-03-14,6390.5
2019-03-15,6400.5
2019-03-18,6458.0
2019-03-19,6484.0
2019-03-20,6469.0
2019-03-21,6501.0
2019-03-22,6369.0
2019-03-25,6324.0
2019-03-26,6340.0
2019-03-27,6340.0
2019-03-28,6372.5
2019-03-29,6478.0
2019-04-01,6492.0
2019-04-02,6440.0
2019-04-03,6488.0
2019-04-04,6465.0
2019-04-05,6434.0
2019-04-08,6452.0
2019-04-09,6507.0
2019-04-10,6466.0
2019-04-11,6443.0
2019-04-12,6514.5
2019-04-15,6475.0
2019-04-16,6488.0
2019-04-17,6533.0
2019-04-18,6456.0
2019-04-23,6439.5
2019-04-24,6442.0
2019-04-25,6380.0
2019-04-26,6388.0
2019-04-29,6372.0
2019-04-30,6435.0
2019-05-01,6384.0
2019-05-02,6215.0
2019-05-03,6180.5
2019-05-07,6178.0
2019-05-08,6126.0
2019-05-09,6121.0
2019-05-10,6146.5
2019-05-13,6069.0
2019-05-14,6040.0
2019-05-15,6032.0
2019-05-16,6113.0
2019-05-17,6044.0
2019-05-20,6011.0
2019-05-21,6035.0
2019-05-22,5957.0
2019-05-23,5897.0
2019-05-24,5950.0
2019-05-28,5980.0
2019-05-29,5890.0
2019-05-30,5854.0
2019-05-31,5819.0
2019-06-03,5820.0
2019-06-04,5827.0
2019-06-05,5859.5
2019-06-06,5823.0
2019-06-07,5785.5
2019-06-10,5811.0
2019-06-11,5916.0
2019-06-12,5848.0
2019-06-13,5830.0
2019-06-14,5827.5
2019-06-17,5790.0
2019-06-18,5876.0
2019-06-19,5920.0
2019-06-20,5972.0
2019-06-21,5952.0
2019-06-24,5932.5
2019-06-25,6005.0
2019-06-26,6017.5
2019-06-27,5967.5
2019-06-28,5981.5
2019-07-01,6012.0
2019-07-02,5926.0
2019-07-03,5887.0
2019-07-04,5915.0
2019-07-05,5870.0
2019-07-08,5930.0
2019-07-09,5822.0
2019-07-10,5880.0
2019-07-11,5935.0
2019-07-12,5965.0
2019-07-15,5995.0
2019-07-16,5981.0
2019-07-17,5938.0
2019-07-18,5956.0
2019-07-19,6078.0
2019-07-22,6030.0
2019-07-23,5999.0
2019-07-24,6001.0
2019-07-25,6035.0
2019-07-26,5966.0
2019-07-29,5972.5
2019-07-30,5967.0
2019-07-31,5950.0
2019-08-01,5903.0
2019-08-02,5793.0
2019-08-05,5678.0
2019-08-06,5691.0
2019-08-07,5705.0
2019-08-08,5748.0
2019-08-09,5767.0
2019-08-12,5750.0
2019-08-13,5727.0
2019-08-14,5756.0
2019-08-15,5729.0
2019-08-16,5735.0
2019-08-19,5790.0
2019-08-20,5730.0
2019-08-21,5724.5
2019-08-22,5690.5
2019-08-23,5698.0
2019-08-27,5686.0
2019-08-28,5674.0
2019-08-29,5738.5
2019-08-30,5696.0
2019-09-02,5637.0
2019-09-03,5562.0
2019-09-04,5691.0
2019-09-05,5802.0
2019-09-06,5814.0
2019-09-09,5795.0
2019-09-10,5767.0
2019-09-11,5795.0
2019-09-12,5875.0
2019-09-13,5896.0
2019-09-16,5907.5
2019-09-17,5797.0
2019-09-18,5780.0
2019-09-19,5790.0
2019-09-20,5805.0
2019-09-23,5728.0
2019-09-24,5790.0
2019-09-25,5750.0
2019-09-26,5792.0
2019-09-27,5743.0
2019-09-30,5761.0
2019-10-01,5640.0
2019-10-02,5662.0
2019-10-03,5657.0
2019-10-04,5635.0
2019-10-07,5668.5
2019-10-08,5688.0
2019-10-09,5692.0
2019-10-10,5732.0
2019-10-11,5797.0
2019-10-14,5755.0
2019-10-15,5780.0
2019-10-16,5709.0
2019-10-17,5758.0
2019-10-18,5775.0
2019-10-21,5843.0
2019-10-22,5826.0
2019-10-23,5801.0
2019-10-24,5887.0
2019-10-25,5887.0
2019-10-28,5910.0
2019-10-29,5902.0
2019-10-30,5913.0
2019-10-31,5850.0
2019-11-01,5819.0
2019-11-04,5875.0
2019-11-05,5912.0
2019-11-06,5932.0
2019-11-07,5949.0
2019-11-08,5965.5
2019-11-11,5877.0
2019-11-12,5860.0
2019-11-13,5850.0
2019-11-14,5854.0
2019-11-15,5835.0
2019-11-18,5851.0
2019-11-19,5843.0
2019-11-20,5898.0
2019-11-21,5830.5
2019-11-22,5851.0
2019-11-25,5886.5
2019-11-26,5872.0
2019-11-27,5950.0
2019-11-28,5905.0
2019-11-29,5877.0
2019-12-02,5877.0
2019-12-03,5835.0
2019-12-04,5850.0
2019-12-05,5885.0
2019-12-06,5900.0
2019-12-09,6012.0
2019-12-10,6087.0
2019-12-11,6109.0
2019-12-12,6119.0
2019-12-13,6177.0
2019-12-16,6163.0
2019-12-17,6196.0
2019-12-18,6161.0
2019-12-19,6185.0
2019-12-20,6186.0
2019-12-23,6171.0
2019-12-24,6213.0
2019-12-27,6240.0
2019-12-30,6215.0
2019-12-31,6183.0
2020-01-02,6192.0
2020-01-03,6105.0
2020-01-06,6119.5
2020-01-07,6159.0
2020-01-08,6175.0
2020-01-09,6186.0
2020-01-10,6184.0
2020-01-13,6201.0
2020-01-14,6280.0
2020-01-15,6270.0
2020-01-16,6330.0
2020-01-17,6306.0
2020-01-20,6271.0
2020-01-21,6186.0
2020-01-22,6139.0
2020-01-23,6082.0
2020-01-24,5996.0
2020-01-27,5809.0
2020-01-28,5746.0
2020-01-29,5723.0
2020-01-30,5635.0
2020-01-31,5588.0
2020-02-03,5602.0
2020-02-04,5666.0
2020-02-05,5735.0
2020-02-06,5740.0
2020-02-07,5670.0
2020-02-10,5668.0
2020-02-11,5714.0
2020-02-12,5764.0
2020-02-13,5740.0
2020-02-14,5753.0
2020-02-17,5811.0
2020-02-18,5758.0
2020-02-19,5770.0
2020-02-20,5746.0
2020-02-21,5727.0
2020-02-24,5681.0
2020-02-25,5687.0
2020-02-26,5639.5
2020-02-27,5640.0
2020-02-28,5597.0
2020-03-02,5657.0
2020-03-03,5689.0
2020-03-04,5718.0
2020-03-05,5688.0
2020-03-06,5640.0
2020-03-09,5495.0
2020-03-10,5608.5
2020-03-11,5562.0
2020-03-12,5400.0
2020-03-13,5548.0
2020-03-16,5221.0
2020-03-17,5218.0
2020-03-18,4881.0
2020-03-19,4690.0
2020-03-20,4868.0
2020-03-23,4626.5
2020-03-24,4797.5
2020-03-25,4766.5
2020-03-26,4789.5
2020-03-27,4785.5
2020-03-30,4773.0
2020-03-31,4811.5
2020-04-01,4787.0
2020-04-02,4840.5
2020-04-03,4880.5
2020-04-06,4881.0
2020-04-07,5085.5
2020-04-08,5000.5
2020-04-09,4992.5
2020-04-14,5150.0
2020-04-15,5085.5
2020-04-16,5121.5
2020-04-17,5193.5
2020-04-20,5190.0
2020-04-21,5029.5
2020-04-22,5061.5
2020-04-23,5147.5
2020-04-24,5142.0
2020-04-27,5190.0
2020-04-28,5197.5
2020-04-29,5215.0
2020-04-30,5258.5
2020-05-01,5090.5
2020-05-04,5086.0
2020-05-05,5142.5
2020-05-06,5228.0
2020-05-07,5257.0
2020-05-11,5266.0
2020-05-12,5263.5
2020-05-13,5245.0
2020-05-14,5186.5
2020-05-15,5194.5
2020-05-18,5277.5
2020-05-19,5343.5
2020-05-20,5360.5
2020-05-21,5413.5
2020-05-22,5272.0
2020-05-26,5375.0
2020-05-27,5342.5
2020-05-28,5306.5
2020-05-29,5357.0
2020-06-01,5404.0
2020-06-02,5487.5
2020-06-03,5522.0
2020-06-04,5478.5
2020-06-05,5607.0
2020-06-08,5678.5
2020-06-09,5704.0
2020-06-10,5822.0
2020-06-11,5825.0
2020-06-12,5809.0
2020-06-15,5673.5
2020-06-16,5787.5
2020-06-17,5763.0
2020-06-18,5825.0
2020-06-19,5855.0
2020-06-22,5846.0
2020-06-23,5909.0
2020-06-24,5882.5
2020-06-25,5888.0
2020-06-26,5984.5
2020-06-29,5966.5
2020-06-30,6043.5
2020-07-01,6023.5
2020-07-02,6083.0
2020-07-03,6021.0
2020-07-06,6105.0
2020-07-07,6089.0
2020-07-08,6197.5
2020-07-09,6339.5
2020-07-10,6320.0
2020-07-13,6537.0
2020-07-14,6491.0
2020-07-15,6510.0
2020-07-16,6384.0
2020-07-17,6447.0
2020-07-20,6410.5
2020-07-21,6505.0
2020-07-22,6506.0
2020-07-23,6510.5
2020-07-24,6389.5
2020-07-27,6420.0
2020-07-28,6393.0
2020-07-29,6468.0
2020-07-30,6428.0
2020-07-31,6439.5
2020-08-03,6435.0
2020-08-04,6435.0
2020-08-05,6523.0
2020-08-06,6450.5
2020-08-07,6428.5
2020-08-10,6361.5
2020-08-11,6361.0
2020-08-12,6380.5
2020-08-13,6373.5
2020-08-14,6334.0
2020-08-17,6428.0
2020-08-18,6486.5
2020-08-19,6648.0
2020-08-20,6584.5
2020-08-21,6542.0
2020-08-24,6559.5
2020-08-25,6525.0
2020-08-26,6584.0
2020-08-27,6575.0
2020-08-28,6702.0
2020-09-01,6768.0
2020-09-02,6705.0
2020-09-03,6604.0
2020-09-04,6655.0
2020-09-07,6772.0
2020-09-08,6736.0
2020-09-09,6681.0
2020-09-10,6684.5
2020-09-11,6729.0
2020-09-14,6762.0
2020-09-15,6800.5
2020-09-16,6757.0
2020-09-17,6737.5
2020-09-18,6801.0
2020-09-21,6804.5
2020-09-22,6784.0
2020-09-23,6707.0
2020-09-24,6534.0
2020-09-25,6523.0
2020-09-28,6584.5
2020-09-29,6558.0
2020-09-30,6612.0
2020-10-01,6628.0
2020-10-02,6418.5
2020-10-05,6519.5
2020-10-06,6528.0
2020-10-07,6538.0
2020-10-08,6622.5
2020-10-09,6741.0
2020-10-12,6770.5
2020-10-13,6705.5
2020-10-14,6715.5
2020-10-15,6698.0
2020-10-16,6740.5
2020-10-19,6773.5
2020-10-20,6836.5
2020-10-21,6964.5
2020-10-22,6901.5
2020-10-23,6897.5
2020-10-26,6824.5
2020-10-27,6807.5
2020-10-28,6713.5
2020-10-29,6708.0
2020-10-30,6706.0
2020-11-02,6725.0
2020-11-03,6801.0
2020-11-04,6760.0
2020-11-05,6808.0
2020-11-06,6946.5
2020-11-09,7045.0
2020-11-10,6882.0
2020-11-11,6934.0
2020-11-12,6921.5
2020-11-13,6943.5
2020-11-16,7128.5
2020-11-17,7071.0
2020-11-18,7101.5
2020-11-19,7046.5
2020-11-20,7195.0
2020-11-23,7233.5
2020-11-24,7314.0
2020-11-25,7257.5
2020-11-26,7370.5
2020-11-27,7476.5
2020-11-30,7681.0
2020-12-01,7649.0
2020-12-02,7623.0
2020-12-03,7682.0
2020-12-04,7748.5
2020-12-07,7672.0
2020-12-08,7647.5
2020-12-09,7723.5
2020-12-10,7729.5
2020-12-11,7760.0
2020-12-14,7787.0
2020-12-15,7775.5
2020-12-16,7847.5
2020-12-17,7914.0
2020-12-18,7984.5
2020-12-21,7858.5
2020-12-22,7777.0
2020-12-23,7784.5
2020-12-24,7811.5
2020-12-29,7854.0
2020-12-30,7815.5
2020-12-31,7757.0
2021-01-04,7931.0
2021-01-05,7922.5
2021-01-06,8127.5
2021-01-07,8048.0
2021-01-08,8160.0
2021-01-11,7967.0
2021-01-12,7991.5
2021-01-13,7970.5
2021-01-14,8016.0
2021-01-15,7989.5
2021-01-18,7984.0
2021-01-19,7992.0
2021-01-20,8017.5
2021-01-21,8059.5
2021-01-22,7882.0
2021-01-25,7990.0
2021-01-26,7961.5
2021-01-27,7900.5
2021-01-28,7783.5
2021-01-29,7873.5
2021-02-01,7823.0
2021-02-02,7747.5
2021-02-03,7821.0
2021-02-04,7829.5
2021-02-05,7928.5
2021-02-08,7992.0
2021-02-09,8132.0
2021-02-10,8274.0
2021-02-11,8289.5
2021-02-12,8251.0
2021-02-15,8391.0
2021-02-16,8419.0
2021-02-17,8401.0
2021-02-18,8631.0
2021-02-19,8763.0
2021-02-22,9033.0
2021-02-23,9126.0
2021-02-24,9260.5
2021-02-25,9562.5
2021-02-26,9120.5
2021-03-01,9148.0
2021-03-02,9163.5
2021-03-03,9227.5
2021-03-04,8757.0
2021-03-05,8996.5
2021-03-08,8971.0
2021-03-09,8877.0
2021-03-10,8917.0
2021-03-11,9048.0
2021-03-12,9037.5
2021-03-15,9123.0
2021-03-16,8956.5
2021-03-17,9024.5
2021-03-18,9077.5
2021-03-19,9017.5
2021-03-22,9086.0
2021-03-23,9013.0
2021-03-24,9011.0
2021-03-25,8780.5
2021-03-26,8918.5
2021-03-29,8937.0
2021-03-30,8795.0
2021-03-31,8845.5
2021-04-01,8764.0
2021-04-06,8979.0
2021-04-07,8974.5
2021-04-08,8993.0
2021-04-09,8984.0
2021-04-12,8893.5
2021-04-13,8898.0
2021-04-14,9002.5
2021-04-15,9180.5
2021-04-16,9317.5
2021-04-19,9398.5
2021-04-20,9390.0
2021-04-21,9371.5
2021-04-22,9448.0
2021-04-23,9518.0
2021-04-26,9730.0
2021-04-27,9894.0
2021-04-28,9823.5
2021-04-29,9983.0
2021-04-30,9939.5
2021-05-04,9958.5
2021-05-05,9990.5
2021-05-06,10028.0
2021-05-07,10356.0
2021-05-10,10720.0
2021-05-11,10533.5
2021-05-12,10546.0
2021-05-13,10260.5
2021-05-14,10239.5
2021-05-17,10283.5
2021-05-18,10496.5
2021-05-19,10138.0
2021-05-20,10104.0
2021-05-21,10027.5
2021-05-24,9884.0
2021-05-25,9961.0
2021-05-26,9978.5
2021-05-27,10048.5
2021-05-28,10171.0
2021-06-01,10226.5
2021-06-02,10133.5
2021-06-03,9989.5
2021-06-04,9866.0
2021-06-07,9864.0
2021-06-08,9901.5
2021-06-09,9904.5
2021-06-10,9834.5
2021-06-11,10059.5
2021-06-14,9935.0
2021-06-15,9587.0
2021-06-16,9538.0
2021-06-17,9456.5
2021-06-18,9230.0
2021-06-21,9070.0
2021-06-22,9217.0
2021-06-23,9321.0
2021-06-24,9420.5
2021-06-25,9460.0
2021-06-28,9363.5
2021-06-29,9252.0
2021-06-30,9405.5
2021-07-01,9367.5
2021-07-02,9323.5
2021-07-05,9461.0
2021-07-06,9558.5
2021-07-07,9483.0
2021-07-08,9297.5
2021-07-09,9475.5
2021-07-12,9385.0
2021-07-13,9345.0
2021-07-14,9349.0
2021-07-15,9383.5
2021-07-16,9433.5
2021-07-19,9300.0
2021-07-20,9244.5
2021-07-21,9303.0
2021-07-22,9409.0
2021-07-23,9461.5
2021-07-26,9604.5
2021-07-27,9728.5
2021-07-28,9719.0
2021-07-29,9805.0
2021-07-30,9775.0
2021-08-02,9767.0
2021-08-03,9608.5
2021-08-04,9527.5
2021-08-05,9446.5
2021-08-06,9549.5
2021-08-09,9337.5
2021-08-10,9435.0
2021-08-11,9450.5
2021-08-12,9539.0
2021-08-13,9463.0
2021-08-16,9404.5
2021-08-17,9369.5
2021-08-18,9168.5
2021-08-19,8783.5
2021-08-20,8934.0
2021-08-23,9221.5
2021-08-24,9305.5
2021-08-25,9376.0
2021-08-26,9315.5
2021-08-27,9345.0
2021-08-31,9457.5
2021-09-01,9310.5
2021-09-02,9354.5
2021-09-03,9372.0
2021-09-06,9411.0
2021-09-07,9335.0
2021-09-08,9275.0
2021-09-09,9379.0
2021-09-10,9533.0
2021-09-13,9639.5
2021-09-14,9416.0
2021-09-15,9503.0
2021-09-16,9418.0
2021-09-17,9455.0
2021-09-20,9131.0
2021-09-21,9106.5
2021-09-22,9245.0
2021-09-23,9250.5
2021-09-24,9270.5
2021-09-27,9326.0
2021-09-28,9258.0
2021-09-29,9215.0
2021-09-30,9020.0
2021-10-01,9099.0
2021-10-04,9265.0
2021-10-05,9085.0
2021-10-06,9082.0
2021-10-07,9175.0
2021-10-08,9235.0
2021-10-11,9475.0
2021-10-12,9495.0
2021-10-13,9559.5
2021-10-14,9835.0
2021-10-15,10175.0
2021-10-18,10270.0
2021-10-19,10265.0
2021-10-20,9995.0
2021-10-21,9930.0
2021-10-22,9865.0
2021-10-25,9805.0
2021-10-26,9804.5
2021-10-27,9600.0
2021-10-28,9660.0
2021-10-29,9615.0
2021-11-01,9485.0
2021-11-02,9515.0
2021-11-03,9585.0
2021-11-04,9565.0
2021-11-05,9425.0
2021-11-08,9535.0
2021-11-09,9655.0
2021-11-10,9565.0
2021-11-11,9625.0
2021-11-12,9616.0
2021-11-15,9730.0
2021-11-16,9645.0
2021-11-17,9490.0
2021-11-18,9405.0
2021-11-19,9540.0
2021-11-22,9610.0
2021-11-23,9721.0
2021-11-24,9785.0
2021-11-25,9890.0
2021-11-26,9515.0
2021-11-29,9609.0
2021-11-30,9505.0
2021-12-01,9508.0
2021-12-02,9420.0
2021-12-03,9450.0
2021-12-06,9475.0
2021-12-07,9602.0
2021-12-08,9560.0
2021-12-09,9555.0
2021-12-10,9530.0
2021-12-13,9504.5
2021-12-14,9475.0
2021-12-15,9280.0
2021-12-16,9490.0
2021-12-17,9500.0
2021-12-20,9388.0
2021-12-21,9510.5
2021-12-22,9610.0
2021-12-23,9580.5
2021-12-24,9564.0
2021-12-29,9620.0
2021-12-30,9655.5
2021-12-31,9681.0
2022-01-04,9625.0
2022-01-05,9755.0
2022-01-06,9555.0
2022-01-07,9591.0
2022-01-10,9640.0
2022-01-11,9631.0
2022-01-12,9930.0
2022-01-13,9960.0
2022-01-14,9880.0
2022-01-17,9659.0
2022-01-18,9690.0
2022-01-19,9783.0
2022-01-20,9905.0
2022-01-21,9921.0
2022-01-24,9770.0
2022-01-25,9705.0
2022-01-26,9925.5
2022-01-27,9832.0
2022-01-28,9620.0
2022-01-31,9538.0
2022-02-01,9660.0
2022-02-02,9840.0
2022-02-03,9750.0
2022-02-04,9834.0
2022-02-07,9814.0
2022-02-08,9716.0
2022-02-09,9839.0
2022-02-10,10180.0
2022-02-11,9995.0
2022-02-14,9835.0
2022-02-15,9955.0
2022-02-16,10009.0
2022-02-17,9895.0
2022-02-18,9970.0
2022-02-21,9905.0
2022-02-22,9949.0
2022-02-23,9960.0
2022-02-24,9930.0
2022-02-25,9861.0
2022-02-28,9940.0
2022-03-01,9946.0
2022-03-02,10220.0
2022-03-03,10418.0
2022-03-04,10435.0
2022-03-07,10719.5
2022-03-08,10250.0
2022-03-09,10065.0
2022-03-10,10170.0
2022-03-11,10164.0
2022-03-14,9920.0
2022-03-15,9860.0
2022-03-16,10119.0
2022-03-17,10167.0
2022-03-18,10235.0
2022-03-21,10189.0
2022-03-22,10350.0
2022-03-23,10315.0
2022-03-24,10430.0
2022-03-25,10305.0
2022-03-28,10225.0
2022-03-29,10355.0
2022-03-30,10390.0
2022-03-31,10334.0
2022-04-01,10255.0
2022-04-04,10322.0
2022-04-05,10445.0
2022-04-06,10368.0
2022-04-07,10300.0
2022-04-08,10378.0
2022-04-11,10252.0
2022-04-12,10225.0
2022-04-13,10305.0
2022-04-14,10308.0
2022-04-19,10390.5
2022-04-20,10245.0
2022-04-21,10280.0
2022-04-22,10234.0
2022-04-25,9910.0
2022-04-26,9918.0
2022-04-27,9890.0
2022-04-28,9800.0
2022-04-29,9821.0
2022-05-03,9520.0
2022-05-04,9480.5
2022-05-05,9539.0
2022-05-06,9424.0
2022-05-09,9160.0
2022-05-10,9340.0
2022-05-11,9355.0
2022-05-12,9000.0
2022-05-13,9055.0
2022-05-16,9225.0
2022-05-17,9379.0
2022-05-18,9260.0
2022-05-19,9273.0
2022-05-20,9460.0
2022-05-23,9480.0
2022-05-24,9435.0
2022-05-25,9314.0
2022-05-26,9360.0
2022-05-27,9390.0
2022-05-30,9530.0
2022-05-31,9505.0
2022-06-01,9450.0
2022-06-06,9715.0
2022-06-07,9610.0
2022-06-08,9690.0
2022-06-09,9622.0
2022-06-10,9540.0
2022-06-13,9283.0
2022-06-14,9274.0
2022-06-15,9260.0
2022-06-16,9100.0
2022-06-17,9097.0
2022-06-20,8862.0
2022-06-21,9000.0
2022-06-22,8728.0
2022-06-23,8595.0
2022-06-24,8290.0
2022-06-27,8356.0
2022-06-28,8500.0
2022-06-29,8448.0
2022-06-30,8240.0
2022-07-01,7980.0
2022-07-04,8044.0
2022-07-05,7815.0
2022-07-06,7539.0
2022-07-07,7865.0
2022-07-08,7806.0
2022-07-11,7640.0
2022-07-12,7400.0
2022-07-13,7275.0
2022-07-14,7235.0
2022-07-15,7000.0
2022-07-18,7350.0
2022-07-19,7304.5
2022-07-20,7404.0
2022-07-21,7250.0
2022-07-22,7391.0
2022-07-25,7465.0
2022-07-26,7615.0
2022-07-27,7568.0
2022-07-28,7715.0
2022-07-29,7790.0
2022-08-01,7939.5
2022-08-02,7803.0
2022-08-03,7782.5
2022-08-04,7648.0
2022-08-05,7839.0
2022-08-08,7850.0
2022-08-09,7975.0
2022-08-10,7983.5
2022-08-11,8145.0
2022-08-12,8071.0
2022-08-15,7870.0
2022-08-16,8004.0
2022-08-17,7960.0
2022-08-18,8015.0
2022-08-19,8035.0
2022-08-22,7990.0
2022-08-23,8050.0
2022-08-24,8020.0
2022-08-25,8119.0
2022-08-26,8279.5
2022-08-30,7875.0
2022-08-31,7700.0
2022-09-01,7663.0
2022-09-02,7516.0
2022-09-05,7605.0
2022-09-06,7650.0
2022-09-07,7643.0
2022-09-08,7795.0
2022-09-09,7918.0
2022-09-12,7943.0
2022-09-13,8090.0
2022-09-14,7785.0
2022-09-15,7725.0
2022-09-16,7660.0
2022-09-19,7702.0
2022-09-20,7750.0
2022-09-21,7710.0
2022-09-22,7735.0
2022-09-23,7409.0
2022-09-26,7347.0
2022-09-27,7395.0
2022-09-28,7290.5
2022-09-29,7555.0
2022-09-30,7540.0
2022-10-03,7408.0
2022-10-04,7544.0
2022-10-05,7605.0
2022-10-06,7705.0
2022-10-07,7553.0
2022-10-10,7585.5
2022-10-11,7524.0
2022-10-12,7560.0
2022-10-13,7570.0
2022-10-14,7585.0
2022-10-17,7614.0
2022-10-18,7489.0
2022-10-19,7365.0
2022-10-20,7505.0
2022-10-21,7455.0
2022-10-24,7560.0
2022-10-25,7445.0
2022-10-26,7666.0
2022-10-27,7705.0
2022-10-28,7605.0
2022-10-31,7437.0
2022-11-01,7670.0
2022-11-02,7654.0
2022-11-03,7480.0
2022-11-04,7875.0
2022-11-07,7935.0
2022-11-08,7966.0
2022-11-09,8010.0
2022-11-10,8045.5
2022-11-11,8435.0
2022-11-14,8360.0
2022-11-15,8377.0
2022-11-16,8340.0
2022-11-17,8185.5
2022-11-18,8084.0
2022-11-21,7938.0
2022-11-22,8027.0
2022-11-23,7995.0
2022-11-24,8022.0
2022-11-25,8100.0
2022-11-28,7980.0
2022-11-29,8050.0
2022-11-30,8200.0
2022-12-01,8250.0
2022-12-02,8362.0
2022-12-05,8465.0
2022-12-06,8398.0
2022-12-07,8370.0
2022-12-08,8545.0
2022-12-09,8524.0
2022-12-12,8410.0
2022-12-13,8431.0
2022-12-14,8455.0
2022-12-15,8420.0
2022-12-16,8275.0
2022-12-19,8364.0
2022-12-20,8325.0
2022-12-21,8350.0
2022-12-22,8364.0
2022-12-23,8325.0
2022-12-28,8470.0
2022-12-29,8402.0
2022-12-30,8398.0
2023-01-03,8407.0
2023-01-04,8235.0
2023-01-05,8437.0
2023-01-06,8385.0
2023-01-09,8744.0
2023-01-10,8790.0
2023-01-11,8990.0
2023-01-12,9085.0
2023-01-13,9129.0
2023-01-16,9173.0
2023-01-17,9123.5
2023-01-18,9425.0
2023-01-19,9193.5
2023-01-20,9245.0
2023-01-23,9355.0
2023-01-24,9334.5
2023-01-25,9287.0
2023-01-26,9317.0
2023-01-27,9362.0
2023-01-30,9257.0
2023-01-31,9104.0
2023-02-01,9200.0
2023-02-02,9135.0
2023-02-03,9070.0
2023-02-06,8925.0
2023-02-07,8891.0
2023-02-08,9032.5
2023-02-09,8980.5
2023-02-10,8932.0
2023-02-13,8940.0
2023-02-14,8957.5
2023-02-15,8860.0
2023-02-16,8931.0
2023-02-17,8910.0
2023-02-20,9043.0
2023-02-21,9123.0
2023-02-22,9131.0
2023-02-23,9087.5
2023-02-24,8826.0
2023-02-27,8767.0
2023-02-28,8851.0
2023-03-01,9080.0
2023-03-02,8921.0
2023-03-03,8978.0
2023-03-06,8845.0
2023-03-07,8852.0
2023-03-08,8824.0
2023-03-09,8825.0
2023-03-10,8770.0
2023-03-13,8666.0
2023-03-14,8903.5
2023-03-15,8550.0
2023-03-16,8536.0
2023-03-17,8620.0
2023-03-20,8671.0
2023-03-21,8811.0
2023-03-22,8873.0
2023-03-23,8916.0
2023-03-24,8930.0
2023-03-27,8893.5
2023-03-28,8947.0
2023-03-29,9044.0
2023-03-30,9037.0
2023-03-31,8933.0
2023-04-03,8968.0
2023-04-04,8930.0
2023-04-05,8784.0
2023-04-06,8835.5
2023-04-11,8840.0
2023-04-12,8808.0
2023-04-13,8993.0
2023-04-14,9085.0
2023-04-17,8982.0
2023-04-18,8971.0
2023-04-19,8886.0
2023-04-20,8884.0
2023-04-21,8825.5
2023-04-24,8776.0
2023-04-25,8551.0
2023-04-26,8585.0
2023-04-27,8486.0
2023-04-28,8585.0
2023-05-02,8592.5
2023-05-03,8516.0
2023-05-04,8555.0
2023-05-05,8507.0
2023-05-09,8605.0
2023-05-10,8501.0
2023-05-11,8290.5
2023-05-12,8270.0
2023-05-15,8333.0
2023-05-16,8128.0
2023-05-17,8207.0
2023-05-18,8216.0
2023-05-19,8271.0
2023-05-22,8150.5
2023-05-23,8035.0
2023-05-24,7960.0
2023-05-25,7955.0
2023-05-26,8112.0
2023-05-30,8141.0
2023-05-31,8047.0
2023-06-01,8226.0
2023-06-02,8340.0
2023-06-05,8262.5
2023-06-06,8321.0
2023-06-07,8352.0
2023-06-08,8262.0
2023-06-09,8390.0
2023-06-12,8315.0
2023-06-13,8443.0
2023-06-14,8466.0
2023-06-15,8481.5
2023-06-16,8573.0
2023-06-19,8549.0
2023-06-20,8545.0
2023-06-21,8496.0
2023-06-22,8667.0
2023-06-23,8475.0
2023-06-26,8420.0
2023-06-27,8358.0
2023-06-28,8277.0
2023-06-29,8174.0
2023-06-30,8208.0
2023-07-03,8354.5
2023-07-04,8354.5
2023-07-05,8265.0
2023-07-06,8295.0
2023-07-07,8311.5
2023-07-10,8297.0
2023-07-11,8387.0
2023-07-12,8382.0
2023-07-13,8585.0
2023-07-14,8665.5
2023-07-17,8466.0
2023-07-18,8444.0
2023-07-19,8382.0
2023-07-20,8568.0
2023-07-21,8447.0
2023-07-24,8463.0
2023-07-25,8626.0
2023-07-26,8575.0
2023-07-27,8618.0
2023-07-28,8625.0
2023-07-31,8670.0
2023-08-01,8765.0
2023-08-02,8588.0
2023-08-03,8516.0
