指标名称,期货结算价(活跃合约):阴极铜
2010-01-04,60370.0
2010-01-05,60360.0
2010-01-06,61400.0
2010-01-07,61860.0
2010-01-08,60500.0
2010-01-11,61990.0
2010-01-12,61480.0
2010-01-13,59860.0
2010-01-14,60880.0
2010-01-15,60570.0
2010-01-18,60560.0
2010-01-19,61450.0
2010-01-20,61500.0
2010-01-21,60790.0
2010-01-22,59370.0
2010-01-25,59690.0
2010-01-26,59770.0
2010-01-27,59540.0
2010-01-28,57600.0
2010-01-29,56170.0
2010-02-01,54140.0
2010-02-02,54790.0
2010-02-03,55340.0
2010-02-04,53940.0
2010-02-05,51880.0
2010-02-08,52640.0
2010-02-09,52840.0
2010-02-10,54140.0
2010-02-11,55360.0
2010-02-12,56280.0
2010-02-22,59280.0
2010-02-23,58680.0
2010-02-24,58130.0
2010-02-25,58360.0
2010-02-26,58240.0
2010-03-01,60570.0
2010-03-02,59730.0
2010-03-03,59720.0
2010-03-04,59870.0
2010-03-05,59550.0
2010-03-08,60470.0
2010-03-09,60270.0
2010-03-10,60550.0
2010-03-11,59720.0
2010-03-12,59490.0
2010-03-15,58600.0
2010-03-16,58360.0
2010-03-17,59660.0
2010-03-18,59820.0
2010-03-19,60090.0
2010-03-22,59630.0
2010-03-23,59850.0
2010-03-24,59480.0
2010-03-25,59160.0
2010-03-26,59770.0
2010-03-29,61780.0
2010-03-30,62140.0
2010-03-31,61970.0
2010-04-01,62380.0
2010-04-02,62710.0
2010-04-06,63380.0
2010-04-07,63140.0
2010-04-08,62380.0
2010-04-09,62790.0
2010-04-12,63260.0
2010-04-13,62470.0
2010-04-14,62900.0
2010-04-15,62790.0
2010-04-16,62420.0
2010-04-19,60560.0
2010-04-20,60640.0
2010-04-21,60650.0
2010-04-22,60740.0
2010-04-23,60790.0
2010-04-26,61450.0
2010-04-27,60690.0
2010-04-28,58380.0
2010-04-29,58920.0
2010-04-30,58710.0
2010-05-04,58120.0
2010-05-05,56580.0
2010-05-06,56840.0
2010-05-07,55020.0
2010-05-10,56130.0
2010-05-11,56300.0
2010-05-12,55990.0
2010-05-13,56500.0
2010-05-14,56420.0
2010-05-17,54270.0
2010-05-18,52950.0
2010-05-19,52810.0
2010-05-20,53940.0
2010-05-21,53360.0
2010-05-24,54790.0
2010-05-25,54560.0
2010-05-26,54820.0
2010-05-27,54790.0
2010-05-28,55790.0
2010-05-31,55470.0
2010-06-01,54440.0
2010-06-02,53420.0
2010-06-03,53840.0
2010-06-04,52740.0
2010-06-07,50100.0
2010-06-08,49410.0
2010-06-09,49780.0
2010-06-10,50450.0
2010-06-11,51350.0
2010-06-17,52020.0
2010-06-18,51360.0
2010-06-21,52710.0
2010-06-22,52840.0
2010-06-23,52950.0
2010-06-24,53610.0
2010-06-25,53400.0
2010-06-28,54130.0
2010-06-29,53350.0
2010-06-30,51560.0
2010-07-01,51440.0
2010-07-02,51680.0
2010-07-05,52230.0
2010-07-06,51980.0
2010-07-07,52280.0
2010-07-08,53190.0
2010-07-09,53410.0
2010-07-12,53450.0
2010-07-13,52660.0
2010-07-14,52980.0
2010-07-15,52910.0
2010-07-16,52960.0
2010-07-19,52210.0
2010-07-20,52770.0
2010-07-21,53440.0
2010-07-22,53770.0
2010-07-23,55110.0
2010-07-26,55420.0
2010-07-27,55430.0
2010-07-28,55570.0
2010-07-29,56140.0
2010-07-30,56180.0
2010-08-02,57520.0
2010-08-03,57800.0
2010-08-04,57380.0
2010-08-05,57800.0
2010-08-06,57440.0
2010-08-09,58090.0
2010-08-10,57550.0
2010-08-11,57120.0
2010-08-12,56310.0
2010-08-13,56870.0
2010-08-16,57040.0
2010-08-17,57480.0
2010-08-18,58240.0
2010-08-19,58080.0
2010-08-20,57440.0
2010-08-23,57180.0
2010-08-24,56990.0
2010-08-25,56610.0
2010-08-26,57310.0
2010-08-27,57600.0
2010-08-30,59090.0
2010-08-31,58600.0
2010-09-01,59440.0
2010-09-02,60040.0
2010-09-03,59840.0
2010-09-06,60410.0
2010-09-07,59830.0
2010-09-08,59630.0
2010-09-09,58750.0
2010-09-10,58560.0
2010-09-13,59360.0
2010-09-14,59240.0
2010-09-15,59090.0
2010-09-16,59050.0
2010-09-17,59700.0
2010-09-20,60200.0
2010-09-21,59810.0
2010-09-27,60650.0
2010-09-28,60390.0
2010-09-29,60640.0
2010-09-30,59700.0
2010-10-08,60750.0
2010-10-11,62770.0
2010-10-12,62310.0
2010-10-13,62950.0
2010-10-14,63750.0
2010-10-15,63560.0
2010-10-18,63260.0
2010-10-19,63750.0
2010-10-20,62410.0
2010-10-21,62720.0
2010-10-22,62770.0
2010-10-25,64200.0
2010-10-26,64630.0
2010-10-27,64590.0
2010-10-28,64000.0
2010-10-29,62910.0
2010-11-01,63510.0
2010-11-02,63500.0
2010-11-03,64190.0
2010-11-04,64400.0
2010-11-05,67060.0
2010-11-08,66750.0
2010-11-09,67650.0
2010-11-10,67790.0
2010-11-11,69100.0
2010-11-12,66800.0
2010-11-15,65120.0
2010-11-16,64790.0
2010-11-17,61770.0
2010-11-18,62360.0
2010-11-19,63320.0
2010-11-22,63810.0
2010-11-23,61810.0
2010-11-24,62220.0
2010-11-25,62510.0
2010-11-26,61650.0
2010-11-29,61930.0
2010-11-30,62290.0
2010-12-01,63410.0
2010-12-02,65210.0
2010-12-03,65280.0
2010-12-06,65770.0
2010-12-07,66070.0
2010-12-08,66020.0
2010-12-09,67470.0
2010-12-10,67320.0
2010-12-13,68680.0
2010-12-14,69000.0
2010-12-15,68480.0
2010-12-16,67360.0
2010-12-17,68060.0
2010-12-20,68820.0
2010-12-21,68970.0
2010-12-22,69210.0
2010-12-23,68670.0
2010-12-24,68440.0
2010-12-27,68900.0
2010-12-28,69050.0
2010-12-29,69140.0
2010-12-30,69950.0
2010-12-31,71840.0
2011-01-04,72510.0
2011-01-05,71330.0
2011-01-06,72210.0
2011-01-07,70590.0
2011-01-10,70110.0
2011-01-11,70640.0
2011-01-12,71530.0
2011-01-13,71860.0
2011-01-14,71400.0
2011-01-17,71600.0
2011-01-18,71550.0
2011-01-19,72370.0
2011-01-20,71730.0
2011-01-21,70850.0
2011-01-24,71890.0
2011-01-25,71240.0
2011-01-26,70400.0
2011-01-27,71280.0
2011-01-28,71640.0
2011-01-31,72950.0
2011-02-01,74460.0
2011-02-09,75890.0
2011-02-10,75840.0
2011-02-11,75940.0
2011-02-14,76000.0
2011-02-15,76600.0
2011-02-16,75330.0
2011-02-17,75110.0
2011-02-18,74720.0
2011-02-21,74270.0
2011-02-22,74000.0
2011-02-23,72000.0
2011-02-24,71740.0
2011-02-25,72300.0
2011-02-28,73650.0
2011-03-01,74060.0
2011-03-02,74180.0
2011-03-03,74410.0
2011-03-04,74480.0
2011-03-07,74250.0
2011-03-08,71390.0
2011-03-09,71600.0
2011-03-10,69540.0
2011-03-11,69570.0
2011-03-14,69010.0
2011-03-15,69100.0
2011-03-16,69840.0
2011-03-17,70030.0
2011-03-18,71750.0
2011-03-21,71540.0
2011-03-22,71260.0
2011-03-23,71780.0
2011-03-24,72630.0
2011-03-25,72530.0
2011-03-28,71580.0
2011-03-29,70890.0
2011-03-30,71200.0
2011-03-31,70520.0
2011-04-01,70640.0
2011-04-06,71160.0
2011-04-07,71750.0
2011-04-08,72560.0
2011-04-11,73520.0
2011-04-12,72750.0
2011-04-13,71860.0
2011-04-14,71150.0
2011-04-15,70920.0
2011-04-18,70850.0
2011-04-19,69990.0
2011-04-20,70820.0
2011-04-21,71530.0
2011-04-22,71500.0
2011-04-25,70960.0
2011-04-26,69830.0
2011-04-27,69970.0
2011-04-28,70130.0
2011-04-29,69210.0
2011-05-03,69140.0
2011-05-04,68370.0
2011-05-05,67140.0
2011-05-06,65920.0
2011-05-09,66710.0
2011-05-10,66720.0
2011-05-11,66840.0
2011-05-12,64860.0
2011-05-13,65620.0
2011-05-16,65880.0
2011-05-17,65950.0
2011-05-18,66890.0
2011-05-19,67600.0
2011-05-20,67210.0
2011-05-23,66780.0
2011-05-24,66570.0
2011-05-25,66810.0
2011-05-26,67840.0
2011-05-27,68090.0
2011-05-30,68320.0
2011-05-31,68320.0
2011-06-01,68420.0
2011-06-02,67530.0
2011-06-03,68190.0
2011-06-07,68130.0
2011-06-08,67710.0
2011-06-09,67670.0
2011-06-10,67700.0
2011-06-13,67110.0
2011-06-14,67390.0
2011-06-15,68500.0
2011-06-16,68180.0
2011-06-17,68280.0
2011-06-20,67810.0
2011-06-21,67910.0
2011-06-22,67850.0
2011-06-23,67380.0
2011-06-24,68140.0
2011-06-27,67460.0
2011-06-28,67250.0
2011-06-29,67930.0
2011-06-30,69380.0
2011-07-01,69780.0
2011-07-04,70600.0
2011-07-05,70410.0
2011-07-06,70780.0
2011-07-07,70950.0
2011-07-08,72050.0
2011-07-11,71690.0
2011-07-12,71100.0
2011-07-13,72080.0
2011-07-14,72020.0
2011-07-15,71810.0
2011-07-18,72070.0
2011-07-19,72350.0
2011-07-20,72610.0
2011-07-21,72280.0
2011-07-22,71960.0
2011-07-25,71670.0
2011-07-26,72390.0
2011-07-27,72830.0
2011-07-28,72710.0
2011-07-29,73040.0
2011-08-01,73390.0
2011-08-02,72230.0
2011-08-03,72060.0
2011-08-04,71540.0
2011-08-05,69070.0
2011-08-08,67620.0
2011-08-09,64830.0
2011-08-10,66930.0
2011-08-11,66570.0
2011-08-12,66930.0
2011-08-15,67320.0
2011-08-16,66800.0
2011-08-17,66820.0
2011-08-18,66970.0
2011-08-19,66200.0
2011-08-22,66510.0
2011-08-23,66350.0
2011-08-24,66590.0
2011-08-25,66800.0
2011-08-26,67190.0
2011-08-29,67350.0
2011-08-30,68150.0
2011-08-31,68190.0
2011-09-01,68410.0
2011-09-02,67910.0
2011-09-05,67500.0
2011-09-06,66780.0
2011-09-07,67450.0
2011-09-08,67870.0
2011-09-09,67760.0
2011-09-13,66490.0
2011-09-14,65580.0
2011-09-15,65190.0
2011-09-16,65610.0
2011-09-19,63870.0
2011-09-20,62850.0
2011-09-21,62490.0
2011-09-22,60580.0
2011-09-23,57340.0
2011-09-26,55040.0
2011-09-27,55140.0
2011-09-28,54880.0
2011-09-29,52300.0
2011-09-30,53500.0
2011-10-10,54820.0
2011-10-11,55000.0
2011-10-12,54150.0
2011-10-13,54760.0
2011-10-14,55350.0
2011-10-17,56140.0
2011-10-18,54550.0
2011-10-19,54580.0
2011-10-20,51170.0
2011-10-21,51660.0
2011-10-24,53500.0
2011-10-25,56400.0
2011-10-26,56830.0
2011-10-27,57560.0
2011-10-28,59820.0
2011-10-31,58400.0
2011-11-01,58300.0
2011-11-02,57720.0
2011-11-03,57540.0
2011-11-04,58760.0
2011-11-07,58140.0
2011-11-08,57880.0
2011-11-09,58340.0
2011-11-10,55070.0
2011-11-11,55460.0
2011-11-14,57970.0
2011-11-15,57470.0
2011-11-16,57210.0
2011-11-17,56640.0
2011-11-18,55260.0
2011-11-21,55040.0
2011-11-22,54870.0
2011-11-23,54840.0
2011-11-24,53850.0
2011-11-25,53910.0
2011-11-28,55280.0
2011-11-29,55270.0
2011-11-30,54890.0
2011-12-01,57860.0
2011-12-02,57720.0
2011-12-05,58060.0
2011-12-06,57520.0
2011-12-07,58050.0
2011-12-08,57810.0
2011-12-09,57290.0
2011-12-12,56970.0
2011-12-13,56150.0
2011-12-14,55720.0
2011-12-15,53620.0
2011-12-16,53780.0
2011-12-19,53530.0
2011-12-20,53610.0
2011-12-21,54540.0
2011-12-22,54580.0
2011-12-23,55470.0
2011-12-26,55390.0
2011-12-27,55140.0
2011-12-28,55270.0
2011-12-29,54320.0
2011-12-30,55040.0
2012-01-04,56150.0
2012-01-05,55830.0
2012-01-06,55890.0
2012-01-09,55350.0
2012-01-10,55600.0
2012-01-11,56400.0
2012-01-12,57050.0
2012-01-13,57840.0
2012-01-16,57720.0
2012-01-17,59390.0
2012-01-18,59690.0
2012-01-19,60290.0
2012-01-20,60770.0
2012-01-30,60870.0
2012-01-31,60480.0
2012-02-01,59810.0
2012-02-02,59860.0
2012-02-03,59780.0
2012-02-06,60650.0
2012-02-07,60280.0
2012-02-08,60770.0
2012-02-09,61280.0
2012-02-10,61760.0
2012-02-13,60800.0
2012-02-14,60250.0
2012-02-15,60540.0
2012-02-16,59290.0
2012-02-17,59920.0
2012-02-20,59680.0
2012-02-21,59760.0
2012-02-22,60490.0
2012-02-23,60240.0
2012-02-24,60050.0
2012-02-27,60410.0
2012-02-28,60730.0
2012-02-29,60890.0
2012-03-01,60450.0
2012-03-02,61140.0
2012-03-05,61130.0
2012-03-06,60580.0
2012-03-07,59380.0
2012-03-08,59610.0
2012-03-09,60140.0
2012-03-12,60560.0
2012-03-13,60880.0
2012-03-14,60930.0
2012-03-15,60280.0
2012-03-16,60830.0
2012-03-19,60350.0
2012-03-20,60450.0
2012-03-21,60270.0
2012-03-22,59960.0
2012-03-23,59750.0
2012-03-26,60200.0
2012-03-27,60760.0
2012-03-28,60340.0
2012-03-29,59680.0
2012-03-30,59980.0
2012-04-05,59650.0
2012-04-06,60070.0
2012-04-09,60110.0
2012-04-10,59620.0
2012-04-11,58030.0
2012-04-12,58140.0
2012-04-13,58370.0
2012-04-16,56850.0
2012-04-17,56820.0
2012-04-18,57460.0
2012-04-19,57550.0
2012-04-20,57740.0
2012-04-23,57670.0
2012-04-24,57530.0
2012-04-25,57620.0
2012-04-26,57980.0
2012-04-27,58470.0
2012-05-02,58750.0
2012-05-03,58300.0
2012-05-04,58150.0
2012-05-07,57530.0
2012-05-08,57840.0
2012-05-09,57290.0
2012-05-10,57560.0
2012-05-11,57450.0
2012-05-14,56680.0
2012-05-15,55660.0
2012-05-16,55260.0
2012-05-17,55370.0
2012-05-18,55070.0
2012-05-21,55880.0
2012-05-22,55950.0
2012-05-23,55030.0
2012-05-24,54890.0
2012-05-25,55120.0
2012-05-28,55920.0
2012-05-29,55940.0
2012-05-30,55350.0
2012-05-31,54450.0
2012-06-01,54470.0
2012-06-04,52930.0
2012-06-05,53470.0
2012-06-06,53680.0
2012-06-07,53970.0
2012-06-08,53270.0
2012-06-11,54420.0
2012-06-12,53770.0
2012-06-13,53960.0
2012-06-14,54060.0
2012-06-15,54760.0
2012-06-18,55240.0
2012-06-19,55150.0
2012-06-20,55150.0
2012-06-21,54300.0
2012-06-25,54170.0
2012-06-26,53980.0
2012-06-27,53630.0
2012-06-28,54200.0
2012-06-29,54790.0
2012-07-02,55490.0
2012-07-03,55920.0
2012-07-04,56020.0
2012-07-05,55910.0
2012-07-06,55740.0
2012-07-09,55180.0
2012-07-10,55300.0
2012-07-11,55080.0
2012-07-12,55110.0
2012-07-13,55470.0
2012-07-16,56080.0
2012-07-17,56120.0
2012-07-18,55790.0
2012-07-19,56070.0
2012-07-20,56120.0
2012-07-23,54770.0
2012-07-24,54550.0
2012-07-25,54170.0
2012-07-26,54090.0
2012-07-27,54460.0
2012-07-30,54990.0
2012-07-31,54980.0
2012-08-01,54710.0
2012-08-02,54520.0
2012-08-03,53930.0
2012-08-06,54510.0
2012-08-07,54680.0
2012-08-08,54910.0
2012-08-09,55050.0
2012-08-10,54780.0
2012-08-13,54510.0
2012-08-14,54270.0
2012-08-15,54390.0
2012-08-16,54350.0
2012-08-17,54600.0
2012-08-20,54640.0
2012-08-21,54670.0
2012-08-22,55190.0
2012-08-23,55830.0
2012-08-24,55620.0
2012-08-27,55870.0
2012-08-28,55430.0
2012-08-29,55350.0
2012-08-30,55420.0
2012-08-31,55500.0
2012-09-03,55960.0
2012-09-04,56030.0
2012-09-05,55830.0
2012-09-06,56220.0
2012-09-07,56480.0
2012-09-10,57960.0
2012-09-11,57970.0
2012-09-12,58440.0
2012-09-13,58280.0
2012-09-14,60080.0
2012-09-17,60040.0
2012-09-18,59590.0
2012-09-19,60090.0
2012-09-20,59750.0
2012-09-21,59760.0
2012-09-24,58970.0
2012-09-25,59190.0
2012-09-26,59200.0
2012-09-27,59000.0
2012-09-28,59460.0
2012-10-08,59020.0
2012-10-09,59290.0
2012-10-10,58860.0
2012-10-11,58860.0
2012-10-12,59130.0
2012-10-15,58450.0
2012-10-16,58760.0
2012-10-17,58710.0
2012-10-18,59150.0
2012-10-19,58710.0
2012-10-22,57770.0
2012-10-23,57570.0
2012-10-24,57310.0
2012-10-25,57360.0
2012-10-26,56970.0
2012-10-29,56790.0
2012-10-30,56340.0
2012-10-31,56740.0
2012-11-01,56900.0
2012-11-02,56810.0
2012-11-05,55780.0
2012-11-06,56000.0
2012-11-07,56360.0
2012-11-08,55670.0
2012-11-09,56020.0
2012-11-12,55570.0
2012-11-13,55620.0
2012-11-14,55890.0
2012-11-15,55820.0
2012-11-16,55850.0
2012-11-19,56040.0
2012-11-20,56410.0
2012-11-21,56070.0
2012-11-22,56060.0
2012-11-23,55810.0
2012-11-26,56170.0
2012-11-27,56320.0
2012-11-28,56260.0
2012-11-29,56320.0
2012-11-30,56970.0
2012-12-03,57560.0
2012-12-04,57340.0
2012-12-05,57640.0
2012-12-06,57590.0
2012-12-07,57350.0
2012-12-10,57850.0
2012-12-11,57910.0
2012-12-12,57890.0
2012-12-13,57660.0
2012-12-14,57750.0
2012-12-17,57910.0
2012-12-18,57970.0
2012-12-19,57660.0
2012-12-20,56960.0
2012-12-21,56650.0
2012-12-24,56930.0
2012-12-25,56900.0
2012-12-26,57160.0
2012-12-27,57500.0
2012-12-28,57650.0
2012-12-31,57810.0
2013-01-04,58370.0
2013-01-07,58270.0
2013-01-08,58320.0
2013-01-09,58260.0
2013-01-10,58500.0
2013-01-11,58660.0
2013-01-14,58480.0
2013-01-15,58030.0
2013-01-16,57990.0
2013-01-17,57720.0
2013-01-18,58270.0
2013-01-21,58260.0
2013-01-22,58560.0
2013-01-23,58570.0
2013-01-24,58420.0
2013-01-25,58830.0
2013-01-28,58590.0
2013-01-29,58690.0
2013-01-30,59220.0
2013-01-31,59560.0
2013-02-01,59500.0
2013-02-04,60050.0
2013-02-05,59850.0
2013-02-06,59890.0
2013-02-07,59590.0
2013-02-08,59730.0
2013-02-18,59170.0
2013-02-19,58890.0
2013-02-20,58700.0
2013-02-21,57610.0
2013-02-22,57620.0
2013-02-25,57250.0
2013-02-26,57310.0
2013-02-27,57600.0
2013-02-28,57700.0
2013-03-01,56910.0
2013-03-04,56420.0
2013-03-05,56820.0
2013-03-06,56870.0
2013-03-07,56410.0
2013-03-08,56750.0
2013-03-11,56680.0
2013-03-12,56600.0
2013-03-13,56920.0
2013-03-14,56580.0
2013-03-15,57010.0
2013-03-18,55390.0
2013-03-19,55040.0
2013-03-20,55100.0
2013-03-21,56030.0
2013-03-22,55700.0
2013-03-25,56080.0
2013-03-26,55720.0
2013-03-27,55640.0
2013-03-28,55510.0
2013-03-29,55030.0
2013-04-01,54040.0
2013-04-02,54270.0
2013-04-03,54370.0
2013-04-08,54320.0
2013-04-09,54920.0
2013-04-10,55250.0
2013-04-11,55050.0
2013-04-12,55090.0
2013-04-15,53530.0
2013-04-16,52520.0
2013-04-17,52640.0
2013-04-18,50530.0
2013-04-19,50470.0
2013-04-22,49730.0
2013-04-23,49130.0
2013-04-24,49950.0
2013-04-25,50980.0
2013-04-26,51810.0
2013-05-02,49590.0
2013-05-03,50480.0
2013-05-06,52680.0
2013-05-07,52680.0
2013-05-08,52680.0
2013-05-09,52940.0
2013-05-10,53000.0
2013-05-13,53360.0
2013-05-14,53100.0
2013-05-15,52410.0
2013-05-16,52060.0
2013-05-17,52680.0
2013-05-20,52640.0
2013-05-21,53230.0
2013-05-22,53480.0
2013-05-23,52640.0
2013-05-24,52750.0
2013-05-27,52440.0
2013-05-28,52300.0
2013-05-29,52620.0
2013-05-30,52220.0
2013-05-31,52760.0
2013-06-03,52970.0
2013-06-04,53060.0
2013-06-05,53430.0
2013-06-06,53090.0
2013-06-07,52930.0
2013-06-13,51670.0
2013-06-14,51490.0
2013-06-17,51720.0
2013-06-18,51240.0
2013-06-19,50770.0
2013-06-20,49920.0
2013-06-21,49140.0
2013-06-24,48620.0
2013-06-25,48200.0
2013-06-26,48460.0
2013-06-27,48560.0
2013-06-28,48390.0
2013-07-01,49040.0
2013-07-02,49940.0
2013-07-03,50240.0
2013-07-04,50240.0
2013-07-05,49680.0
2013-07-08,48940.0
2013-07-09,49000.0
2013-07-10,48380.0
2013-07-11,50300.0
2013-07-12,50230.0
2013-07-15,49950.0
2013-07-16,50000.0
2013-07-17,50260.0
2013-07-18,49540.0
2013-07-19,49940.0
2013-07-22,50180.0
2013-07-23,50440.0
2013-07-24,50400.0
2013-07-25,50400.0
2013-07-26,50240.0
2013-07-29,49110.0
2013-07-30,49130.0
2013-07-31,48910.0
2013-08-01,49840.0
2013-08-02,50030.0
2013-08-05,50130.0
2013-08-06,50080.0
2013-08-07,49980.0
2013-08-08,51140.0
2013-08-09,51560.0
2013-08-12,52110.0
2013-08-13,52180.0
2013-08-14,52260.0
2013-08-15,52370.0
2013-08-16,52880.0
2013-08-19,52880.0
2013-08-20,52340.0
2013-08-21,52390.0
2013-08-22,52570.0
2013-08-23,52610.0
2013-08-26,53270.0
2013-08-27,52860.0
2013-08-28,52710.0
2013-08-29,52260.0
2013-08-30,51860.0
2013-09-02,52450.0
2013-09-03,52420.0
2013-09-04,52150.0
2013-09-05,51680.0
2013-09-06,51770.0
2013-09-09,52260.0
2013-09-10,51970.0
2013-09-11,52040.0
2013-09-12,51670.0
2013-09-13,51180.0
2013-09-16,51350.0
2013-09-17,51170.0
2013-09-18,51400.0
2013-09-23,51880.0
2013-09-24,51940.0
2013-09-25,51730.0
2013-09-26,52030.0
2013-09-27,52330.0
2013-09-30,52570.0
2013-10-08,52440.0
2013-10-09,52020.0
2013-10-10,51410.0
2013-10-11,51690.0
2013-10-14,51880.0
2013-10-15,52180.0
2013-10-16,52200.0
2013-10-17,52080.0
2013-10-18,52150.0
2013-10-21,52100.0
2013-10-22,52210.0
2013-10-23,52270.0
2013-10-24,51680.0
2013-10-25,51410.0
2013-10-28,51500.0
2013-10-29,51270.0
2013-10-30,51860.0
2013-10-31,51830.0
2013-11-01,52010.0
2013-11-04,51760.0
2013-11-05,51570.0
2013-11-06,51520.0
2013-11-07,51380.0
2013-11-08,51540.0
2013-11-11,51690.0
2013-11-12,51460.0
2013-11-13,50800.0
2013-11-14,50520.0
2013-11-15,50510.0
2013-11-18,50360.0
2013-11-19,49770.0
2013-11-20,50260.0
2013-11-21,50110.0
2013-11-22,50530.0
2013-11-25,50700.0
2013-11-26,50770.0
2013-11-27,50610.0
2013-11-28,50490.0
2013-11-29,50620.0
2013-12-02,50610.0
2013-12-03,50170.0
2013-12-04,50320.0
2013-12-05,50770.0
2013-12-06,50770.0
2013-12-09,50900.0
2013-12-10,51080.0
2013-12-11,51150.0
2013-12-12,51420.0
2013-12-13,51220.0
2013-12-16,51370.0
2013-12-17,51540.0
2013-12-18,51220.0
2013-12-19,51060.0
2013-12-20,51180.0
2013-12-23,51320.0
2013-12-24,51350.0
2013-12-25,52010.0
2013-12-26,52390.0
2013-12-27,52270.0
2013-12-30,52310.0
2013-12-31,52280.0
2014-01-02,52540.0
2014-01-03,52140.0
2014-01-06,51890.0
2014-01-07,51860.0
2014-01-08,51950.0
2014-01-09,51660.0
2014-01-10,51210.0
2014-01-13,51760.0
2014-01-14,51670.0
2014-01-15,51470.0
2014-01-16,51780.0
2014-01-17,51710.0
2014-01-20,51830.0
2014-01-21,51650.0
2014-01-22,51660.0
2014-01-23,51450.0
2014-01-24,51280.0
2014-01-27,51030.0
2014-01-28,50960.0
2014-01-29,51000.0
2014-01-30,50880.0
2014-02-07,51000.0
2014-02-10,50980.0
2014-02-11,50580.0
2014-02-12,50530.0
2014-02-13,50650.0
2014-02-14,50600.0
2014-02-17,51000.0
2014-02-18,50850.0
2014-02-19,50830.0
2014-02-20,50560.0
2014-02-21,50510.0
2014-02-24,49920.0
2014-02-25,49790.0
2014-02-26,49560.0
2014-02-27,49340.0
2014-02-28,49210.0
2014-03-03,48970.0
2014-03-04,48810.0
2014-03-05,49310.0
2014-03-06,49190.0
2014-03-07,49130.0
2014-03-10,47260.0
2014-03-11,46050.0
2014-03-12,44650.0
2014-03-13,44590.0
2014-03-14,44350.0
2014-03-17,44560.0
2014-03-18,44800.0
2014-03-19,44750.0
2014-03-20,44910.0
2014-03-21,45150.0
2014-03-24,45250.0
2014-03-25,45620.0
2014-03-26,46140.0
2014-03-27,45980.0
2014-03-28,46170.0
2014-03-31,46780.0
2014-04-01,46720.0
2014-04-02,46710.0
2014-04-03,46410.0
2014-04-04,46500.0
2014-04-08,46730.0
2014-04-09,46630.0
2014-04-10,46220.0
2014-04-11,46480.0
2014-04-14,46690.0
2014-04-15,46610.0
2014-04-16,46070.0
2014-04-17,46570.0
2014-04-18,46450.0
2014-04-21,46500.0
2014-04-22,46490.0
2014-04-23,46630.0
2014-04-24,46960.0
2014-04-25,47630.0
2014-04-28,47920.0
2014-04-29,47810.0
2014-04-30,47610.0
2014-05-05,47710.0
2014-05-06,47540.0
2014-05-07,47460.0
2014-05-08,47070.0
2014-05-09,47470.0
2014-05-12,47600.0
2014-05-13,48270.0
2014-05-14,48190.0
2014-05-15,48520.0
2014-05-16,48380.0
2014-05-19,48620.0
2014-05-20,48820.0
2014-05-21,48370.0
2014-05-22,48160.0
2014-05-23,48440.0
2014-05-26,48930.0
2014-05-27,48950.0
2014-05-28,48840.0
2014-05-29,48720.0
2014-05-30,48460.0
2014-06-03,48670.0
2014-06-04,48220.0
2014-06-05,48060.0
2014-06-06,48210.0
2014-06-09,47680.0
2014-06-10,47520.0
2014-06-11,47680.0
2014-06-12,47630.0
2014-06-13,47550.0
2014-06-16,47930.0
2014-06-17,48140.0
2014-06-18,48170.0
2014-06-19,48080.0
2014-06-20,48460.0
2014-06-23,49280.0
2014-06-24,49450.0
2014-06-25,49360.0
2014-06-26,49410.0
2014-06-27,49530.0
2014-06-30,49530.0
2014-07-01,50130.0
2014-07-02,50230.0
2014-07-03,50920.0
2014-07-04,51340.0
2014-07-07,51010.0
2014-07-08,50970.0
2014-07-09,50980.0
2014-07-10,50650.0
2014-07-11,50770.0
2014-07-14,50820.0
2014-07-15,50500.0
2014-07-16,50550.0
2014-07-17,50130.0
2014-07-18,49920.0
2014-07-21,49420.0
2014-07-22,49840.0
2014-07-23,49900.0
2014-07-24,50290.0
2014-07-25,50820.0
2014-07-28,50540.0
2014-07-29,50710.0
2014-07-30,50330.0
2014-07-31,50450.0
2014-08-01,50430.0
2014-08-04,50280.0
2014-08-05,50540.0
2014-08-06,50000.0
2014-08-07,49720.0
2014-08-08,49790.0
2014-08-11,49930.0
2014-08-12,49730.0
2014-08-13,49510.0
2014-08-14,49030.0
2014-08-15,48830.0
2014-08-18,49000.0
2014-08-19,49180.0
2014-08-20,49240.0
2014-08-21,50110.0
2014-08-22,50550.0
2014-08-25,50730.0
2014-08-26,50620.0
2014-08-27,50440.0
2014-08-28,50250.0
2014-08-29,49750.0
2014-09-01,49750.0
2014-09-02,49640.0
2014-09-03,49750.0
2014-09-04,49490.0
2014-09-05,49770.0
2014-09-09,49560.0
2014-09-10,48870.0
2014-09-11,48660.0
2014-09-12,48400.0
2014-09-15,48290.0
2014-09-16,48570.0
2014-09-17,49270.0
2014-09-18,49230.0
2014-09-19,48840.0
2014-09-22,48290.0
2014-09-23,48000.0
2014-09-24,47680.0
2014-09-25,47770.0
2014-09-26,47690.0
2014-09-29,47640.0
2014-09-30,48040.0
2014-10-08,47920.0
2014-10-09,47570.0
2014-10-10,47590.0
2014-10-13,47560.0
2014-10-14,47900.0
2014-10-15,48300.0
2014-10-16,47710.0
2014-10-17,47030.0
2014-10-20,46760.0
2014-10-21,46640.0
2014-10-22,47110.0
2014-10-23,47050.0
2014-10-24,47280.0
2014-10-27,47190.0
2014-10-28,47410.0
2014-10-29,47600.0
2014-10-30,47730.0
2014-10-31,47440.0
2014-11-03,47330.0
2014-11-04,47520.0
2014-11-05,46930.0
2014-11-06,46820.0
2014-11-07,47030.0
2014-11-10,47390.0
2014-11-11,47270.0
2014-11-12,47260.0
2014-11-13,47400.0
2014-11-14,47160.0
2014-11-17,47500.0
2014-11-18,47530.0
2014-11-19,47250.0
2014-11-20,47500.0
2014-11-21,47460.0
2014-11-24,47960.0
2014-11-25,47690.0
2014-11-26,46860.0
2014-11-27,46660.0
2014-11-28,46210.0
2014-12-01,44640.0
2014-12-02,45330.0
2014-12-03,45310.0
2014-12-04,45530.0
2014-12-05,46080.0
2014-12-08,46040.0
2014-12-09,45750.0
2014-12-10,46240.0
2014-12-11,46170.0
2014-12-12,46360.0
2014-12-15,46540.0
2014-12-16,46160.0
2014-12-17,45610.0
2014-12-18,45150.0
2014-12-19,45330.0
2014-12-22,45760.0
2014-12-23,45660.0
2014-12-24,45500.0
2014-12-25,45500.0
2014-12-26,45490.0
2014-12-29,45210.0
2014-12-30,45210.0
2014-12-31,45620.0
2015-01-05,45250.0
2015-01-06,44570.0
2015-01-07,44660.0
2015-01-08,44740.0
2015-01-09,44550.0
2015-01-12,44140.0
2015-01-13,43360.0
2015-01-14,42150.0
2015-01-15,40520.0
2015-01-16,41070.0
2015-01-19,41400.0
2015-01-20,41340.0
2015-01-21,41320.0
2015-01-22,41600.0
2015-01-23,40910.0
2015-01-26,39660.0
2015-01-27,40210.0
2015-01-28,39690.0
2015-01-29,39520.0
2015-01-30,39210.0
2015-02-02,39830.0
2015-02-03,40440.0
2015-02-04,41260.0
2015-02-05,41190.0
2015-02-06,41320.0
2015-02-09,41310.0
2015-02-10,41320.0
2015-02-11,41040.0
2015-02-12,41040.0
2015-02-13,41730.0
2015-02-16,41910.0
2015-02-17,42100.0
2015-02-25,41920.0
2015-02-26,42190.0
2015-02-27,42690.0
2015-03-02,42830.0
2015-03-03,42800.0
2015-03-04,42400.0
2015-03-05,42420.0
2015-03-06,42390.0
2015-03-09,42000.0
2015-03-10,42510.0
2015-03-11,42100.0
2015-03-12,42090.0
2015-03-13,42690.0
2015-03-16,42620.0
2015-03-17,42650.0
2015-03-18,42120.0
2015-03-19,41510.0
2015-03-20,42130.0
2015-03-23,43280.0
2015-03-24,43910.0
2015-03-25,43670.0
2015-03-26,43820.0
2015-03-27,43870.0
2015-03-30,43620.0
2015-03-31,43770.0
2015-04-01,43380.0
2015-04-02,43350.0
2015-04-03,43330.0
2015-04-07,43450.0
2015-04-08,43580.0
2015-04-09,43280.0
2015-04-10,43380.0
2015-04-13,43670.0
2015-04-14,43160.0
2015-04-15,42890.0
2015-04-16,43140.0
2015-04-17,43750.0
2015-04-20,43800.0
2015-04-21,43360.0
2015-04-22,43250.0
2015-04-23,43080.0
2015-04-24,43270.0
2015-04-27,43670.0
2015-04-28,43850.0
2015-04-29,43830.0
2015-04-30,44070.0
2015-05-04,45470.0
2015-05-05,45700.0
2015-05-06,46090.0
2015-05-07,45880.0
2015-05-08,45890.0
2015-05-11,45780.0
2015-05-12,45740.0
2015-05-13,46080.0
2015-05-14,46000.0
2015-05-15,45930.0
2015-05-18,45970.0
2015-05-19,45810.0
2015-05-20,44950.0
2015-05-21,44980.0
2015-05-22,45160.0
2015-05-25,44630.0
2015-05-26,44870.0
2015-05-27,44190.0
2015-05-28,44130.0
2015-05-29,44160.0
2015-06-01,43810.0
2015-06-02,43610.0
2015-06-03,43740.0
2015-06-04,43490.0
2015-06-05,43040.0
2015-06-08,43080.0
2015-06-09,43200.0
2015-06-10,43370.0
2015-06-11,43560.0
2015-06-12,42720.0
2015-06-15,42520.0
2015-06-16,42170.0
2015-06-17,41860.0
2015-06-18,41920.0
2015-06-19,41900.0
2015-06-23,41860.0
2015-06-24,42030.0
2015-06-25,41970.0
2015-06-26,42010.0
2015-06-29,42180.0
2015-06-30,42210.0
2015-07-01,41950.0
2015-07-02,42190.0
2015-07-03,42310.0
2015-07-06,41220.0
2015-07-07,40390.0
2015-07-08,38550.0
2015-07-09,40060.0
2015-07-10,40720.0
2015-07-13,40180.0
2015-07-14,40430.0
2015-07-15,40460.0
2015-07-16,40430.0
2015-07-17,40470.0
2015-07-20,39940.0
2015-07-21,39980.0
2015-07-22,39650.0
2015-07-23,39110.0
2015-07-24,38470.0
2015-07-27,38150.0
2015-07-28,37850.0
2015-07-29,38770.0
2015-07-30,38680.0
2015-07-31,38380.0
2015-08-03,38200.0
2015-08-04,37970.0
2015-08-05,38130.0
2015-08-06,38020.0
2015-08-07,37750.0
2015-08-10,37850.0
2015-08-11,38880.0
2015-08-12,38920.0
2015-08-13,39620.0
2015-08-14,39420.0
2015-08-17,39200.0
2015-08-18,38970.0
2015-08-19,38460.0
2015-08-20,38560.0
2015-08-21,39020.0
2015-08-24,38330.0
2015-08-25,38550.0
2015-08-26,39240.0
2015-08-27,38560.0
2015-08-28,39250.0
2015-08-31,39280.0
2015-09-01,39210.0
2015-09-02,39060.0
2015-09-07,39260.0
2015-09-08,39390.0
2015-09-09,40820.0
2015-09-10,40950.0
2015-09-11,41130.0
2015-09-14,40870.0
2015-09-15,40510.0
2015-09-16,40640.0
2015-09-17,41060.0
2015-09-18,40920.0
2015-09-21,40150.0
2015-09-22,40180.0
2015-09-23,38660.0
2015-09-24,38850.0
2015-09-25,38900.0
2015-09-28,38600.0
2015-09-29,37780.0
2015-09-30,38080.0
2015-10-08,39160.0
2015-10-09,39580.0
2015-10-12,40080.0
2015-10-13,39770.0
2015-10-14,39710.0
2015-10-15,39990.0
2015-10-16,39850.0
2015-10-19,39500.0
2015-10-20,39100.0
2015-10-21,39070.0
2015-10-22,39060.0
2015-10-23,39490.0
2015-10-26,39120.0
2015-10-27,39090.0
2015-10-28,39090.0
2015-10-29,39060.0
2015-10-30,38680.0
2015-11-02,38500.0
2015-11-03,38500.0
2015-11-04,38530.0
2015-11-05,38610.0
2015-11-06,37980.0
2015-11-09,37850.0
2015-11-10,37460.0
2015-11-11,37330.0
2015-11-12,37320.0
2015-11-13,36480.0
2015-11-16,36250.0
2015-11-17,35180.0
2015-11-18,34920.0
2015-11-19,34680.0
2015-11-20,34770.0
2015-11-23,34040.0
2015-11-24,33570.0
2015-11-25,34470.0
2015-11-26,35020.0
2015-11-27,35200.0
2015-11-30,34800.0
2015-12-01,34930.0
2015-12-02,35120.0
2015-12-03,34800.0
2015-12-04,34580.0
2015-12-07,35020.0
2015-12-08,34830.0
2015-12-09,34850.0
2015-12-10,35130.0
2015-12-11,35400.0
2015-12-14,36060.0
2015-12-15,35970.0
2015-12-16,35450.0
2015-12-17,35450.0
2015-12-18,35400.0
2015-12-21,36020.0
2015-12-22,36350.0
2015-12-23,36200.0
2015-12-24,36300.0
2015-12-25,36260.0
2015-12-28,36100.0
2015-12-29,35830.0
2015-12-30,36420.0
2015-12-31,36520.0
2016-01-04,36050.0
2016-01-05,36120.0
2016-01-06,36320.0
2016-01-07,36240.0
2016-01-08,35690.0
2016-01-11,35320.0
2016-01-12,34890.0
2016-01-13,34830.0
2016-01-14,34750.0
2016-01-15,35010.0
2016-01-18,34870.0
2016-01-19,35170.0
2016-01-20,35210.0
2016-01-21,35030.0
2016-01-22,35170.0
2016-01-25,35140.0
2016-01-26,35010.0
2016-01-27,35540.0
2016-01-28,35740.0
2016-01-29,35630.0
2016-02-01,35660.0
2016-02-02,35650.0
2016-02-03,35690.0
2016-02-04,36210.0
2016-02-05,36440.0
2016-02-15,35770.0
2016-02-16,35790.0
2016-02-17,35650.0
2016-02-18,35690.0
2016-02-19,35750.0
2016-02-22,36050.0
2016-02-23,36330.0
2016-02-24,35990.0
2016-02-25,36010.0
2016-02-26,35790.0
2016-02-29,36140.0
2016-03-01,35890.0
2016-03-02,36430.0
2016-03-03,36970.0
2016-03-04,37520.0
2016-03-07,38210.0
2016-03-08,38000.0
2016-03-09,37190.0
2016-03-10,37420.0
2016-03-11,37370.0
2016-03-14,37770.0
2016-03-15,37350.0
2016-03-16,37360.0
2016-03-17,37720.0
2016-03-18,38280.0
2016-03-21,38190.0
2016-03-22,38250.0
2016-03-23,38230.0
2016-03-24,37650.0
2016-03-25,37620.0
2016-03-28,37720.0
2016-03-29,37750.0
2016-03-30,37260.0
2016-03-31,36890.0
2016-04-01,37000.0
2016-04-05,36700.0
2016-04-06,36710.0
2016-04-07,36730.0
2016-04-08,35870.0
2016-04-11,35920.0
2016-04-12,35880.0
2016-04-13,36700.0
2016-04-14,36960.0
2016-04-15,36990.0
2016-04-18,36820.0
2016-04-19,36910.0
2016-04-20,37400.0
2016-04-21,37750.0
2016-04-22,37950.0
2016-04-25,38320.0
2016-04-26,37850.0
2016-04-27,37720.0
2016-04-28,37280.0
2016-04-29,37520.0
2016-05-03,37680.0
2016-05-04,37350.0
2016-05-05,37060.0
2016-05-06,36580.0
2016-05-09,36270.0
2016-05-10,35870.0
2016-05-11,35920.0
2016-05-12,36150.0
2016-05-13,35560.0
2016-05-16,35440.0
2016-05-17,35770.0
2016-05-18,35590.0
2016-05-19,35360.0
2016-05-20,35200.0
2016-05-23,35150.0
2016-05-24,35210.0
2016-05-25,35500.0
2016-05-26,35840.0
2016-05-27,35860.0
2016-05-30,35770.0
2016-05-31,35800.0
2016-06-01,35480.0
2016-06-02,35280.0
2016-06-03,35420.0
2016-06-06,36080.0
2016-06-07,36040.0
2016-06-08,35270.0
2016-06-13,35280.0
2016-06-14,35320.0
2016-06-15,35170.0
2016-06-16,35690.0
2016-06-17,35330.0
2016-06-20,35470.0
2016-06-21,35680.0
2016-06-22,35890.0
2016-06-23,36200.0
2016-06-24,36280.0
2016-06-27,36400.0
2016-06-28,36870.0
2016-06-29,37260.0
2016-06-30,37470.0
2016-07-01,37380.0
2016-07-04,38040.0
2016-07-05,37880.0
2016-07-06,37390.0
2016-07-07,37050.0
2016-07-08,36680.0
2016-07-11,36800.0
2016-07-12,37060.0
2016-07-13,38350.0
2016-07-14,38470.0
2016-07-15,38420.0
2016-07-18,38230.0
2016-07-19,38240.0
2016-07-20,38460.0
2016-07-21,38400.0
2016-07-22,38460.0
2016-07-25,38180.0
2016-07-26,37810.0
2016-07-27,37890.0
2016-07-28,37700.0
2016-07-29,37810.0
2016-08-01,37980.0
2016-08-02,37940.0
2016-08-03,38050.0
2016-08-04,37650.0
2016-08-05,37540.0
2016-08-08,37510.0
2016-08-09,37470.0
2016-08-10,37350.0
2016-08-11,37600.0
2016-08-12,37570.0
2016-08-15,37210.0
2016-08-16,37160.0
2016-08-17,37280.0
2016-08-18,37230.0
2016-08-19,37330.0
2016-08-22,37250.0
2016-08-23,37090.0
2016-08-24,36830.0
2016-08-25,36330.0
2016-08-26,36350.0
2016-08-29,36370.0
2016-08-30,36390.0
2016-08-31,36280.0
2016-09-01,36450.0
2016-09-02,36530.0
2016-09-05,36550.0
2016-09-06,36520.0
2016-09-07,36660.0
2016-09-08,36660.0
2016-09-09,36620.0
2016-09-12,36360.0
2016-09-13,36480.0
2016-09-14,36640.0
2016-09-19,37110.0
2016-09-20,37240.0
2016-09-21,37330.0
2016-09-22,37490.0
2016-09-23,37770.0
2016-09-26,37770.0
2016-09-27,37640.0
2016-09-28,37450.0
2016-09-29,37780.0
2016-09-30,37690.0
2016-10-10,37550.0
2016-10-11,38000.0
2016-10-12,37920.0
2016-10-13,37860.0
2016-10-14,37300.0
2016-10-17,37260.0
2016-10-18,37290.0
2016-10-19,37270.0
2016-10-20,37240.0
2016-10-21,37130.0
2016-10-24,37270.0
2016-10-25,37780.0
2016-10-26,37930.0
2016-10-27,37820.0
2016-10-28,38130.0
2016-10-31,38420.0
2016-11-01,38660.0
2016-11-02,38820.0
2016-11-03,38800.0
2016-11-04,39190.0
2016-11-07,39880.0
2016-11-08,40370.0
2016-11-09,41430.0
2016-11-10,42970.0
2016-11-11,45330.0
2016-11-14,45630.0
2016-11-15,44940.0
2016-11-16,44170.0
2016-11-17,43890.0
2016-11-18,44180.0
2016-11-21,44500.0
2016-11-22,45610.0
2016-11-23,45760.0
2016-11-24,47310.0
2016-11-25,48260.0
2016-11-28,48820.0
2016-11-29,47950.0
2016-11-30,46220.0
2016-12-01,46990.0
2016-12-02,46650.0
2016-12-05,46910.0
2016-12-06,47950.0
2016-12-07,47930.0
2016-12-08,47530.0
2016-12-09,47100.0
2016-12-12,47700.0
2016-12-13,46930.0
2016-12-14,46540.0
2016-12-15,46680.0
2016-12-16,46640.0
2016-12-19,46090.0
2016-12-20,44970.0
2016-12-21,45140.0
2016-12-22,44810.0
2016-12-23,44800.0
2016-12-26,44210.0
2016-12-27,44340.0
2016-12-28,45530.0
2016-12-29,45570.0
2016-12-30,45430.0
2017-01-03,46040.0
2017-01-04,45360.0
2017-01-05,45850.0
2017-01-06,45430.0
2017-01-09,45470.0
2017-01-10,45780.0
2017-01-11,46950.0
2017-01-12,46990.0
2017-01-13,47500.0
2017-01-16,47900.0
2017-01-17,47320.0
2017-01-18,46550.0
2017-01-19,46610.0
2017-01-20,46420.0
2017-01-23,46790.0
2017-01-24,46870.0
2017-01-25,47610.0
2017-01-26,47820.0
2017-02-03,46920.0
2017-02-06,46600.0
2017-02-07,46810.0
2017-02-08,47170.0
2017-02-09,47680.0
2017-02-10,47570.0
2017-02-13,49550.0
2017-02-14,49940.0
2017-02-15,49120.0
2017-02-16,48970.0
2017-02-17,48600.0
2017-02-20,48420.0
2017-02-21,49050.0
2017-02-22,48900.0
2017-02-23,48570.0
2017-02-24,47760.0
2017-02-27,47870.0
2017-02-28,47830.0
2017-03-01,48310.0
2017-03-02,48710.0
2017-03-03,48150.0
2017-03-06,48150.0
2017-03-07,47640.0
2017-03-08,47410.0
2017-03-09,46970.0
2017-03-10,46560.0
2017-03-13,47020.0
2017-03-14,47360.0
2017-03-15,47440.0
2017-03-16,47980.0
2017-03-17,47940.0
2017-03-20,48060.0
2017-03-21,47660.0
2017-03-22,46880.0
2017-03-23,46960.0
2017-03-24,47010.0
2017-03-27,46540.0
2017-03-28,46330.0
2017-03-29,47260.0
2017-03-30,47480.0
2017-03-31,47830.0
2017-04-05,47320.0
2017-04-06,47940.0
2017-04-07,47640.0
2017-04-10,47130.0
2017-04-11,46750.0
2017-04-12,46630.0
2017-04-13,46040.0
2017-04-14,46160.0
2017-04-17,46610.0
2017-04-18,46290.0
2017-04-19,45630.0
2017-04-20,45430.0
2017-04-21,45770.0
2017-04-24,45760.0
2017-04-25,45880.0
2017-04-26,46230.0
2017-04-27,46310.0
2017-04-28,46230.0
2017-05-02,46870.0
2017-05-03,46690.0
2017-05-04,45550.0
2017-05-05,45010.0
2017-05-08,45080.0
2017-05-09,44700.0
2017-05-10,44950.0
2017-05-11,44940.0
2017-05-12,45030.0
2017-05-15,45200.0
2017-05-16,45290.0
2017-05-17,45410.0
2017-05-18,45130.0
2017-05-19,45130.0
2017-05-22,45810.0
2017-05-23,45950.0
2017-05-24,45860.0
2017-05-25,45910.0
2017-05-26,46050.0
2017-05-31,45540.0
2017-06-01,45330.0
2017-06-02,45410.0
2017-06-05,45250.0
2017-06-06,45150.0
2017-06-07,45020.0
2017-06-08,45070.0
2017-06-09,45750.0
2017-06-12,46340.0
2017-06-13,46070.0
2017-06-14,45800.0
2017-06-15,45650.0
2017-06-16,45570.0
2017-06-19,45600.0
2017-06-20,45910.0
2017-06-21,45500.0
2017-06-22,45980.0
2017-06-23,46210.0
2017-06-26,46540.0
2017-06-27,46570.0
2017-06-28,46820.0
2017-06-29,47220.0
2017-06-30,47440.0
2017-07-03,47500.0
2017-07-04,47230.0
2017-07-05,47210.0
2017-07-06,46830.0
2017-07-07,46920.0
2017-07-10,46860.0
2017-07-11,46840.0
2017-07-12,47210.0
2017-07-13,47320.0
2017-07-14,47150.0
2017-07-17,47520.0
2017-07-18,47840.0
2017-07-19,47790.0
2017-07-20,47750.0
2017-07-21,47800.0
2017-07-24,47890.0
2017-07-25,48240.0
2017-07-26,49840.0
2017-07-27,50150.0
2017-07-28,50010.0
2017-07-31,50340.0
2017-08-01,50460.0
2017-08-02,50220.0
2017-08-03,50330.0
2017-08-04,50380.0
2017-08-07,50430.0
2017-08-08,50760.0
2017-08-09,51110.0
2017-08-10,50940.0
2017-08-11,50160.0
2017-08-14,50280.0
2017-08-15,50240.0
2017-08-16,50090.0
2017-08-17,51250.0
2017-08-18,50910.0
2017-08-21,51200.0
2017-08-22,51750.0
2017-08-23,51640.0
2017-08-24,51760.0
2017-08-25,52440.0
2017-08-28,52510.0
2017-08-29,52710.0
2017-08-30,52730.0
2017-08-31,52650.0
2017-09-01,52720.0
2017-09-04,53010.0
2017-09-05,53350.0
2017-09-06,53220.0
2017-09-07,53050.0
2017-09-08,52380.0
2017-09-11,51340.0
2017-09-12,51680.0
2017-09-13,51270.0
2017-09-14,50580.0
2017-09-15,50400.0
2017-09-18,50350.0
2017-09-19,50730.0
2017-09-20,50770.0
2017-09-21,50380.0
2017-09-22,49850.0
2017-09-25,50160.0
2017-09-26,50500.0
2017-09-27,50370.0
2017-09-28,50410.0
2017-09-29,51320.0
2017-10-09,52170.0
2017-10-10,52070.0
2017-10-11,52200.0
2017-10-12,52890.0
2017-10-13,53420.0
2017-10-16,54080.0
2017-10-17,55410.0
2017-10-18,54910.0
2017-10-19,54780.0
2017-10-20,54700.0
2017-10-23,54580.0
2017-10-24,55300.0
2017-10-25,54890.0
2017-10-26,54870.0
2017-10-27,54370.0
2017-10-30,53510.0
2017-10-31,53690.0
2017-11-01,54210.0
2017-11-02,54140.0
2017-11-03,54380.0
2017-11-06,54220.0
2017-11-07,54670.0
2017-11-08,53770.0
2017-11-09,53540.0
2017-11-10,53480.0
2017-11-13,53530.0
2017-11-14,54060.0
2017-11-15,53190.0
2017-11-16,52880.0
2017-11-17,52930.0
2017-11-20,52980.0
2017-11-21,53280.0
2017-11-22,53970.0
2017-11-23,54050.0
2017-11-24,54150.0
2017-11-27,54230.0
2017-11-28,53620.0
2017-11-29,53180.0
2017-11-30,52760.0
2017-12-01,52880.0
2017-12-04,53360.0
2017-12-05,53060.0
2017-12-06,51590.0
2017-12-07,51440.0
2017-12-08,51520.0
2017-12-11,51560.0
2017-12-12,51910.0
2017-12-13,52170.0
2017-12-14,52470.0
2017-12-15,52790.0
2017-12-18,53470.0
2017-12-19,53550.0
2017-12-20,53660.0
2017-12-21,54270.0
2017-12-22,54320.0
2017-12-25,54810.0
2017-12-26,54860.0
2017-12-27,55110.0
2017-12-28,55570.0
2017-12-29,55740.0
2018-01-02,55270.0
2018-01-03,55050.0
2018-01-04,55020.0
2018-01-05,55070.0
2018-01-08,54600.0
2018-01-09,54800.0
2018-01-10,54890.0
2018-01-11,55080.0
2018-01-12,54680.0
2018-01-15,54670.0
2018-01-16,54600.0
2018-01-17,53800.0
2018-01-18,53680.0
2018-01-19,53710.0
2018-01-22,53600.0
2018-01-23,53640.0
2018-01-24,52760.0
2018-01-25,53560.0
2018-01-26,53550.0
2018-01-29,53470.0
2018-01-30,53260.0
2018-01-31,53100.0
2018-02-01,53140.0
2018-02-02,53390.0
2018-02-05,53190.0
2018-02-06,53290.0
2018-02-07,53070.0
2018-02-08,52160.0
2018-02-09,51800.0
2018-02-12,51360.0
2018-02-13,51880.0
2018-02-14,52560.0
2018-02-22,52770.0
2018-02-23,53570.0
2018-02-26,53430.0
2018-02-27,53330.0
2018-02-28,52740.0
2018-03-01,52560.0
2018-03-02,52450.0
2018-03-05,52280.0
2018-03-06,52320.0
2018-03-07,52680.0
2018-03-08,52220.0
2018-03-09,51540.0
2018-03-12,52040.0
2018-03-13,51930.0
2018-03-14,52150.0
2018-03-15,52390.0
2018-03-16,51950.0
2018-03-19,51590.0
2018-03-20,51360.0
2018-03-21,50840.0
2018-03-22,50990.0
2018-03-23,50260.0
2018-03-26,49550.0
2018-03-27,49460.0
2018-03-28,49480.0
2018-03-29,49660.0
2018-03-30,50000.0
2018-04-02,50280.0
2018-04-03,50390.0
2018-04-04,50360.0
2018-04-09,50330.0
2018-04-10,50780.0
2018-04-11,51110.0
2018-04-12,50710.0
2018-04-13,50420.0
2018-04-16,50400.0
2018-04-17,50850.0
2018-04-18,50830.0
2018-04-19,51890.0
2018-04-20,51430.0
2018-04-23,51720.0
2018-04-24,51430.0
2018-04-25,51760.0
2018-04-26,51700.0
2018-04-27,51610.0
2018-05-02,50990.0
2018-05-03,51000.0
2018-05-04,51330.0
2018-05-07,51280.0
2018-05-08,51400.0
2018-05-09,50900.0
2018-05-10,51110.0
2018-05-11,51480.0
2018-05-14,51570.0
2018-05-15,51270.0
2018-05-16,50940.0
2018-05-17,51070.0
2018-05-18,51240.0
2018-05-21,51290.0
2018-05-22,51480.0
2018-05-23,51880.0
2018-05-24,51350.0
2018-05-25,51490.0
2018-05-28,51450.0
2018-05-29,51540.0
2018-05-30,51330.0
2018-05-31,51230.0
2018-06-01,51340.0
2018-06-04,51870.0
2018-06-05,52070.0
2018-06-06,52780.0
2018-06-07,53940.0
2018-06-08,54130.0
2018-06-11,54250.0
2018-06-12,53970.0
2018-06-13,53710.0
2018-06-14,53800.0
2018-06-15,53510.0
2018-06-19,52310.0
2018-06-20,51840.0
2018-06-21,51730.0
2018-06-22,51730.0
2018-06-25,51860.0
2018-06-26,51560.0
2018-06-27,51590.0
2018-06-28,51770.0
2018-06-29,51430.0
2018-07-02,51340.0
2018-07-03,51330.0
2018-07-04,50770.0
2018-07-05,49600.0
2018-07-06,49170.0
2018-07-09,49540.0
2018-07-10,49800.0
2018-07-11,48390.0
2018-07-12,48490.0
2018-07-13,48820.0
2018-07-16,48990.0
2018-07-17,48820.0
2018-07-18,48490.0
2018-07-19,48690.0
2018-07-20,48340.0
2018-07-23,48870.0
2018-07-24,49200.0
2018-07-25,50020.0
2018-07-26,50000.0
2018-07-27,50040.0
2018-07-30,49940.0
2018-07-31,49780.0
2018-08-01,49930.0
2018-08-02,49210.0
2018-08-03,49210.0
2018-08-06,49380.0
2018-08-07,49310.0
2018-08-08,49500.0
2018-08-09,49710.0
2018-08-10,49830.0
2018-08-13,49680.0
2018-08-14,49670.0
2018-08-15,48840.0
2018-08-16,47710.0
2018-08-17,47850.0
2018-08-20,48080.0
2018-08-21,48460.0
2018-08-22,48570.0
2018-08-23,48260.0
2018-08-24,48440.0
2018-08-27,48750.0
2018-08-28,48630.0
2018-08-29,48950.0
2018-08-30,48740.0
2018-08-31,48580.0
2018-09-03,48190.0
2018-09-04,47910.0
2018-09-05,47190.0
2018-09-06,47500.0
2018-09-07,47680.0
2018-09-10,47660.0
2018-09-11,47750.0
2018-09-12,47560.0
2018-09-13,48240.0
2018-09-14,48600.0
2018-09-17,48140.0
2018-09-18,48400.0
2018-09-19,49480.0
2018-09-20,49440.0
2018-09-21,49600.0
2018-09-25,50180.0
2018-09-26,50580.0
2018-09-27,50390.0
2018-09-28,49970.0
2018-10-08,50020.0
2018-10-09,50300.0
2018-10-10,50700.0
2018-10-11,50210.0
2018-10-12,50490.0
2018-10-15,50780.0
2018-10-16,50510.0
2018-10-17,50230.0
2018-10-18,50280.0
2018-10-19,50080.0
2018-10-22,50370.0
2018-10-23,50330.0
2018-10-24,50120.0
2018-10-25,49770.0
2018-10-26,50040.0
2018-10-29,49900.0
2018-10-30,49840.0
2018-10-31,49160.0
2018-11-01,48860.0
2018-11-02,49300.0
2018-11-05,50000.0
2018-11-06,49660.0
2018-11-07,49500.0
2018-11-08,49450.0
2018-11-09,49280.0
2018-11-12,49000.0
2018-11-13,48900.0
2018-11-14,48980.0
2018-11-15,49190.0
2018-11-16,49580.0
2018-11-19,49660.0
2018-11-20,49800.0
2018-11-21,49390.0
2018-11-22,49500.0
2018-11-23,49590.0
2018-11-26,49270.0
2018-11-27,49070.0
2018-11-28,48960.0
2018-11-29,49500.0
2018-11-30,49550.0
2018-12-03,49990.0
2018-12-04,49950.0
2018-12-05,49420.0
2018-12-06,49150.0
2018-12-07,49000.0
2018-12-10,49060.0
2018-12-11,49010.0
2018-12-12,49240.0
2018-12-13,49190.0
2018-12-14,49150.0
2018-12-17,49100.0
2018-12-18,49000.0
2018-12-19,48400.0
2018-12-20,48180.0
2018-12-21,48350.0
2018-12-24,48220.0
2018-12-25,47910.0
2018-12-26,47970.0
2018-12-27,48400.0
2018-12-28,48170.0
2019-01-02,47900.0
2019-01-03,47210.0
2019-01-04,46760.0
2019-01-07,47290.0
2019-01-08,47360.0
2019-01-09,47540.0
2019-01-10,47540.0
2019-01-11,47180.0
2019-01-14,47030.0
2019-01-15,46880.0
2019-01-16,47160.0
2019-01-17,47360.0
2019-01-18,47630.0
2019-01-21,47950.0
2019-01-22,47650.0
2019-01-23,47500.0
2019-01-24,47390.0
2019-01-25,47300.0
2019-01-28,47620.0
2019-01-29,47510.0
2019-01-30,47750.0
2019-01-31,48040.0
2019-02-01,48170.0
2019-02-11,48360.0
2019-02-12,48290.0
2019-02-13,48030.0
2019-02-14,48170.0
2019-02-15,48350.0
2019-02-18,48810.0
2019-02-19,49330.0
2019-02-20,49590.0
2019-02-21,49780.0
2019-02-22,49710.0
2019-02-25,50300.0
2019-02-26,50150.0
2019-02-27,50130.0
2019-02-28,50260.0
2019-03-01,50270.0
2019-03-04,50340.0
2019-03-05,49910.0
2019-03-06,49460.0
2019-03-07,49390.0
2019-03-08,49150.0
2019-03-11,49030.0
2019-03-12,49260.0
2019-03-13,49420.0
2019-03-14,49260.0
2019-03-15,48960.0
2019-03-18,49180.0
2019-03-19,49250.0
2019-03-20,49290.0
2019-03-21,49320.0
2019-03-22,49080.0
2019-03-25,48410.0
2019-03-26,48260.0
2019-03-27,48380.0
2019-03-28,48350.0
2019-03-29,48640.0
2019-04-01,49290.0
2019-04-02,49260.0
2019-04-03,49230.0
2019-04-04,49480.0
2019-04-08,49270.0
2019-04-09,49520.0
2019-04-10,49550.0
2019-04-11,49280.0
2019-04-12,49120.0
2019-04-15,49460.0
2019-04-16,49360.0
2019-04-17,49480.0
2019-04-18,49740.0
2019-04-19,49390.0
2019-04-22,49380.0
2019-04-23,49150.0
2019-04-24,48980.0
2019-04-25,49200.0
2019-04-26,48860.0
2019-04-29,48880.0
2019-04-30,48920.0
2019-05-06,47840.0
2019-05-07,48290.0
2019-05-08,47900.0
2019-05-09,47620.0
2019-05-10,47760.0
2019-05-13,47720.0
2019-05-14,47510.0
2019-05-15,47600.0
2019-05-16,47750.0
2019-05-17,47880.0
2019-05-20,47740.0
2019-05-21,47710.0
2019-05-22,47400.0
2019-05-23,46800.0
2019-05-24,46900.0
2019-05-27,47150.0
2019-05-28,47230.0
2019-05-29,46990.0
2019-05-30,46620.0
2019-05-31,46360.0
2019-06-03,46180.0
2019-06-04,46290.0
2019-06-05,46450.0
2019-06-06,46050.0
2019-06-10,46200.0
2019-06-11,46640.0
2019-06-12,46700.0
2019-06-13,46380.0
2019-06-14,46460.0
2019-06-17,46160.0
2019-06-18,46280.0
2019-06-19,46830.0
2019-06-20,46840.0
2019-06-21,46890.0
2019-06-24,46830.0
2019-06-25,46910.0
2019-06-26,47320.0
2019-06-27,47100.0
2019-06-28,47000.0
2019-07-01,47260.0
2019-07-02,46730.0
2019-07-03,46330.0
2019-07-04,46450.0
2019-07-05,46380.0
2019-07-08,46390.0
2019-07-09,46290.0
2019-07-10,45900.0
2019-07-11,46540.0
2019-07-12,46660.0
2019-07-15,46780.0
2019-07-16,46950.0
2019-07-17,46990.0
2019-07-18,46790.0
2019-07-19,47510.0
2019-07-22,47800.0
2019-07-23,47340.0
2019-07-24,46990.0
2019-07-25,47060.0
2019-07-26,47060.0
2019-07-29,46890.0
2019-07-30,47220.0
2019-07-31,46850.0
2019-08-01,46660.0
2019-08-02,46440.0
2019-08-05,45950.0
2019-08-06,46080.0
2019-08-07,46050.0
2019-08-08,46370.0
2019-08-09,46640.0
2019-08-12,46700.0
2019-08-13,46610.0
2019-08-14,46750.0
2019-08-15,46420.0
2019-08-16,46430.0
2019-08-19,46470.0
2019-08-20,46640.0
2019-08-21,46390.0
2019-08-22,46370.0
2019-08-23,46310.0
2019-08-26,46080.0
2019-08-27,46340.0
2019-08-28,46580.0
2019-08-29,46580.0
2019-08-30,46740.0
2019-09-02,46680.0
2019-09-03,46420.0
2019-09-04,46170.0
2019-09-05,46950.0
2019-09-06,47540.0
2019-09-09,47400.0
2019-09-10,47390.0
2019-09-11,47230.0
2019-09-12,47250.0
2019-09-16,47690.0
2019-09-17,47380.0
2019-09-18,47250.0
2019-09-19,47130.0
2019-09-20,47130.0
2019-09-23,47030.0
2019-09-24,47110.0
2019-09-25,47050.0
2019-09-26,47120.0
2019-09-27,46830.0
2019-09-30,47110.0
2019-10-08,46880.0
2019-10-09,46670.0
2019-10-10,46600.0
2019-10-11,46920.0
2019-10-14,47050.0
2019-10-15,46940.0
2019-10-16,46880.0
2019-10-17,46630.0
2019-10-18,46710.0
2019-10-21,47070.0
2019-10-22,47140.0
2019-10-23,47040.0
2019-10-24,47310.0
2019-10-25,47360.0
2019-10-28,47480.0
2019-10-29,47440.0
2019-10-30,47510.0
2019-10-31,47370.0
2019-11-01,47010.0
2019-11-04,47020.0
2019-11-05,47160.0
2019-11-06,47370.0
2019-11-07,47170.0
2019-11-08,47360.0
2019-11-11,47180.0
2019-11-12,47120.0
2019-11-13,47040.0
2019-11-14,46980.0
2019-11-15,46870.0
2019-11-18,46900.0
2019-11-19,46860.0
2019-11-20,47120.0
2019-11-21,47100.0
2019-11-22,46900.0
2019-11-25,47070.0
2019-11-26,47090.0
2019-11-27,47270.0
2019-11-28,47390.0
2019-11-29,47280.0
2019-12-02,47230.0
2019-12-03,47100.0
2019-12-04,46980.0
2019-12-05,47160.0
2019-12-06,47280.0
2019-12-09,47920.0
2019-12-10,48580.0
2019-12-11,48800.0
2019-12-12,49160.0
2019-12-13,49040.0
2019-12-16,48950.0
2019-12-17,49250.0
2019-12-18,49120.0
2019-12-19,49040.0
2019-12-20,49230.0
2019-12-23,49020.0
2019-12-24,49290.0
2019-12-25,49530.0
2019-12-26,49640.0
2019-12-27,49690.0
2019-12-30,49440.0
2019-12-31,49280.0
2020-01-02,49240.0
2020-01-03,49070.0
2020-01-06,48810.0
2020-01-07,48880.0
2020-01-08,48810.0
2020-01-09,48980.0
2020-01-10,48940.0
2020-01-13,48920.0
2020-01-14,49180.0
2020-01-15,49370.0
2020-01-16,49270.0
2020-01-17,49330.0
2020-01-20,49120.0
2020-01-21,48630.0
2020-01-22,48480.0
2020-01-23,48160.0
2020-02-03,45010.0
2020-02-04,45060.0
2020-02-05,45400.0
2020-02-06,45940.0
2020-02-07,45720.0
2020-02-10,45480.0
2020-02-11,45610.0
2020-02-12,45620.0
2020-02-13,45710.0
2020-02-14,45870.0
2020-02-17,46050.0
2020-02-18,46310.0
2020-02-19,46380.0
2020-02-20,46390.0
2020-02-21,46200.0
2020-02-24,45880.0
2020-02-25,45870.0
2020-02-26,45670.0
2020-02-27,45530.0
2020-02-28,44810.0
2020-03-02,45010.0
2020-03-03,45640.0
2020-03-04,45280.0
2020-03-05,45340.0
2020-03-06,44960.0
2020-03-09,43760.0
2020-03-10,44390.0
2020-03-11,44390.0
2020-03-12,43370.0
2020-03-13,43150.0
2020-03-16,43110.0
2020-03-17,42360.0
2020-03-18,41290.0
2020-03-19,37980.0
2020-03-20,38380.0
2020-03-23,36630.0
2020-03-24,38150.0
2020-03-25,38910.0
2020-03-26,39080.0
2020-03-27,39040.0
2020-03-30,38600.0
2020-03-31,39300.0
2020-04-01,39250.0
2020-04-02,39120.0
2020-04-03,39730.0
2020-04-07,40650.0
2020-04-08,40620.0
2020-04-09,40840.0
2020-04-10,41190.0
2020-04-13,41710.0
2020-04-14,41790.0
2020-04-15,41590.0
2020-04-16,41490.0
2020-04-17,42200.0
2020-04-20,42400.0
2020-04-21,41710.0
2020-04-22,40830.0
2020-04-23,41710.0
2020-04-24,41810.0
2020-04-27,42560.0
2020-04-28,42300.0
2020-04-29,42570.0
2020-04-30,42830.0
2020-05-06,42560.0
2020-05-07,42790.0
2020-05-08,43330.0
2020-05-11,43660.0
2020-05-12,43280.0
2020-05-13,42980.0
2020-05-14,43010.0
2020-05-15,43000.0
2020-05-18,43060.0
2020-05-19,43780.0
2020-05-20,43700.0
2020-05-21,44200.0
2020-05-22,43730.0
2020-05-25,43450.0
2020-05-26,43800.0
2020-05-27,43850.0
2020-05-28,43620.0
2020-05-29,43810.0
2020-06-01,44250.0
2020-06-02,44550.0
2020-06-03,44900.0
2020-06-04,44790.0
2020-06-05,45000.0
2020-06-08,45710.0
2020-06-09,46130.0
2020-06-10,46600.0
2020-06-11,47220.0
2020-06-12,46690.0
2020-06-15,46730.0
2020-06-16,46770.0
2020-06-17,46780.0
2020-06-18,46900.0
2020-06-19,47320.0
2020-06-22,47540.0
2020-06-23,47640.0
2020-06-24,47760.0
2020-06-29,48350.0
2020-06-30,48560.0
2020-07-01,49100.0
2020-07-02,49250.0
2020-07-03,49140.0
2020-07-06,48890.0
2020-07-07,49390.0
2020-07-08,49660.0
2020-07-09,50370.0
2020-07-10,50500.0
2020-07-13,52360.0
2020-07-14,52400.0
2020-07-15,52410.0
2020-07-16,51280.0
2020-07-17,51430.0
2020-07-20,51400.0
2020-07-21,51870.0
2020-07-22,52430.0
2020-07-23,51740.0
2020-07-24,51800.0
2020-07-27,51670.0
2020-07-28,51700.0
2020-07-29,51770.0
2020-07-30,51830.0
2020-07-31,51640.0
2020-08-03,51060.0
2020-08-04,51690.0
2020-08-05,51410.0
2020-08-06,51550.0
2020-08-07,51430.0
2020-08-10,50310.0
2020-08-11,50750.0
2020-08-12,50060.0
2020-08-13,50480.0
2020-08-14,49890.0
2020-08-17,50390.0
2020-08-18,51030.0
2020-08-19,51940.0
2020-08-20,52310.0
2020-08-21,51970.0
2020-08-24,51260.0
2020-08-25,51280.0
2020-08-26,51300.0
2020-08-27,51520.0
2020-08-28,51720.0
2020-08-31,51990.0
2020-09-01,52450.0
2020-09-02,52190.0
2020-09-03,51910.0
2020-09-04,51400.0
2020-09-07,52260.0
2020-09-08,52520.0
2020-09-09,51890.0
2020-09-10,52060.0
2020-09-11,51620.0
2020-09-14,52070.0
2020-09-15,52140.0
2020-09-16,51810.0
2020-09-17,51490.0
2020-09-18,51990.0
2020-09-21,52260.0
2020-09-22,51730.0
2020-09-23,51570.0
2020-09-24,50840.0
2020-09-25,50560.0
2020-09-28,50890.0
2020-09-29,51050.0
2020-09-30,50940.0
2020-10-09,51430.0
2020-10-12,51320.0
2020-10-13,51510.0
2020-10-14,51310.0
2020-10-15,51240.0
2020-10-16,51480.0
2020-10-19,51290.0
2020-10-20,51390.0
2020-10-21,52050.0
2020-10-22,52360.0
2020-10-23,52110.0
2020-10-26,51930.0
2020-10-27,51530.0
2020-10-28,51680.0
2020-10-29,51370.0
2020-10-30,51180.0
2020-11-02,51030.0
2020-11-03,51530.0
2020-11-04,51690.0
2020-11-05,51540.0
2020-11-06,51480.0
2020-11-09,52030.0
2020-11-10,52140.0
2020-11-11,51730.0
2020-11-12,51750.0
2020-11-13,52000.0
2020-11-16,53070.0
2020-11-17,53100.0
2020-11-18,52570.0
2020-11-19,52800.0
2020-11-20,53080.0
2020-11-23,54090.0
2020-11-24,54190.0
2020-11-25,54730.0
2020-11-26,54960.0
2020-11-27,55610.0
2020-11-30,56920.0
2020-12-01,57320.0
2020-12-02,57370.0
2020-12-03,56920.0
2020-12-04,57180.0
2020-12-07,57340.0
2020-12-08,57030.0
2020-12-09,57100.0
2020-12-10,57130.0
2020-12-11,58150.0
2020-12-14,57700.0
2020-12-15,57580.0
2020-12-16,57850.0
2020-12-17,58240.0
2020-12-18,59020.0
2020-12-21,59250.0
2020-12-22,58500.0
2020-12-23,57700.0
2020-12-24,58180.0
2020-12-25,58250.0
2020-12-28,58740.0
2020-12-29,58580.0
2020-12-30,58330.0
2020-12-31,57970.0
2021-01-04,58050.0
2021-01-05,58090.0
2021-01-06,58770.0
2021-01-07,59180.0
2021-01-08,60050.0
2021-01-11,59350.0
2021-01-12,58360.0
2021-01-13,58840.0
2021-01-14,58740.0
2021-01-15,59230.0
2021-01-18,58730.0
2021-01-19,58920.0
2021-01-20,59100.0
2021-01-21,59170.0
2021-01-22,59050.0
2021-01-25,58830.0
2021-01-26,58810.0
2021-01-27,58820.0
2021-01-28,58000.0
2021-01-29,57950.0
2021-02-01,57900.0
2021-02-02,57610.0
2021-02-03,57130.0
2021-02-04,57630.0
2021-02-05,57900.0
2021-02-08,58590.0
2021-02-09,59280.0
2021-02-10,60050.0
2021-02-18,62600.0
2021-02-19,63560.0
2021-02-22,66080.0
2021-02-23,67550.0
2021-02-24,67690.0
2021-02-25,69380.0
2021-02-26,69150.0
2021-03-01,67550.0
2021-03-02,66690.0
2021-03-03,67780.0
2021-03-04,67100.0
2021-03-05,65460.0
2021-03-08,66440.0
2021-03-09,66620.0
2021-03-10,65690.0
2021-03-11,66430.0
2021-03-12,67060.0
2021-03-15,67510.0
2021-03-16,67420.0
2021-03-17,66590.0
2021-03-18,67120.0
2021-03-19,66650.0
2021-03-22,66820.0
2021-03-23,67070.0
2021-03-24,66480.0
2021-03-25,66170.0
2021-03-26,65580.0
2021-03-29,66460.0
2021-03-30,66330.0
2021-03-31,65610.0
2021-04-01,65530.0
2021-04-02,66150.0
2021-04-06,67230.0
2021-04-07,67100.0
2021-04-08,66640.0
2021-04-09,66870.0
2021-04-12,66060.0
2021-04-13,65880.0
2021-04-14,66190.0
2021-04-15,67400.0
2021-04-16,68820.0
2021-04-19,68720.0
2021-04-20,69370.0
2021-04-21,68940.0
2021-04-22,69200.0
2021-04-23,69330.0
2021-04-26,70360.0
2021-04-27,71960.0
2021-04-28,71670.0
2021-04-29,72330.0
2021-04-30,72010.0
2021-05-06,72980.0
2021-05-07,74150.0
2021-05-10,76740.0
2021-05-11,75860.0
2021-05-12,76370.0
2021-05-13,76020.0
2021-05-14,74800.0
2021-05-17,74680.0
2021-05-18,75610.0
2021-05-19,75010.0
2021-05-20,72880.0
2021-05-21,72630.0
2021-05-24,71740.0
2021-05-25,72340.0
2021-05-26,71860.0
2021-05-27,71760.0
2021-05-28,73330.0
2021-05-31,73740.0
2021-06-01,73990.0
2021-06-02,73970.0
2021-06-03,73060.0
2021-06-04,71120.0
2021-06-07,71680.0
2021-06-08,71390.0
2021-06-09,71610.0
2021-06-10,71490.0
2021-06-11,71140.0
2021-06-15,70320.0
2021-06-16,69020.0
2021-06-17,69080.0
2021-06-18,67830.0
2021-06-21,66780.0
2021-06-22,67120.0
2021-06-23,68130.0
2021-06-24,69020.0
2021-06-25,68930.0
2021-06-28,68490.0
2021-06-29,68260.0
2021-06-30,68250.0
2021-07-01,68720.0
2021-07-02,68340.0
2021-07-05,68830.0
2021-07-06,69710.0
2021-07-07,68690.0
2021-07-08,69020.0
2021-07-09,68630.0
2021-07-12,69440.0
2021-07-13,69120.0
2021-07-14,68670.0
2021-07-15,68580.0
2021-07-16,69210.0
2021-07-19,68950.0
2021-07-20,67910.0
2021-07-21,68190.0
2021-07-22,68620.0
2021-07-23,69540.0
2021-07-26,70540.0
2021-07-27,72010.0
2021-07-28,72100.0
2021-07-29,71510.0
2021-07-30,71680.0
2021-08-02,71560.0
2021-08-03,70910.0
2021-08-04,69980.0
2021-08-05,69560.0
2021-08-06,69770.0
2021-08-09,69700.0
2021-08-10,69270.0
2021-08-11,69920.0
2021-08-12,70250.0
2021-08-13,69870.0
2021-08-16,70250.0
2021-08-17,69790.0
2021-08-18,68910.0
2021-08-19,67530.0
2021-08-20,66760.0
2021-08-23,67580.0
2021-08-24,68500.0
2021-08-25,69270.0
2021-08-26,69100.0
2021-08-27,68870.0
2021-08-30,69700.0
2021-08-31,70170.0
2021-09-01,69590.0
2021-09-02,68840.0
2021-09-03,69130.0
2021-09-06,69380.0
2021-09-07,69330.0
2021-09-08,68960.0
2021-09-09,68780.0
2021-09-10,69720.0
2021-09-13,71280.0
2021-09-14,70320.0
2021-09-15,69780.0
2021-09-16,70210.0
2021-09-17,69400.0
2021-09-22,68630.0
2021-09-23,68820.0
2021-09-24,69010.0
2021-09-27,69470.0
2021-09-28,69240.0
2021-09-29,68640.0
2021-09-30,68170.0
2021-10-08,69270.0
2021-10-11,69560.0
2021-10-12,70310.0
2021-10-13,70150.0
2021-10-14,71810.0
2021-10-15,73610.0
2021-10-18,75630.0
2021-10-19,75290.0
2021-10-20,73640.0
2021-10-21,74160.0
2021-10-22,72160.0
2021-10-25,71740.0
2021-10-26,72010.0
2021-10-27,71450.0
2021-10-28,70370.0
2021-10-29,70800.0
2021-11-01,70240.0
2021-11-02,69980.0
2021-11-03,70400.0
2021-11-04,70270.0
2021-11-05,69500.0
2021-11-08,70030.0
2021-11-09,70520.0
2021-11-10,70180.0
2021-11-11,70240.0
2021-11-12,70750.0
2021-11-15,70940.0
2021-11-16,70820.0
2021-11-17,70180.0
2021-11-18,69250.0
2021-11-19,69940.0
2021-11-22,70440.0
2021-11-23,70970.0
2021-11-24,71130.0
2021-11-25,71910.0
2021-11-26,71060.0
2021-11-29,69860.0
2021-11-30,69850.0
2021-12-01,69510.0
2021-12-02,69100.0
2021-12-03,69230.0
2021-12-06,69330.0
2021-12-07,69520.0
2021-12-08,69710.0
2021-12-09,69700.0
2021-12-10,69410.0
2021-12-13,69420.0
2021-12-14,68910.0
2021-12-15,68660.0
2021-12-16,67940.0
2021-12-17,69280.0
2021-12-20,69010.0
2021-12-21,69000.0
2021-12-22,69500.0
2021-12-23,69960.0
2021-12-24,69790.0
2021-12-27,69730.0
2021-12-28,70330.0
2021-12-29,70240.0
2021-12-30,70020.0
2021-12-31,70120.0
2022-01-04,69800.0
2022-01-05,70250.0
2022-01-06,69890.0
2022-01-07,69340.0
2022-01-10,69730.0
2022-01-11,69570.0
2022-01-12,70530.0
2022-01-13,71910.0
2022-01-14,71460.0
2022-01-17,70150.0
2022-01-18,70010.0
2022-01-19,70000.0
2022-01-20,70840.0
2022-01-21,71290.0
2022-01-24,71130.0
2022-01-25,69820.0
2022-01-26,70100.0
2022-01-27,70510.0
2022-01-28,70460.0
2022-02-07,70800.0
2022-02-08,70580.0
2022-02-09,70240.0
2022-02-10,71970.0
2022-02-11,72510.0
2022-02-14,71250.0
2022-02-15,70870.0
2022-02-16,71360.0
2022-02-17,71360.0
2022-02-18,71510.0
2022-02-21,71490.0
2022-02-22,71110.0
2022-02-23,71260.0
2022-02-24,70870.0
2022-02-25,71030.0
2022-02-28,70840.0
2022-03-01,70920.0
2022-03-02,71490.0
2022-03-03,72590.0
2022-03-04,72740.0
2022-03-07,74350.0
2022-03-08,73520.0
2022-03-09,72750.0
2022-03-10,71850.0
2022-03-11,72130.0
2022-03-14,72010.0
2022-03-15,71480.0
2022-03-16,71660.0
2022-03-17,72270.0
2022-03-18,72890.0
2022-03-21,73150.0
2022-03-22,73130.0
2022-03-23,73150.0
2022-03-24,73640.0
2022-03-25,73570.0
2022-03-28,73040.0
2022-03-29,73540.0
2022-03-30,73670.0
2022-03-31,73540.0
2022-04-01,73370.0
2022-04-06,73710.0
2022-04-07,73560.0
2022-04-08,73520.0
2022-04-11,73400.0
2022-04-12,73230.0
2022-04-13,73920.0
2022-04-14,73940.0
2022-04-15,74550.0
2022-04-18,74930.0
2022-04-19,75160.0
2022-04-20,74510.0
2022-04-21,74470.0
2022-04-22,74920.0
2022-04-25,74240.0
2022-04-26,73100.0
2022-04-27,73240.0
2022-04-28,73210.0
2022-04-29,73330.0
2022-05-05,73050.0
2022-05-06,72170.0
2022-05-09,71680.0
2022-05-10,71370.0
2022-05-11,71470.0
2022-05-12,71400.0
2022-05-13,70600.0
2022-05-16,71110.0
2022-05-17,71640.0
2022-05-18,71730.0
2022-05-19,71340.0
2022-05-20,71770.0
2022-05-23,72020.0
2022-05-24,72040.0
2022-05-25,71730.0
2022-05-26,71180.0
2022-05-27,71780.0
2022-05-30,71970.0
2022-05-31,72100.0
2022-06-01,71630.0
2022-06-02,72010.0
2022-06-06,72740.0
2022-06-07,72690.0
2022-06-08,72700.0
2022-06-09,72830.0
2022-06-10,72530.0
2022-06-13,71950.0
2022-06-14,71390.0
2022-06-15,71010.0
2022-06-16,70780.0
2022-06-17,69610.0
2022-06-20,68670.0
2022-06-21,68180.0
2022-06-22,68000.0
2022-06-23,66410.0
2022-06-24,64430.0
2022-06-27,63440.0
2022-06-28,64060.0
2022-06-29,63950.0
2022-06-30,64200.0
2022-07-01,62590.0
2022-07-04,61240.0
2022-07-05,60900.0
2022-07-06,57860.0
2022-07-07,58230.0
2022-07-08,59690.0
2022-07-11,58730.0
2022-07-12,57940.0
2022-07-13,56130.0
2022-07-14,55740.0
2022-07-15,54600.0
2022-07-18,55310.0
2022-07-19,56490.0
2022-07-20,56360.0
2022-07-21,56490.0
2022-07-22,56450.0
2022-07-25,57290.0
2022-07-26,58050.0
2022-07-27,58250.0
2022-07-28,59120.0
2022-07-29,59670.0
2022-08-01,60690.0
2022-08-02,60050.0
2022-08-03,60050.0
2022-08-04,59420.0
2022-08-05,59710.0
2022-08-08,60570.0
2022-08-09,61200.0
2022-08-10,61350.0
2022-08-11,62100.0
2022-08-12,62720.0
2022-08-15,61940.0
2022-08-16,61760.0
2022-08-17,62080.0
2022-08-18,61540.0
2022-08-19,62250.0
2022-08-22,62880.0
2022-08-23,62820.0
2022-08-24,63320.0
2022-08-25,62620.0
2022-08-26,63340.0
2022-08-29,63380.0
2022-08-30,62370.0
2022-08-31,61940.0
2022-09-01,60920.0
2022-09-02,59840.0
2022-09-05,60060.0
2022-09-06,60940.0
2022-09-07,60970.0
2022-09-08,60960.0
2022-09-09,62280.0
2022-09-13,63160.0
2022-09-14,62490.0
2022-09-15,62290.0
2022-09-16,62010.0
2022-09-19,62570.0
2022-09-20,62480.0
2022-09-21,62550.0
2022-09-22,62390.0
2022-09-23,62530.0
2022-09-26,61080.0
2022-09-27,61160.0
2022-09-28,60200.0
2022-09-29,60780.0
2022-09-30,61070.0
2022-10-10,61300.0
2022-10-11,62300.0
2022-10-12,62350.0
2022-10-13,62440.0
2022-10-14,62940.0
2022-10-17,63200.0
2022-10-18,62830.0
2022-10-19,62210.0
2022-10-20,62170.0
2022-10-21,63070.0
2022-10-24,63610.0
2022-10-25,62970.0
2022-10-26,62780.0
2022-10-27,63470.0
2022-10-28,63470.0
2022-10-31,62370.0
2022-11-01,62710.0
2022-11-02,63570.0
2022-11-03,63400.0
2022-11-04,63560.0
2022-11-07,65580.0
2022-11-08,65330.0
2022-11-09,66190.0
2022-11-10,66640.0
2022-11-11,67600.0
2022-11-14,67490.0
2022-11-15,66880.0
2022-11-16,66690.0
2022-11-17,66320.0
2022-11-18,65860.0
2022-11-21,65110.0
2022-11-22,64620.0
2022-11-23,64950.0
2022-11-24,64990.0
2022-11-25,65020.0
2022-11-28,64560.0
2022-11-29,64860.0
2022-11-30,64790.0
2022-12-01,65620.0
2022-12-02,65830.0
2022-12-05,66220.0
2022-12-06,65900.0
2022-12-07,65860.0
2022-12-08,66020.0
2022-12-09,66800.0
2022-12-12,66280.0
2022-12-13,65910.0
2022-12-14,66520.0
2022-12-15,66010.0
2022-12-16,65460.0
2022-12-19,65310.0
2022-12-20,65160.0
2022-12-21,65640.0
2022-12-22,65990.0
2022-12-23,65500.0
2022-12-26,65830.0
2022-12-27,66330.0
2022-12-28,66520.0
2022-12-29,66320.0
2022-12-30,66120.0
2023-01-03,65670.0
2023-01-04,65040.0
2023-01-05,64110.0
2023-01-06,65150.0
2023-01-09,65640.0
2023-01-10,66540.0
2023-01-11,67420.0
2023-01-12,68660.0
2023-01-13,68840.0
2023-01-16,68600.0
2023-01-17,68560.0
2023-01-18,69700.0
2023-01-19,70340.0
2023-01-20,70150.0
2023-01-30,69690.0
2023-01-31,69450.0
2023-02-01,69560.0
2023-02-02,69180.0
2023-02-03,68860.0
2023-02-06,68490.0
2023-02-07,68010.0
2023-02-08,68200.0
2023-02-09,68480.0
2023-02-10,68480.0
2023-02-13,68150.0
2023-02-14,68520.0
2023-02-15,68850.0
2023-02-16,68260.0
2023-02-17,68980.0
2023-02-20,69040.0
2023-02-21,69830.0
2023-02-22,70350.0
2023-02-23,70220.0
2023-02-24,69550.0
2023-02-27,68710.0
2023-02-28,68730.0
2023-03-01,69670.0
2023-03-02,69970.0
2023-03-03,69390.0
2023-03-06,69520.0
2023-03-07,69560.0
2023-03-08,68950.0
2023-03-09,69300.0
2023-03-10,69140.0
2023-03-13,68970.0
2023-03-14,68270.0
2023-03-15,68790.0
2023-03-16,67090.0
2023-03-17,66890.0
2023-03-20,67220.0
2023-03-21,67390.0
2023-03-22,68050.0
2023-03-23,68500.0
2023-03-24,69120.0
2023-03-27,69170.0
2023-03-28,69430.0
2023-03-29,69390.0
2023-03-30,69700.0
2023-03-31,69440.0
2023-04-03,69370.0
2023-04-04,69170.0
2023-04-06,68610.0
2023-04-07,68590.0
2023-04-10,68770.0
2023-04-11,68550.0
2023-04-12,68970.0
2023-04-13,69150.0
2023-04-14,70060.0
2023-04-17,70040.0
2023-04-18,69640.0
2023-04-19,69600.0
2023-04-20,69480.0
2023-04-21,68910.0
2023-04-24,68500.0
2023-04-25,68170.0
2023-04-26,67100.0
2023-04-27,66770.0
2023-04-28,66900.0
2023-05-04,66990.0
2023-05-05,66590.0
2023-05-08,67030.0
2023-05-09,67400.0
2023-05-10,67240.0
2023-05-11,66340.0
2023-05-12,64380.0
2023-05-15,64830.0
2023-05-16,64800.0
2023-05-17,64340.0
2023-05-18,65600.0
2023-05-19,65360.0
2023-05-22,65110.0
2023-05-23,64690.0
2023-05-24,63950.0
2023-05-25,63260.0
2023-05-26,63900.0
2023-05-29,64930.0
2023-05-30,64930.0
2023-05-31,64810.0
2023-06-01,65270.0
2023-06-02,65910.0
2023-06-05,66020.0
2023-06-06,66500.0
2023-06-07,66690.0
2023-06-08,66770.0
2023-06-09,66880.0
2023-06-12,67100.0
2023-06-13,67010.0
2023-06-14,67860.0
2023-06-15,67940.0
2023-06-16,68420.0
2023-06-19,68500.0
2023-06-20,68540.0
2023-06-21,69010.0
2023-06-26,68500.0
2023-06-27,68420.0
2023-06-28,67770.0
2023-06-29,67290.0
2023-06-30,67110.0
2023-07-03,68040.0
2023-07-04,68190.0
2023-07-05,67900.0
2023-07-06,67880.0
2023-07-07,67720.0
2023-07-10,67860.0
2023-07-11,68070.0
