指标名称,期货收盘价(活跃合约):阴极铜
2010-01-04,60030.0
2010-01-05,60590.0
2010-01-06,61630.0
2010-01-07,61170.0
2010-01-08,60690.0
2010-01-11,62170.0
2010-01-12,61700.0
2010-01-13,59770.0
2010-01-14,60750.0
2010-01-15,60510.0
2010-01-18,60880.0
2010-01-19,61630.0
2010-01-20,61000.0
2010-01-21,60970.0
2010-01-22,59360.0
2010-01-25,59930.0
2010-01-26,59210.0
2010-01-27,59530.0
2010-01-28,57480.0
2010-01-29,55570.0
2010-02-01,54470.0
2010-02-02,54300.0
2010-02-03,55890.0
2010-02-04,54000.0
2010-02-05,51980.0
2010-02-08,52560.0
2010-02-09,53200.0
2010-02-10,54660.0
2010-02-11,55390.0
2010-02-12,56410.0
2010-02-22,59010.0
2010-02-23,58890.0
2010-02-24,58320.0
2010-02-25,58010.0
2010-02-26,58190.0
2010-03-01,60780.0
2010-03-02,59170.0
2010-03-03,59660.0
2010-03-04,59410.0
2010-03-05,59870.0
2010-03-08,60690.0
2010-03-09,60270.0
2010-03-10,60620.0
2010-03-11,59310.0
2010-03-12,59590.0
2010-03-15,58380.0
2010-03-16,58800.0
2010-03-17,60140.0
2010-03-18,59540.0
2010-03-19,60230.0
2010-03-22,59530.0
2010-03-23,59560.0
2010-03-24,59300.0
2010-03-25,59320.0
2010-03-26,60160.0
2010-03-29,62100.0
2010-03-30,62050.0
2010-03-31,61630.0
2010-04-01,62520.0
2010-04-02,63100.0
2010-04-06,63370.0
2010-04-07,63110.0
2010-04-08,62090.0
2010-04-09,62930.0
2010-04-12,62930.0
2010-04-13,62480.0
2010-04-14,62580.0
2010-04-15,62590.0
2010-04-16,62350.0
2010-04-19,60070.0
2010-04-20,60800.0
2010-04-21,60930.0
2010-04-22,60660.0
2010-04-23,60600.0
2010-04-26,61450.0
2010-04-27,60530.0
2010-04-28,58300.0
2010-04-29,58830.0
2010-04-30,58740.0
2010-05-04,58180.0
2010-05-05,56880.0
2010-05-06,56030.0
2010-05-07,54540.0
2010-05-10,56680.0
2010-05-11,55720.0
2010-05-12,55970.0
2010-05-13,56740.0
2010-05-14,56360.0
2010-05-17,53590.0
2010-05-18,53730.0
2010-05-19,53130.0
2010-05-20,53980.0
2010-05-21,53670.0
2010-05-24,55230.0
2010-05-25,54140.0
2010-05-26,54890.0
2010-05-27,55320.0
2010-05-28,55800.0
2010-05-31,55050.0
2010-06-01,54100.0
2010-06-02,53330.0
2010-06-03,53820.0
2010-06-04,52990.0
2010-06-07,50100.0
2010-06-08,49470.0
2010-06-09,50380.0
2010-06-10,50620.0
2010-06-11,51400.0
2010-06-17,51670.0
2010-06-18,50930.0
2010-06-21,53700.0
2010-06-22,52840.0
2010-06-23,53130.0
2010-06-24,53520.0
2010-06-25,53180.0
2010-06-28,53960.0
2010-06-29,52940.0
2010-06-30,51800.0
2010-07-01,51040.0
2010-07-02,52200.0
2010-07-05,52260.0
2010-07-06,52250.0
2010-07-07,52130.0
2010-07-08,52990.0
2010-07-09,53640.0
2010-07-12,53060.0
2010-07-13,52290.0
2010-07-14,52910.0
2010-07-15,52870.0
2010-07-16,53120.0
2010-07-19,52320.0
2010-07-20,53060.0
2010-07-21,53350.0
2010-07-22,53930.0
2010-07-23,55400.0
2010-07-26,55570.0
2010-07-27,55100.0
2010-07-28,56200.0
2010-07-29,56230.0
2010-07-30,56280.0
2010-08-02,57590.0
2010-08-03,57450.0
2010-08-04,57660.0
2010-08-05,57400.0
2010-08-06,57830.0
2010-08-09,58280.0
2010-08-10,57240.0
2010-08-11,56700.0
2010-08-12,56270.0
2010-08-13,57330.0
2010-08-16,57300.0
2010-08-17,57750.0
2010-08-18,58040.0
2010-08-19,58260.0
2010-08-20,57050.0
2010-08-23,57190.0
2010-08-24,56920.0
2010-08-25,56690.0
2010-08-26,57330.0
2010-08-27,57830.0
2010-08-30,59390.0
2010-08-31,58440.0
2010-09-01,59590.0
2010-09-02,59900.0
2010-09-03,59900.0
2010-09-06,60500.0
2010-09-07,59680.0
2010-09-08,59780.0
2010-09-09,58590.0
2010-09-10,58810.0
2010-09-13,59540.0
2010-09-14,59040.0
2010-09-15,59090.0
2010-09-16,59060.0
2010-09-17,60100.0
2010-09-20,60250.0
2010-09-21,59830.0
2010-09-27,60600.0
2010-09-28,60370.0
2010-09-29,60790.0
2010-09-30,60600.0
2010-10-08,60630.0
2010-10-11,62990.0
2010-10-12,62220.0
2010-10-13,62950.0
2010-10-14,63900.0
2010-10-15,63890.0
2010-10-18,63020.0
2010-10-19,63420.0
2010-10-20,62650.0
2010-10-21,62690.0
2010-10-22,62790.0
2010-10-25,64610.0
2010-10-26,64520.0
2010-10-27,64230.0
2010-10-28,64020.0
2010-10-29,62460.0
2010-11-01,63700.0
2010-11-02,63540.0
2010-11-03,64070.0
2010-11-04,64700.0
2010-11-05,67390.0
2010-11-08,66590.0
2010-11-09,68020.0
2010-11-10,67520.0
2010-11-11,69200.0
2010-11-12,65640.0
2010-11-15,64930.0
2010-11-16,64310.0
2010-11-17,61550.0
2010-11-18,62720.0
2010-11-19,64010.0
2010-11-22,63420.0
2010-11-23,61490.0
2010-11-24,62480.0
2010-11-25,62080.0
2010-11-26,61670.0
2010-11-29,62440.0
2010-11-30,62660.0
2010-12-01,63670.0
2010-12-02,65380.0
2010-12-03,65790.0
2010-12-06,65530.0
2010-12-07,66850.0
2010-12-08,65520.0
2010-12-09,67420.0
2010-12-10,67780.0
2010-12-13,68780.0
2010-12-14,68810.0
2010-12-15,67880.0
2010-12-16,67170.0
2010-12-17,68430.0
2010-12-20,68640.0
2010-12-21,69250.0
2010-12-22,68700.0
2010-12-23,68660.0
2010-12-24,68950.0
2010-12-27,68710.0
2010-12-28,69000.0
2010-12-29,69510.0
2010-12-30,70820.0
2010-12-31,72380.0
2011-01-04,72400.0
2011-01-05,71280.0
2011-01-06,72020.0
2011-01-07,69780.0
2011-01-10,70040.0
2011-01-11,70920.0
2011-01-12,71360.0
2011-01-13,71690.0
2011-01-14,71550.0
2011-01-17,71290.0
2011-01-18,72000.0
2011-01-19,72900.0
2011-01-20,71610.0
2011-01-21,70970.0
2011-01-24,71780.0
2011-01-25,70830.0
2011-01-26,70800.0
2011-01-27,71700.0
2011-01-28,71730.0
2011-01-31,73420.0
2011-02-01,74950.0
2011-02-09,75540.0
2011-02-10,75880.0
2011-02-11,75520.0
2011-02-14,76270.0
2011-02-15,76100.0
2011-02-16,75660.0
2011-02-17,74680.0
2011-02-18,73850.0
2011-02-21,74630.0
2011-02-22,73580.0
2011-02-23,71700.0
2011-02-24,71420.0
2011-02-25,72590.0
2011-02-28,74320.0
2011-03-01,74000.0
2011-03-02,74700.0
2011-03-03,74140.0
2011-03-04,74720.0
2011-03-07,74200.0
2011-03-08,71070.0
2011-03-09,71600.0
2011-03-10,69230.0
2011-03-11,69220.0
2011-03-14,69280.0
2011-03-15,68630.0
2011-03-16,70580.0
2011-03-17,69810.0
2011-03-18,71820.0
2011-03-21,71480.0
2011-03-22,71280.0
2011-03-23,71980.0
2011-03-24,72410.0
2011-03-25,72360.0
2011-03-28,71070.0
2011-03-29,70830.0
2011-03-30,71300.0
2011-03-31,70700.0
2011-04-01,70440.0
2011-04-06,71480.0
2011-04-07,71690.0
2011-04-08,73160.0
2011-04-11,73370.0
2011-04-12,72310.0
2011-04-13,72180.0
2011-04-14,71100.0
2011-04-15,70830.0
2011-04-18,71040.0
2011-04-19,69720.0
2011-04-20,71060.0
2011-04-21,71480.0
2011-04-22,71410.0
2011-04-25,70740.0
2011-04-26,69900.0
2011-04-27,69550.0
2011-04-28,70050.0
2011-04-29,69200.0
2011-05-03,69000.0
2011-05-04,67910.0
2011-05-05,67040.0
2011-05-06,65940.0
2011-05-09,66980.0
2011-05-10,67100.0
2011-05-11,66340.0
2011-05-12,64220.0
2011-05-13,66450.0
2011-05-16,65890.0
2011-05-17,66540.0
2011-05-18,66840.0
2011-05-19,67440.0
2011-05-20,67550.0
2011-05-23,66350.0
2011-05-24,66810.0
2011-05-25,66960.0
2011-05-26,68080.0
2011-05-27,68660.0
2011-05-30,68140.0
2011-05-31,68570.0
2011-06-01,68310.0
2011-06-02,67660.0
2011-06-03,68420.0
2011-06-07,68260.0
2011-06-08,67500.0
2011-06-09,67370.0
2011-06-10,67590.0
2011-06-13,67190.0
2011-06-14,67700.0
2011-06-15,68610.0
2011-06-16,68150.0
2011-06-17,68330.0
2011-06-20,67570.0
2011-06-21,68250.0
2011-06-22,67740.0
2011-06-23,67620.0
2011-06-24,68240.0
2011-06-27,67400.0
2011-06-28,67170.0
2011-06-29,68080.0
2011-06-30,69860.0
2011-07-01,69880.0
2011-07-04,70770.0
2011-07-05,70330.0
2011-07-06,70770.0
2011-07-07,71050.0
2011-07-08,71870.0
2011-07-11,71470.0
2011-07-12,71130.0
2011-07-13,72460.0
2011-07-14,72120.0
2011-07-15,71640.0
2011-07-18,71840.0
2011-07-19,72660.0
2011-07-20,72420.0
2011-07-21,72000.0
2011-07-22,72190.0
2011-07-25,71530.0
2011-07-26,72810.0
2011-07-27,72810.0
2011-07-28,72750.0
2011-07-29,72660.0
2011-08-01,73440.0
2011-08-02,72010.0
2011-08-03,72060.0
2011-08-04,71610.0
2011-08-05,68570.0
2011-08-08,67680.0
2011-08-09,65960.0
2011-08-10,67090.0
2011-08-11,66710.0
2011-08-12,66460.0
2011-08-15,67300.0
2011-08-16,66510.0
2011-08-17,66800.0
2011-08-18,66700.0
2011-08-19,66350.0
2011-08-22,65910.0
2011-08-23,66650.0
2011-08-24,66470.0
2011-08-25,66790.0
2011-08-26,67440.0
2011-08-29,67610.0
2011-08-30,68250.0
2011-08-31,68360.0
2011-09-01,68190.0
2011-09-02,67830.0
2011-09-05,67100.0
2011-09-06,67000.0
2011-09-07,67800.0
2011-09-08,67720.0
2011-09-09,67620.0
2011-09-13,66310.0
2011-09-14,65050.0
2011-09-15,65080.0
2011-09-16,65970.0
2011-09-19,63370.0
2011-09-20,62960.0
2011-09-21,62940.0
2011-09-22,60260.0
2011-09-23,56940.0
2011-09-26,53320.0
2011-09-27,55040.0
2011-09-28,55170.0
2011-09-29,52600.0
2011-09-30,54790.0
2011-10-10,54480.0
2011-10-11,54210.0
2011-10-12,54930.0
2011-10-13,54880.0
2011-10-14,56010.0
2011-10-17,55900.0
2011-10-18,54000.0
2011-10-19,54300.0
2011-10-20,50950.0
2011-10-21,51670.0
2011-10-24,54750.0
2011-10-25,56710.0
2011-10-26,57230.0
2011-10-27,58040.0
2011-10-28,59250.0
2011-10-31,58230.0
2011-11-01,57710.0
2011-11-02,58670.0
2011-11-03,56800.0
2011-11-04,59360.0
2011-11-07,57950.0
2011-11-08,57840.0
2011-11-09,57970.0
2011-11-10,54830.0
2011-11-11,55610.0
2011-11-14,58430.0
2011-11-15,57490.0
2011-11-16,56610.0
2011-11-17,57010.0
2011-11-18,55550.0
2011-11-21,55090.0
2011-11-22,54980.0
2011-11-23,54310.0
2011-11-24,54440.0
2011-11-25,53590.0
2011-11-28,55370.0
2011-11-29,55460.0
2011-11-30,54560.0
2011-12-01,57960.0
2011-12-02,58060.0
2011-12-05,57960.0
2011-12-06,57670.0
2011-12-07,58360.0
2011-12-08,57860.0
2011-12-09,57070.0
2011-12-12,56760.0
2011-12-13,56120.0
2011-12-14,55710.0
2011-12-15,53460.0
2011-12-16,54300.0
2011-12-19,53580.0
2011-12-20,53740.0
2011-12-21,54620.0
2011-12-22,54870.0
2011-12-23,55850.0
2011-12-26,55200.0
2011-12-27,55050.0
2011-12-28,55170.0
2011-12-29,54220.0
2011-12-30,55360.0
2012-01-04,55790.0
2012-01-05,56060.0
2012-01-06,55900.0
2012-01-09,55490.0
2012-01-10,55870.0
2012-01-11,56860.0
2012-01-12,57400.0
2012-01-13,58000.0
2012-01-16,58030.0
2012-01-17,59930.0
2012-01-18,59450.0
2012-01-19,60560.0
2012-01-20,60720.0
2012-01-30,60320.0
2012-01-31,60620.0
2012-02-01,59500.0
2012-02-02,59880.0
2012-02-03,59820.0
2012-02-06,60530.0
2012-02-07,60030.0
2012-02-08,61390.0
2012-02-09,61070.0
2012-02-10,61560.0
2012-02-13,60770.0
2012-02-14,60080.0
2012-02-15,60430.0
2012-02-16,59210.0
2012-02-17,59750.0
2012-02-20,59340.0
2012-02-21,60050.0
2012-02-22,60490.0
2012-02-23,60420.0
2012-02-24,59620.0
2012-02-27,60400.0
2012-02-28,61060.0
2012-02-29,61070.0
2012-03-01,60290.0
2012-03-02,61330.0
2012-03-05,61010.0
2012-03-06,60390.0
2012-03-07,59470.0
2012-03-08,59500.0
2012-03-09,60520.0
2012-03-12,60620.0
2012-03-13,61040.0
2012-03-14,60530.0
2012-03-15,60420.0
2012-03-16,60780.0
2012-03-19,60300.0
2012-03-20,60350.0
2012-03-21,60400.0
2012-03-22,59750.0
2012-03-23,60030.0
2012-03-26,60180.0
2012-03-27,60710.0
2012-03-28,60110.0
2012-03-29,59740.0
2012-03-30,60010.0
2012-04-05,59970.0
2012-04-06,60440.0
2012-04-09,59840.0
2012-04-10,59370.0
2012-04-11,57870.0
2012-04-12,58250.0
2012-04-13,58030.0
2012-04-16,56720.0
2012-04-17,56530.0
2012-04-18,57820.0
2012-04-19,57670.0
2012-04-20,57750.0
2012-04-23,57330.0
2012-04-24,57600.0
2012-04-25,57590.0
2012-04-26,58290.0
2012-04-27,58460.0
2012-05-02,58780.0
2012-05-03,58100.0
2012-05-04,58310.0
2012-05-07,57590.0
2012-05-08,57650.0
2012-05-09,57390.0
2012-05-10,57770.0
2012-05-11,57340.0
2012-05-14,56260.0
2012-05-15,55950.0
2012-05-16,54690.0
2012-05-17,55730.0
2012-05-18,55230.0
2012-05-21,55890.0
2012-05-22,55850.0
2012-05-23,55000.0
2012-05-24,55150.0
2012-05-25,55370.0
2012-05-28,56210.0
2012-05-29,56080.0
2012-05-30,55320.0
2012-05-31,54530.0
2012-06-01,54330.0
2012-06-04,52770.0
2012-06-05,53490.0
2012-06-06,53820.0
2012-06-07,53640.0
2012-06-08,53030.0
2012-06-11,54350.0
2012-06-12,53740.0
2012-06-13,54070.0
2012-06-14,54090.0
2012-06-15,55070.0
2012-06-18,55210.0
2012-06-19,54910.0
2012-06-20,54910.0
2012-06-21,54060.0
2012-06-25,54030.0
2012-06-26,53620.0
2012-06-27,53740.0
2012-06-28,54200.0
2012-06-29,55240.0
2012-07-02,55370.0
2012-07-03,56100.0
2012-07-04,55970.0
2012-07-05,55980.0
2012-07-06,55720.0
2012-07-09,55180.0
2012-07-10,55080.0
2012-07-11,55150.0
2012-07-12,55150.0
2012-07-13,55770.0
2012-07-16,56170.0
2012-07-17,55920.0
2012-07-18,55820.0
2012-07-19,56230.0
2012-07-20,55910.0
2012-07-23,54370.0
2012-07-24,54500.0
2012-07-25,53630.0
2012-07-26,54190.0
2012-07-27,54770.0
2012-07-30,54830.0
2012-07-31,55050.0
2012-08-01,54780.0
2012-08-02,54650.0
2012-08-03,54100.0
2012-08-06,54460.0
2012-08-07,54700.0
2012-08-08,54700.0
2012-08-09,55160.0
2012-08-10,54620.0
2012-08-13,54440.0
2012-08-14,54620.0
2012-08-15,54490.0
2012-08-16,54210.0
2012-08-17,54660.0
2012-08-20,54630.0
2012-08-21,54870.0
2012-08-22,55330.0
2012-08-23,55980.0
2012-08-24,55620.0
2012-08-27,55840.0
2012-08-28,55470.0
2012-08-29,55210.0
2012-08-30,55680.0
2012-08-31,55420.0
2012-09-03,56180.0
2012-09-04,56020.0
2012-09-05,55730.0
2012-09-06,56220.0
2012-09-07,56650.0
2012-09-10,58120.0
2012-09-11,58360.0
2012-09-12,58290.0
2012-09-13,58100.0
2012-09-14,60360.0
2012-09-17,59770.0
2012-09-18,59590.0
2012-09-19,60520.0
2012-09-20,59310.0
2012-09-21,59740.0
2012-09-24,59070.0
2012-09-25,59180.0
2012-09-26,59150.0
2012-09-27,59070.0
2012-09-28,59770.0
2012-10-08,58930.0
2012-10-09,59230.0
2012-10-10,58860.0
2012-10-11,58980.0
2012-10-12,58980.0
2012-10-15,58550.0
2012-10-16,58790.0
2012-10-17,58660.0
2012-10-18,59130.0
2012-10-19,58460.0
2012-10-22,57890.0
2012-10-23,57280.0
2012-10-24,57500.0
2012-10-25,57230.0
2012-10-26,56680.0
2012-10-29,56580.0
2012-10-30,56480.0
2012-10-31,56860.0
2012-11-01,57110.0
2012-11-02,56620.0
2012-11-05,55780.0
2012-11-06,56060.0
2012-11-07,56600.0
2012-11-08,55700.0
2012-11-09,55930.0
2012-11-12,55670.0
2012-11-13,55460.0
2012-11-14,55910.0
2012-11-15,55840.0
2012-11-16,55740.0
2012-11-19,56050.0
2012-11-20,56340.0
2012-11-21,55900.0
2012-11-22,56040.0
2012-11-23,56140.0
2012-11-26,56250.0
2012-11-27,56220.0
2012-11-28,56180.0
2012-11-29,56390.0
2012-11-30,57300.0
2012-12-03,57550.0
2012-12-04,57280.0
2012-12-05,57760.0
2012-12-06,57400.0
2012-12-07,57450.0
2012-12-10,57980.0
2012-12-11,57900.0
2012-12-12,57980.0
2012-12-13,57610.0
2012-12-14,57840.0
2012-12-17,58130.0
2012-12-18,57880.0
2012-12-19,57650.0
2012-12-20,56870.0
2012-12-21,56740.0
2012-12-24,56850.0
2012-12-25,57020.0
2012-12-26,57160.0
2012-12-27,57550.0
2012-12-28,57680.0
2012-12-31,57860.0
2013-01-04,58360.0
2013-01-07,58220.0
2013-01-08,58300.0
2013-01-09,58340.0
2013-01-10,58780.0
2013-01-11,58440.0
2013-01-14,58520.0
2013-01-15,57700.0
2013-01-16,57940.0
2013-01-17,57740.0
2013-01-18,58380.0
2013-01-21,58190.0
2013-01-22,58690.0
2013-01-23,58590.0
2013-01-24,58430.0
2013-01-25,58830.0
2013-01-28,58620.0
2013-01-29,58850.0
2013-01-30,59260.0
2013-01-31,59690.0
2013-02-01,59660.0
2013-02-04,59950.0
2013-02-05,59750.0
2013-02-06,59840.0
2013-02-07,59700.0
2013-02-08,59690.0
2013-02-18,58900.0
2013-02-19,58780.0
2013-02-20,58660.0
2013-02-21,57620.0
2013-02-22,57620.0
2013-02-25,57280.0
2013-02-26,57130.0
2013-02-27,57490.0
2013-02-28,57680.0
2013-03-01,56730.0
2013-03-04,56310.0
2013-03-05,56930.0
2013-03-06,56700.0
2013-03-07,56530.0
2013-03-08,56740.0
2013-03-11,56470.0
2013-03-12,56340.0
2013-03-13,56850.0
2013-03-14,56770.0
2013-03-15,57120.0
2013-03-18,55300.0
2013-03-19,54910.0
2013-03-20,55350.0
2013-03-21,55780.0
2013-03-22,55630.0
2013-03-25,55890.0
2013-03-26,55760.0
2013-03-27,55560.0
2013-03-28,55300.0
2013-03-29,54830.0
2013-04-01,53740.0
2013-04-02,54480.0
2013-04-03,54060.0
2013-04-08,54590.0
2013-04-09,55090.0
2013-04-10,55140.0
2013-04-11,54890.0
2013-04-12,55150.0
2013-04-15,53380.0
2013-04-16,52900.0
2013-04-17,52230.0
2013-04-18,50530.0
2013-04-19,50690.0
2013-04-22,49040.0
2013-04-23,49080.0
2013-04-24,50600.0
2013-04-25,51280.0
2013-04-26,51770.0
2013-05-02,49680.0
2013-05-03,51000.0
2013-05-06,52850.0
2013-05-07,52190.0
2013-05-08,53050.0
2013-05-09,52960.0
2013-05-10,53420.0
2013-05-13,53400.0
2013-05-14,52680.0
2013-05-15,51990.0
2013-05-16,52150.0
2013-05-17,52980.0
2013-05-20,52530.0
2013-05-21,53420.0
2013-05-22,53580.0
2013-05-23,52350.0
2013-05-24,52900.0
2013-05-27,52510.0
2013-05-28,52650.0
2013-05-29,52290.0
2013-05-30,52420.0
2013-05-31,52720.0
2013-06-03,53010.0
2013-06-04,53090.0
2013-06-05,53640.0
2013-06-06,52900.0
2013-06-07,53050.0
2013-06-13,51510.0
2013-06-14,51450.0
2013-06-17,51710.0
2013-06-18,51030.0
2013-06-19,50950.0
2013-06-20,49720.0
2013-06-21,49650.0
2013-06-24,47950.0
2013-06-25,48580.0
2013-06-26,48060.0
2013-06-27,48780.0
2013-06-28,48580.0
2013-07-01,49420.0
2013-07-02,50100.0
2013-07-03,50550.0
2013-07-04,50130.0
2013-07-05,49440.0
2013-07-08,48860.0
2013-07-09,48910.0
2013-07-10,48630.0
2013-07-11,50700.0
2013-07-12,49690.0
2013-07-15,49890.0
2013-07-16,50250.0
2013-07-17,49890.0
2013-07-18,49690.0
2013-07-19,49540.0
2013-07-22,50350.0
2013-07-23,50260.0
2013-07-24,50530.0
2013-07-25,50490.0
2013-07-26,50040.0
2013-07-29,49100.0
2013-07-30,48900.0
2013-07-31,49200.0
2013-08-01,50020.0
2013-08-02,50040.0
2013-08-05,50180.0
2013-08-06,50180.0
2013-08-07,50070.0
2013-08-08,51510.0
2013-08-09,51520.0
2013-08-12,52460.0
2013-08-13,52180.0
2013-08-14,52230.0
2013-08-15,52180.0
2013-08-16,53220.0
2013-08-19,52740.0
2013-08-20,52170.0
2013-08-21,52470.0
2013-08-22,52750.0
2013-08-23,52690.0
2013-08-26,53360.0
2013-08-27,52820.0
2013-08-28,52360.0
2013-08-29,52370.0
2013-08-30,51960.0
2013-09-02,52500.0
2013-09-03,52360.0
2013-09-04,52020.0
2013-09-05,51670.0
2013-09-06,51850.0
2013-09-09,52290.0
2013-09-10,51990.0
2013-09-11,52050.0
2013-09-12,51410.0
2013-09-13,51290.0
2013-09-16,51180.0
2013-09-17,51460.0
2013-09-18,51680.0
2013-09-23,52060.0
2013-09-24,51750.0
2013-09-25,51760.0
2013-09-26,52280.0
2013-09-27,52350.0
2013-09-30,52800.0
2013-10-08,52520.0
2013-10-09,51840.0
2013-10-10,51410.0
2013-10-11,51650.0
2013-10-14,52260.0
2013-10-15,52150.0
2013-10-16,52220.0
2013-10-17,51800.0
2013-10-18,52250.0
2013-10-21,52330.0
2013-10-22,52160.0
2013-10-23,52100.0
2013-10-24,51730.0
2013-10-25,51150.0
2013-10-28,51510.0
2013-10-29,51510.0
2013-10-30,52080.0
2013-10-31,51810.0
2013-11-01,52240.0
2013-11-04,51700.0
2013-11-05,51600.0
2013-11-06,51590.0
2013-11-07,51490.0
2013-11-08,51490.0
2013-11-11,51650.0
2013-11-12,51480.0
2013-11-13,50620.0
2013-11-14,50450.0
2013-11-15,50080.0
2013-11-18,50420.0
2013-11-19,49810.0
2013-11-20,50360.0
2013-11-21,50280.0
2013-11-22,50470.0
2013-11-25,50500.0
2013-11-26,50790.0
2013-11-27,50660.0
2013-11-28,50420.0
2013-11-29,50600.0
2013-12-02,50630.0
2013-12-03,50170.0
2013-12-04,50360.0
2013-12-05,50720.0
2013-12-06,50910.0
2013-12-09,50870.0
2013-12-10,51100.0
2013-12-11,51100.0
2013-12-12,51560.0
2013-12-13,51160.0
2013-12-16,51410.0
2013-12-17,51450.0
2013-12-18,51300.0
2013-12-19,51040.0
2013-12-20,51380.0
2013-12-23,51270.0
2013-12-24,51430.0
2013-12-25,52360.0
2013-12-26,52210.0
2013-12-27,52390.0
2013-12-30,52340.0
2013-12-31,52280.0
2014-01-02,52670.0
2014-01-03,51920.0
2014-01-06,51770.0
2014-01-07,51860.0
2014-01-08,52060.0
2014-01-09,51220.0
2014-01-10,51360.0
2014-01-13,51690.0
2014-01-14,51790.0
2014-01-15,51350.0
2014-01-16,51720.0
2014-01-17,51810.0
2014-01-20,51800.0
2014-01-21,51630.0
2014-01-22,51630.0
2014-01-23,51410.0
2014-01-24,51270.0
2014-01-27,50980.0
2014-01-28,51000.0
2014-01-29,51060.0
2014-01-30,50950.0
2014-02-07,51030.0
2014-02-10,51070.0
2014-02-11,50390.0
2014-02-12,50650.0
2014-02-13,50620.0
2014-02-14,50670.0
2014-02-17,51070.0
2014-02-18,50700.0
2014-02-19,50740.0
2014-02-20,50390.0
2014-02-21,50510.0
2014-02-24,49900.0
2014-02-25,49520.0
2014-02-26,49680.0
2014-02-27,49210.0
2014-02-28,49280.0
2014-03-03,48760.0
2014-03-04,48990.0
2014-03-05,49380.0
2014-03-06,49140.0
2014-03-07,48920.0
2014-03-10,46670.0
2014-03-11,46250.0
2014-03-12,44500.0
2014-03-13,44410.0
2014-03-14,44290.0
2014-03-17,44170.0
2014-03-18,44900.0
2014-03-19,44740.0
2014-03-20,45190.0
2014-03-21,45170.0
2014-03-24,45420.0
2014-03-25,45890.0
2014-03-26,46140.0
2014-03-27,45730.0
2014-03-28,46450.0
2014-03-31,46790.0
2014-04-01,46740.0
2014-04-02,46650.0
2014-04-03,46330.0
2014-04-04,46690.0
2014-04-08,46730.0
2014-04-09,46380.0
2014-04-10,46200.0
2014-04-11,46740.0
2014-04-14,46780.0
2014-04-15,46560.0
2014-04-16,46180.0
2014-04-17,46540.0
2014-04-18,46360.0
2014-04-21,46620.0
2014-04-22,46430.0
2014-04-23,46790.0
2014-04-24,47250.0
2014-04-25,47920.0
2014-04-28,47970.0
2014-04-29,47640.0
2014-04-30,47650.0
2014-05-05,47670.0
2014-05-06,47560.0
2014-05-07,47280.0
2014-05-08,47210.0
2014-05-09,47740.0
2014-05-12,48010.0
2014-05-13,48170.0
2014-05-14,48500.0
2014-05-15,48670.0
2014-05-16,48210.0
2014-05-19,48950.0
2014-05-20,48810.0
2014-05-21,48020.0
2014-05-22,48260.0
2014-05-23,48700.0
2014-05-26,49130.0
2014-05-27,48840.0
2014-05-28,48930.0
2014-05-29,48470.0
2014-05-30,48640.0
2014-06-03,48690.0
2014-06-04,48120.0
2014-06-05,48320.0
2014-06-06,48260.0
2014-06-09,47370.0
2014-06-10,47480.0
2014-06-11,47860.0
2014-06-12,47460.0
2014-06-13,47730.0
2014-06-16,48030.0
2014-06-17,48190.0
2014-06-18,48130.0
2014-06-19,48060.0
2014-06-20,48760.0
2014-06-23,49550.0
2014-06-24,49400.0
2014-06-25,49440.0
2014-06-26,49590.0
2014-06-27,49520.0
2014-06-30,49580.0
2014-07-01,50380.0
2014-07-02,50320.0
2014-07-03,51100.0
2014-07-04,51380.0
2014-07-07,50850.0
2014-07-08,51180.0
2014-07-09,50930.0
2014-07-10,50570.0
2014-07-11,50910.0
2014-07-14,50670.0
2014-07-15,50640.0
2014-07-16,50440.0
2014-07-17,49920.0
2014-07-18,49740.0
2014-07-21,49550.0
2014-07-22,49890.0
2014-07-23,50010.0
2014-07-24,50650.0
2014-07-25,51040.0
2014-07-28,50630.0
2014-07-29,50790.0
2014-07-30,50290.0
2014-07-31,50510.0
2014-08-01,50530.0
2014-08-04,50220.0
2014-08-05,50570.0
2014-08-06,49720.0
2014-08-07,49750.0
2014-08-08,49710.0
2014-08-11,49890.0
2014-08-12,49790.0
2014-08-13,49300.0
2014-08-14,48920.0
2014-08-15,48910.0
2014-08-18,48970.0
2014-08-19,49390.0
2014-08-20,49530.0
2014-08-21,50230.0
2014-08-22,50760.0
2014-08-25,50670.0
2014-08-26,50610.0
2014-08-27,50300.0
2014-08-28,50250.0
2014-08-29,49780.0
2014-09-01,49440.0
2014-09-02,49630.0
2014-09-03,49680.0
2014-09-04,49500.0
2014-09-05,49830.0
2014-09-09,49340.0
2014-09-10,48870.0
2014-09-11,48190.0
2014-09-12,48590.0
2014-09-15,48380.0
2014-09-16,48710.0
2014-09-17,49480.0
2014-09-18,49110.0
2014-09-19,48770.0
2014-09-22,47940.0
2014-09-23,48150.0
2014-09-24,47800.0
2014-09-25,47750.0
2014-09-26,47890.0
2014-09-29,47640.0
2014-09-30,48030.0
2014-10-08,47690.0
2014-10-09,47780.0
2014-10-10,47240.0
2014-10-13,47850.0
2014-10-14,48100.0
2014-10-15,48330.0
2014-10-16,47430.0
2014-10-17,46750.0
2014-10-20,46680.0
2014-10-21,46530.0
2014-10-22,47070.0
2014-10-23,47120.0
2014-10-24,47390.0
2014-10-27,47050.0
2014-10-28,47540.0
2014-10-29,47770.0
2014-10-30,47510.0
2014-10-31,47780.0
2014-11-03,47300.0
2014-11-04,47700.0
2014-11-05,46580.0
2014-11-06,46810.0
2014-11-07,47190.0
2014-11-10,47510.0
2014-11-11,47150.0
2014-11-12,47320.0
2014-11-13,47400.0
2014-11-14,47160.0
2014-11-17,47630.0
2014-11-18,47610.0
2014-11-19,47330.0
2014-11-20,47470.0
2014-11-21,47580.0
2014-11-24,47800.0
2014-11-25,47820.0
2014-11-26,46590.0
2014-11-27,46720.0
2014-11-28,45990.0
2014-12-01,44540.0
2014-12-02,45400.0
2014-12-03,45230.0
2014-12-04,45790.0
2014-12-05,46090.0
2014-12-08,45910.0
2014-12-09,45940.0
2014-12-10,46260.0
2014-12-11,46210.0
2014-12-12,46380.0
2014-12-15,46710.0
2014-12-16,45880.0
2014-12-17,45640.0
2014-12-18,45260.0
2014-12-19,45500.0
2014-12-22,45960.0
2014-12-23,45630.0
2014-12-24,45630.0
2014-12-25,45630.0
2014-12-26,45510.0
2014-12-29,45030.0
2014-12-30,45290.0
2014-12-31,45800.0
2015-01-05,45080.0
2015-01-06,44800.0
2015-01-07,44650.0
2015-01-08,44680.0
2015-01-09,44250.0
2015-01-12,43960.0
2015-01-13,42890.0
2015-01-14,41190.0
2015-01-15,40920.0
2015-01-16,41040.0
2015-01-19,41770.0
2015-01-20,41250.0
2015-01-21,41260.0
2015-01-22,41560.0
2015-01-23,40750.0
2015-01-26,39250.0
2015-01-27,40260.0
2015-01-28,39690.0
2015-01-29,39320.0
2015-01-30,39090.0
2015-02-02,40290.0
2015-02-03,40760.0
2015-02-04,41160.0
2015-02-05,41000.0
2015-02-06,41670.0
2015-02-09,41260.0
2015-02-10,41320.0
2015-02-11,41100.0
2015-02-12,41110.0
2015-02-13,42120.0
2015-02-16,42220.0
2015-02-17,42200.0
2015-02-25,41900.0
2015-02-26,42510.0
2015-02-27,42730.0
2015-03-02,43200.0
2015-03-03,42540.0
2015-03-04,42460.0
2015-03-05,42500.0
2015-03-06,42200.0
2015-03-09,42300.0
2015-03-10,42230.0
2015-03-11,42080.0
2015-03-12,42560.0
2015-03-13,42840.0
2015-03-16,42810.0
2015-03-17,42430.0
2015-03-18,41620.0
2015-03-19,41720.0
2015-03-20,42040.0
2015-03-23,43690.0
2015-03-24,43850.0
2015-03-25,43680.0
2015-03-26,43930.0
2015-03-27,43770.0
2015-03-30,43830.0
2015-03-31,43350.0
2015-04-01,43260.0
2015-04-02,43520.0
2015-04-03,43280.0
2015-04-07,43480.0
2015-04-08,43460.0
2015-04-09,43310.0
2015-04-10,43530.0
2015-04-13,43680.0
2015-04-14,42860.0
2015-04-15,43000.0
2015-04-16,43340.0
2015-04-17,43690.0
2015-04-20,43870.0
2015-04-21,43370.0
2015-04-22,43310.0
2015-04-23,42990.0
2015-04-24,43310.0
2015-04-27,43730.0
2015-04-28,43740.0
2015-04-29,43730.0
2015-04-30,44240.0
2015-05-04,45710.0
2015-05-05,45730.0
2015-05-06,46130.0
2015-05-07,45860.0
2015-05-08,45970.0
2015-05-11,45790.0
2015-05-12,45830.0
2015-05-13,46260.0
2015-05-14,46070.0
2015-05-15,46040.0
2015-05-18,46110.0
2015-05-19,45710.0
2015-05-20,44760.0
2015-05-21,45120.0
2015-05-22,45110.0
2015-05-25,44710.0
2015-05-26,44520.0
2015-05-27,44300.0
2015-05-28,44250.0
2015-05-29,44300.0
2015-06-01,43650.0
2015-06-02,43690.0
2015-06-03,43530.0
2015-06-04,43400.0
2015-06-05,42810.0
2015-06-08,43160.0
2015-06-09,43250.0
2015-06-10,43370.0
2015-06-11,43230.0
2015-06-12,42490.0
2015-06-15,42210.0
2015-06-16,42150.0
2015-06-17,41810.0
2015-06-18,42080.0
2015-06-19,41820.0
2015-06-23,41910.0
2015-06-24,42190.0
2015-06-25,41920.0
2015-06-26,42300.0
2015-06-29,42500.0
2015-06-30,42090.0
2015-07-01,41970.0
2015-07-02,42200.0
2015-07-03,42380.0
2015-07-06,40730.0
2015-07-07,39780.0
2015-07-08,38070.0
2015-07-09,40470.0
2015-07-10,40360.0
2015-07-13,40130.0
2015-07-14,40280.0
2015-07-15,40750.0
2015-07-16,40680.0
2015-07-17,40480.0
2015-07-20,39800.0
2015-07-21,40080.0
2015-07-22,39150.0
2015-07-23,39180.0
2015-07-24,38050.0
2015-07-27,37980.0
2015-07-28,38040.0
2015-07-29,38810.0
2015-07-30,38560.0
2015-07-31,38250.0
2015-08-03,37870.0
2015-08-04,38190.0
2015-08-05,38120.0
2015-08-06,38050.0
2015-08-07,37970.0
2015-08-10,37990.0
2015-08-11,39060.0
2015-08-12,39350.0
2015-08-13,39580.0
2015-08-14,39250.0
2015-08-17,39150.0
2015-08-18,38790.0
2015-08-19,38750.0
2015-08-20,38620.0
2015-08-21,38940.0
2015-08-24,38280.0
2015-08-25,38820.0
2015-08-26,38840.0
2015-08-27,38740.0
2015-08-28,39280.0
2015-08-31,39200.0
2015-09-01,39150.0
2015-09-02,39010.0
2015-09-07,39370.0
2015-09-08,39530.0
2015-09-09,41140.0
2015-09-10,41060.0
2015-09-11,41160.0
2015-09-14,40620.0
2015-09-15,40320.0
2015-09-16,40950.0
2015-09-17,40990.0
2015-09-18,40710.0
2015-09-21,40340.0
2015-09-22,39920.0
2015-09-23,38930.0
2015-09-24,38850.0
2015-09-25,39000.0
2015-09-28,38170.0
2015-09-29,37640.0
2015-09-30,38370.0
2015-10-08,38920.0
2015-10-09,40090.0
2015-10-12,40150.0
2015-10-13,39750.0
2015-10-14,39630.0
2015-10-15,40020.0
2015-10-16,39540.0
2015-10-19,39380.0
2015-10-20,39200.0
2015-10-21,38910.0
2015-10-22,39270.0
2015-10-23,39700.0
2015-10-26,39060.0
2015-10-27,39310.0
2015-10-28,38930.0
2015-10-29,39030.0
2015-10-30,38770.0
2015-11-02,38500.0
2015-11-03,38420.0
2015-11-04,38830.0
2015-11-05,38220.0
2015-11-06,38030.0
2015-11-09,37620.0
2015-11-10,37570.0
2015-11-11,37100.0
2015-11-12,37310.0
2015-11-13,36230.0
2015-11-16,36030.0
2015-11-17,34970.0
2015-11-18,34880.0
2015-11-19,34770.0
2015-11-20,34910.0
2015-11-23,33510.0
2015-11-24,33850.0
2015-11-25,34620.0
2015-11-26,35140.0
2015-11-27,35350.0
2015-11-30,34740.0
2015-12-01,35080.0
2015-12-02,34890.0
2015-12-03,34390.0
2015-12-04,34610.0
2015-12-07,35330.0
2015-12-08,34710.0
2015-12-09,35010.0
2015-12-10,34920.0
2015-12-11,35960.0
2015-12-14,36130.0
2015-12-15,35620.0
2015-12-16,35450.0
2015-12-17,35140.0
2015-12-18,35810.0
2015-12-21,36240.0
2015-12-22,36350.0
2015-12-23,36380.0
2015-12-24,36170.0
2015-12-25,36340.0
2015-12-28,35740.0
2015-12-29,36190.0
2015-12-30,36370.0
2015-12-31,36560.0
2016-01-04,35970.0
2016-01-05,36510.0
2016-01-06,36240.0
2016-01-07,36090.0
2016-01-08,35680.0
2016-01-11,34770.0
2016-01-12,34630.0
2016-01-13,34810.0
2016-01-14,34930.0
2016-01-15,34800.0
2016-01-18,34990.0
2016-01-19,35360.0
2016-01-20,35080.0
2016-01-21,34850.0
2016-01-22,35190.0
2016-01-25,35020.0
2016-01-26,35100.0
2016-01-27,35780.0
2016-01-28,35600.0
2016-01-29,35680.0
2016-02-01,35540.0
2016-02-02,35760.0
2016-02-03,35810.0
2016-02-04,36500.0
2016-02-05,36510.0
2016-02-15,35750.0
2016-02-16,35750.0
2016-02-17,35480.0
2016-02-18,35700.0
2016-02-19,35920.0
2016-02-22,36350.0
2016-02-23,36200.0
2016-02-24,35810.0
2016-02-25,35920.0
2016-02-26,35840.0
2016-02-29,35880.0
2016-03-01,36010.0
2016-03-02,36940.0
2016-03-03,37000.0
2016-03-04,37950.0
2016-03-07,38090.0
2016-03-08,37750.0
2016-03-09,37320.0
2016-03-10,37300.0
2016-03-11,37710.0
2016-03-14,37750.0
2016-03-15,37250.0
2016-03-16,37570.0
2016-03-17,37940.0
2016-03-18,38380.0
2016-03-21,38160.0
2016-03-22,38150.0
2016-03-23,38160.0
2016-03-24,37630.0
2016-03-25,37750.0
2016-03-28,37510.0
2016-03-29,37590.0
2016-03-30,36990.0
2016-03-31,36860.0
2016-04-01,37120.0
2016-04-05,36730.0
2016-04-06,36730.0
2016-04-07,36650.0
2016-04-08,35760.0
2016-04-11,35830.0
2016-04-12,35980.0
2016-04-13,36830.0
2016-04-14,36850.0
2016-04-15,36780.0
2016-04-18,36610.0
2016-04-19,36940.0
2016-04-20,37360.0
2016-04-21,38100.0
2016-04-22,37970.0
2016-04-25,38120.0
2016-04-26,37710.0
2016-04-27,37630.0
2016-04-28,37280.0
2016-04-29,37660.0
2016-05-03,37910.0
2016-05-04,37230.0
2016-05-05,36840.0
2016-05-06,36620.0
2016-05-09,35840.0
2016-05-10,35950.0
2016-05-11,35960.0
2016-05-12,36240.0
2016-05-13,35480.0
2016-05-16,35610.0
2016-05-17,35900.0
2016-05-18,35380.0
2016-05-19,35200.0
2016-05-20,35320.0
2016-05-23,35170.0
2016-05-24,35190.0
2016-05-25,35490.0
2016-05-26,36060.0
2016-05-27,35840.0
2016-05-30,35710.0
2016-05-31,35750.0
2016-06-01,35190.0
2016-06-02,35280.0
2016-06-03,35720.0
2016-06-06,36260.0
2016-06-07,35840.0
2016-06-08,35230.0
2016-06-13,35250.0
2016-06-14,35110.0
2016-06-15,35320.0
2016-06-16,35410.0
2016-06-17,35560.0
2016-06-20,35460.0
2016-06-21,35570.0
2016-06-22,36260.0
2016-06-23,36270.0
2016-06-24,35970.0
2016-06-27,36720.0
2016-06-28,37200.0
2016-06-29,37220.0
2016-06-30,37530.0
2016-07-01,37300.0
2016-07-04,38410.0
2016-07-05,37790.0
2016-07-06,37380.0
2016-07-07,36910.0
2016-07-08,36620.0
2016-07-11,37020.0
2016-07-12,37180.0
2016-07-13,38580.0
2016-07-14,38640.0
2016-07-15,38500.0
2016-07-18,37850.0
2016-07-19,38300.0
2016-07-20,38280.0
2016-07-21,38650.0
2016-07-22,38180.0
2016-07-25,38160.0
2016-07-26,37810.0
2016-07-27,37740.0
2016-07-28,37820.0
2016-07-29,37470.0
2016-08-01,38280.0
2016-08-02,38020.0
2016-08-03,37790.0
2016-08-04,37620.0
2016-08-05,37620.0
2016-08-08,37540.0
2016-08-09,37220.0
2016-08-10,37470.0
2016-08-11,37530.0
2016-08-12,37560.0
2016-08-15,37070.0
2016-08-16,37220.0
2016-08-17,37220.0
2016-08-18,37370.0
2016-08-19,37390.0
2016-08-22,37140.0
2016-08-23,37120.0
2016-08-24,36650.0
2016-08-25,36370.0
2016-08-26,36430.0
2016-08-29,36420.0
2016-08-30,36260.0
2016-08-31,36270.0
2016-09-01,36530.0
2016-09-02,36670.0
2016-09-05,36510.0
2016-09-06,36570.0
2016-09-07,36750.0
2016-09-08,36570.0
2016-09-09,36620.0
2016-09-12,36170.0
2016-09-13,36600.0
2016-09-14,36730.0
2016-09-19,37230.0
2016-09-20,37280.0
2016-09-21,37300.0
2016-09-22,37650.0
2016-09-23,37860.0
2016-09-26,37760.0
2016-09-27,37680.0
2016-09-28,37520.0
2016-09-29,37650.0
2016-09-30,37710.0
2016-10-10,37650.0
2016-10-11,38160.0
2016-10-12,37950.0
2016-10-13,37630.0
2016-10-14,37370.0
2016-10-17,37320.0
2016-10-18,37400.0
2016-10-19,37190.0
2016-10-20,37310.0
2016-10-21,37180.0
2016-10-24,37350.0
2016-10-25,38010.0
2016-10-26,37760.0
2016-10-27,37820.0
2016-10-28,38270.0
2016-10-31,38390.0
2016-11-01,38740.0
2016-11-02,38580.0
2016-11-03,38990.0
2016-11-04,39130.0
2016-11-07,40380.0
2016-11-08,40450.0
2016-11-09,41600.0
2016-11-10,43910.0
2016-11-11,46700.0
2016-11-14,45520.0
2016-11-15,43670.0
2016-11-16,44580.0
2016-11-17,43670.0
2016-11-18,44210.0
2016-11-21,45120.0
2016-11-22,46210.0
2016-11-23,45760.0
2016-11-24,48210.0
2016-11-25,48100.0
2016-11-28,49580.0
2016-11-29,46750.0
2016-11-30,46100.0
2016-12-01,47060.0
2016-12-02,46630.0
2016-12-05,47360.0
2016-12-06,47690.0
2016-12-07,48350.0
2016-12-08,47210.0
2016-12-09,47390.0
2016-12-12,47230.0
2016-12-13,46920.0
2016-12-14,46490.0
2016-12-15,46790.0
2016-12-16,46460.0
2016-12-19,45630.0
2016-12-20,44890.0
2016-12-21,45330.0
2016-12-22,44430.0
2016-12-23,45070.0
2016-12-26,44070.0
2016-12-27,44600.0
2016-12-28,45620.0
2016-12-29,45810.0
2016-12-30,45500.0
2017-01-03,45760.0
2017-01-04,45520.0
2017-01-05,45760.0
2017-01-06,45350.0
2017-01-09,45730.0
2017-01-10,46110.0
2017-01-11,47160.0
2017-01-12,46980.0
2017-01-13,47400.0
2017-01-16,47950.0
2017-01-17,46780.0
2017-01-18,46600.0
2017-01-19,46730.0
2017-01-20,46080.0
2017-01-23,46850.0
2017-01-24,47070.0
2017-01-25,47650.0
2017-01-26,48040.0
2017-02-03,46780.0
2017-02-06,46600.0
2017-02-07,46850.0
2017-02-08,47660.0
2017-02-09,47590.0
2017-02-10,47820.0
2017-02-13,50120.0
2017-02-14,50110.0
2017-02-15,48740.0
2017-02-16,48680.0
2017-02-17,48360.0
2017-02-20,48770.0
2017-02-21,48920.0
2017-02-22,48660.0
2017-02-23,48390.0
2017-02-24,47760.0
2017-02-27,47730.0
2017-02-28,47740.0
2017-03-01,48650.0
2017-03-02,48690.0
2017-03-03,48280.0
2017-03-06,47890.0
2017-03-07,47720.0
2017-03-08,47300.0
2017-03-09,46570.0
2017-03-10,46650.0
2017-03-13,47560.0
2017-03-14,47360.0
2017-03-15,47670.0
2017-03-16,48160.0
2017-03-17,47740.0
2017-03-20,47980.0
2017-03-21,47290.0
2017-03-22,46660.0
2017-03-23,47120.0
2017-03-24,47100.0
2017-03-27,46260.0
2017-03-28,46740.0
2017-03-29,47530.0
2017-03-30,47460.0
2017-03-31,47750.0
2017-04-05,47420.0
2017-04-06,47810.0
2017-04-07,47130.0
2017-04-10,47050.0
2017-04-11,46580.0
2017-04-12,46230.0
2017-04-13,46480.0
2017-04-14,46110.0
2017-04-17,46480.0
2017-04-18,45850.0
2017-04-19,45840.0
2017-04-20,45560.0
2017-04-21,46030.0
2017-04-24,45910.0
2017-04-25,46030.0
2017-04-26,46230.0
2017-04-27,46290.0
2017-04-28,46330.0
2017-05-02,46790.0
2017-05-03,46580.0
2017-05-04,45180.0
2017-05-05,44980.0
2017-05-08,44670.0
2017-05-09,44730.0
2017-05-10,44860.0
2017-05-11,45270.0
2017-05-12,44930.0
2017-05-15,45430.0
2017-05-16,45170.0
2017-05-17,45390.0
2017-05-18,44960.0
2017-05-19,45300.0
2017-05-22,45800.0
2017-05-23,45770.0
2017-05-24,45780.0
2017-05-25,45970.0
2017-05-26,46000.0
2017-05-31,45230.0
2017-06-01,45350.0
2017-06-02,45380.0
2017-06-05,45280.0
2017-06-06,44920.0
2017-06-07,44880.0
2017-06-08,45260.0
2017-06-09,45930.0
2017-06-12,46370.0
2017-06-13,45830.0
2017-06-14,45960.0
2017-06-15,45600.0
2017-06-16,45490.0
2017-06-19,45680.0
2017-06-20,45840.0
2017-06-21,45520.0
2017-06-22,45810.0
2017-06-23,46690.0
2017-06-26,46820.0
2017-06-27,46720.0
2017-06-28,46920.0
2017-06-29,47430.0
2017-06-30,47460.0
2017-07-03,47600.0
2017-07-04,47030.0
2017-07-05,47140.0
2017-07-06,46960.0
2017-07-07,47130.0
2017-07-10,46770.0
2017-07-11,47050.0
2017-07-12,47250.0
2017-07-13,47400.0
2017-07-14,47160.0
2017-07-17,47810.0
2017-07-18,47690.0
2017-07-19,47960.0
2017-07-20,47790.0
2017-07-21,48000.0
2017-07-24,47760.0
2017-07-25,48560.0
2017-07-26,50050.0
2017-07-27,50040.0
2017-07-28,49940.0
2017-07-31,50710.0
2017-08-01,50340.0
2017-08-02,50170.0
2017-08-03,49980.0
2017-08-04,50420.0
2017-08-07,50440.0
2017-08-08,50450.0
2017-08-09,51310.0
2017-08-10,50790.0
2017-08-11,49970.0
2017-08-14,50060.0
2017-08-15,50330.0
2017-08-16,50170.0
2017-08-17,51470.0
2017-08-18,51060.0
2017-08-21,51650.0
2017-08-22,52190.0
2017-08-23,51560.0
2017-08-24,51890.0
2017-08-25,52770.0
2017-08-28,52920.0
2017-08-29,52670.0
2017-08-30,52700.0
2017-08-31,52820.0
2017-09-01,52800.0
2017-09-04,53150.0
2017-09-05,53610.0
2017-09-06,53290.0
2017-09-07,52790.0
2017-09-08,51740.0
2017-09-11,51530.0
2017-09-12,51700.0
2017-09-13,51000.0
2017-09-14,50380.0
2017-09-15,50380.0
2017-09-18,50700.0
2017-09-19,50730.0
2017-09-20,50810.0
2017-09-21,50160.0
2017-09-22,49630.0
2017-09-25,50260.0
2017-09-26,50640.0
2017-09-27,50540.0
2017-09-28,50620.0
2017-09-29,51880.0
2017-10-09,52130.0
2017-10-10,51870.0
2017-10-11,52440.0
2017-10-12,53210.0
2017-10-13,53410.0
2017-10-16,55090.0
2017-10-17,55120.0
2017-10-18,54890.0
2017-10-19,54620.0
2017-10-20,55100.0
2017-10-23,54390.0
2017-10-24,55480.0
2017-10-25,54590.0
2017-10-26,54780.0
2017-10-27,53990.0
2017-10-30,53570.0
2017-10-31,53820.0
2017-11-01,54460.0
2017-11-02,54050.0
2017-11-03,54310.0
2017-11-06,54580.0
2017-11-07,54600.0
2017-11-08,53420.0
2017-11-09,53230.0
2017-11-10,53580.0
2017-11-13,53650.0
2017-11-14,54030.0
2017-11-15,52850.0
2017-11-16,52810.0
2017-11-17,52910.0
2017-11-20,52950.0
2017-11-21,53430.0
2017-11-22,54110.0
2017-11-23,53850.0
2017-11-24,54340.0
2017-11-27,53770.0
2017-11-28,53410.0
2017-11-29,53150.0
2017-11-30,52840.0
2017-12-01,52950.0
2017-12-04,53650.0
2017-12-05,52580.0
2017-12-06,51450.0
2017-12-07,51210.0
2017-12-08,51700.0
2017-12-11,51320.0
2017-12-12,52070.0
2017-12-13,52350.0
2017-12-14,52290.0
2017-12-15,52920.0
2017-12-18,53560.0
2017-12-19,53390.0
2017-12-20,53680.0
2017-12-21,54230.0
2017-12-22,54500.0
2017-12-25,54700.0
2017-12-26,55240.0
2017-12-27,54960.0
2017-12-28,55920.0
2017-12-29,55580.0
2018-01-02,55390.0
2018-01-03,54970.0
2018-01-04,55320.0
2018-01-05,55010.0
2018-01-08,54690.0
2018-01-09,55010.0
2018-01-10,54800.0
2018-01-11,55110.0
2018-01-12,54800.0
2018-01-15,54990.0
2018-01-16,54300.0
2018-01-17,53580.0
2018-01-18,53670.0
2018-01-19,53710.0
2018-01-22,53900.0
2018-01-23,53720.0
2018-01-24,52730.0
2018-01-25,53840.0
2018-01-26,53430.0
2018-01-29,53600.0
2018-01-30,52970.0
2018-01-31,53220.0
2018-02-01,52980.0
2018-02-02,53670.0
2018-02-05,53210.0
2018-02-06,52930.0
2018-02-07,52890.0
2018-02-08,52120.0
2018-02-09,51560.0
2018-02-12,51710.0
2018-02-13,52140.0
2018-02-14,52790.0
2018-02-22,52750.0
2018-02-23,53590.0
2018-02-26,53600.0
2018-02-27,53370.0
2018-02-28,52590.0
2018-03-01,52470.0
2018-03-02,52540.0
2018-03-05,52120.0
2018-03-06,52620.0
2018-03-07,52480.0
2018-03-08,52020.0
2018-03-09,51190.0
2018-03-12,51960.0
2018-03-13,51740.0
2018-03-14,52330.0
2018-03-15,52120.0
2018-03-16,52120.0
2018-03-19,51420.0
2018-03-20,51440.0
2018-03-21,50580.0
2018-03-22,51240.0
2018-03-23,50110.0
2018-03-26,49000.0
2018-03-27,49620.0
2018-03-28,49260.0
2018-03-29,49880.0
2018-03-30,50180.0
2018-04-02,50390.0
2018-04-03,50370.0
2018-04-04,50280.0
2018-04-09,50610.0
2018-04-10,50950.0
2018-04-11,50950.0
2018-04-12,50510.0
2018-04-13,50520.0
2018-04-16,50490.0
2018-04-17,50820.0
2018-04-18,51170.0
2018-04-19,51940.0
2018-04-20,51400.0
2018-04-23,51860.0
2018-04-24,51530.0
2018-04-25,51550.0
2018-04-26,51590.0
2018-04-27,51560.0
2018-05-02,51190.0
2018-05-03,51060.0
2018-05-04,51480.0
2018-05-07,51340.0
2018-05-08,51370.0
2018-05-09,50870.0
2018-05-10,51070.0
2018-05-11,51440.0
2018-05-14,51560.0
2018-05-15,51210.0
2018-05-16,51020.0
2018-05-17,51050.0
2018-05-18,51290.0
2018-05-21,51370.0
2018-05-22,51440.0
2018-05-23,51770.0
2018-05-24,51430.0
2018-05-25,51490.0
2018-05-28,51610.0
2018-05-29,51710.0
2018-05-30,50780.0
2018-05-31,51380.0
2018-06-01,51480.0
2018-06-04,51760.0
2018-06-05,52290.0
2018-06-06,53090.0
2018-06-07,54160.0
2018-06-08,53780.0
2018-06-11,54160.0
2018-06-12,53970.0
2018-06-13,53530.0
2018-06-14,53630.0
2018-06-15,53660.0
2018-06-19,51680.0
2018-06-20,51980.0
2018-06-21,51780.0
2018-06-22,51870.0
2018-06-25,51680.0
2018-06-26,51630.0
2018-06-27,51480.0
2018-06-28,51640.0
2018-06-29,51660.0
2018-07-02,51210.0
2018-07-03,51430.0
2018-07-04,50100.0
2018-07-05,49330.0
2018-07-06,49080.0
2018-07-09,49990.0
2018-07-10,49760.0
2018-07-11,48120.0
2018-07-12,49000.0
2018-07-13,48720.0
2018-07-16,48720.0
2018-07-17,48810.0
2018-07-18,48260.0
2018-07-19,48670.0
2018-07-20,48590.0
2018-07-23,49020.0
2018-07-24,49310.0
2018-07-25,49910.0
2018-07-26,50140.0
2018-07-27,50090.0
2018-07-30,49360.0
2018-07-31,49830.0
2018-08-01,49820.0
2018-08-02,49340.0
2018-08-03,49230.0
2018-08-06,49300.0
2018-08-07,49480.0
2018-08-08,49470.0
2018-08-09,49950.0
2018-08-10,49600.0
2018-08-13,49730.0
2018-08-14,49520.0
2018-08-15,48550.0
2018-08-16,47580.0
2018-08-17,47700.0
2018-08-20,48250.0
2018-08-21,48700.0
2018-08-22,48290.0
2018-08-23,47990.0
2018-08-24,48510.0
2018-08-27,48790.0
2018-08-28,48650.0
2018-08-29,48830.0
2018-08-30,48800.0
2018-08-31,48580.0
2018-09-03,48170.0
2018-09-04,47680.0
2018-09-05,47410.0
2018-09-06,47490.0
2018-09-07,47560.0
2018-09-10,47460.0
2018-09-11,47910.0
2018-09-12,47730.0
2018-09-13,48620.0
2018-09-14,48420.0
2018-09-17,47930.0
2018-09-18,48680.0
2018-09-19,49640.0
2018-09-20,49340.0
2018-09-21,49740.0
2018-09-25,50360.0
2018-09-26,50530.0
2018-09-27,50130.0
2018-09-28,50170.0
2018-10-08,50010.0
2018-10-09,50500.0
2018-10-10,50770.0
2018-10-11,49980.0
2018-10-12,50800.0
2018-10-15,50570.0
2018-10-16,50190.0
2018-10-17,50290.0
2018-10-18,50130.0
2018-10-19,50270.0
2018-10-22,50510.0
2018-10-23,50060.0
2018-10-24,50330.0
2018-10-25,49760.0
2018-10-26,49750.0
2018-10-29,49770.0
2018-10-30,49700.0
2018-10-31,49060.0
2018-11-01,48730.0
2018-11-02,49830.0
2018-11-05,49770.0
2018-11-06,49660.0
2018-11-07,49470.0
2018-11-08,49370.0
2018-11-09,49180.0
2018-11-12,48920.0
2018-11-13,49100.0
2018-11-14,48820.0
2018-11-15,49520.0
2018-11-16,49580.0
2018-11-19,49780.0
2018-11-20,49580.0
2018-11-21,49410.0
2018-11-22,49570.0
2018-11-23,49400.0
2018-11-26,49300.0
2018-11-27,48880.0
2018-11-28,49280.0
2018-11-29,49560.0
2018-11-30,49650.0
2018-12-03,50280.0
2018-12-04,49660.0
2018-12-05,49350.0
2018-12-06,48980.0
2018-12-07,49180.0
2018-12-10,48930.0
2018-12-11,49090.0
2018-12-12,49080.0
2018-12-13,49340.0
2018-12-14,48890.0
2018-12-17,49230.0
2018-12-18,48930.0
2018-12-19,48090.0
2018-12-20,48220.0
2018-12-21,48410.0
2018-12-24,48100.0
2018-12-25,48010.0
2018-12-26,48040.0
2018-12-27,48280.0
2018-12-28,48340.0
2019-01-02,47680.0
2019-01-03,47310.0
2019-01-04,47140.0
2019-01-07,47430.0
2019-01-08,47340.0
2019-01-09,47680.0
2019-01-10,47510.0
2019-01-11,47320.0
2019-01-14,46890.0
2019-01-15,47000.0
2019-01-16,47380.0
2019-01-17,47380.0
2019-01-18,47860.0
2019-01-21,47800.0
2019-01-22,47530.0
2019-01-23,47540.0
2019-01-24,47320.0
2019-01-25,47380.0
2019-01-28,47540.0
2019-01-29,47580.0
2019-01-30,47700.0
2019-01-31,48090.0
2019-02-01,48270.0
2019-02-11,48190.0
2019-02-12,48110.0
2019-02-13,48120.0
2019-02-14,48340.0
2019-02-15,48200.0
2019-02-18,49230.0
2019-02-19,49360.0
2019-02-20,49710.0
2019-02-21,49670.0
2019-02-22,49920.0
2019-02-25,50520.0
2019-02-26,50190.0
2019-02-27,50080.0
2019-02-28,50160.0
2019-03-01,50500.0
2019-03-04,50010.0
2019-03-05,49880.0
2019-03-06,49400.0
2019-03-07,49210.0
2019-03-08,49040.0
2019-03-11,49190.0
2019-03-12,49450.0
2019-03-13,49340.0
2019-03-14,49110.0
2019-03-15,49320.0
2019-03-18,49350.0
2019-03-19,49330.0
2019-03-20,49190.0
2019-03-21,49420.0
2019-03-22,48940.0
2019-03-25,48120.0
2019-03-26,48230.0
2019-03-27,48390.0
2019-03-28,48360.0
2019-03-29,48800.0
2019-04-01,49460.0
2019-04-02,49270.0
2019-04-03,49510.0
2019-04-04,49520.0
2019-04-08,49260.0
2019-04-09,49790.0
2019-04-10,49490.0
2019-04-11,49170.0
2019-04-12,49200.0
2019-04-15,49320.0
2019-04-16,49450.0
2019-04-17,49470.0
2019-04-18,49500.0
2019-04-19,49530.0
2019-04-22,49250.0
2019-04-23,49160.0
2019-04-24,48960.0
2019-04-25,49180.0
2019-04-26,48970.0
2019-04-29,48850.0
2019-04-30,48930.0
2019-05-06,48010.0
2019-05-07,48290.0
2019-05-08,47840.0
2019-05-09,47570.0
2019-05-10,47760.0
2019-05-13,47660.0
2019-05-14,47490.0
2019-05-15,47730.0
2019-05-16,47790.0
2019-05-17,47630.0
2019-05-20,47620.0
2019-05-21,47700.0
2019-05-22,47160.0
2019-05-23,46680.0
2019-05-24,47170.0
2019-05-27,47280.0
2019-05-28,47130.0
2019-05-29,46810.0
2019-05-30,46550.0
2019-05-31,46180.0
2019-06-03,46130.0
2019-06-04,46270.0
2019-06-05,46490.0
2019-06-06,46010.0
2019-06-10,46250.0
2019-06-11,46840.0
2019-06-12,46480.0
2019-06-13,46270.0
2019-06-14,46340.0
2019-06-17,46150.0
2019-06-18,46330.0
2019-06-19,46840.0
2019-06-20,46930.0
2019-06-21,46850.0
2019-06-24,46750.0
2019-06-25,47090.0
2019-06-26,47210.0
2019-06-27,47090.0
2019-06-28,47010.0
2019-07-01,47360.0
2019-07-02,46610.0
2019-07-03,46250.0
2019-07-04,46350.0
2019-07-05,46280.0
2019-07-08,46390.0
2019-07-09,46190.0
2019-07-10,46080.0
2019-07-11,46590.0
2019-07-12,46670.0
2019-07-15,46910.0
2019-07-16,46910.0
2019-07-17,46860.0
2019-07-18,46780.0
2019-07-19,47970.0
2019-07-22,47410.0
2019-07-23,47300.0
2019-07-24,47090.0
2019-07-25,47020.0
2019-07-26,47050.0
2019-07-29,46900.0
2019-07-30,47240.0
2019-07-31,46720.0
2019-08-01,46620.0
2019-08-02,46440.0
2019-08-05,46060.0
2019-08-06,46150.0
2019-08-07,45930.0
2019-08-08,46510.0
2019-08-09,46680.0
2019-08-12,46750.0
2019-08-13,46560.0
2019-08-14,46580.0
2019-08-15,46440.0
2019-08-16,46550.0
2019-08-19,46610.0
2019-08-20,46620.0
2019-08-21,46430.0
2019-08-22,46310.0
2019-08-23,46400.0
2019-08-26,46020.0
2019-08-27,46380.0
2019-08-28,46560.0
2019-08-29,46550.0
2019-08-30,46690.0
2019-09-02,46640.0
2019-09-03,46370.0
2019-09-04,46620.0
2019-09-05,46970.0
2019-09-06,47450.0
2019-09-09,47420.0
2019-09-10,47430.0
2019-09-11,47290.0
2019-09-12,47490.0
2019-09-16,47560.0
2019-09-17,47340.0
2019-09-18,47310.0
2019-09-19,47070.0
2019-09-20,47130.0
2019-09-23,46870.0
2019-09-24,47120.0
2019-09-25,47000.0
2019-09-26,47120.0
2019-09-27,46920.0
2019-09-30,47250.0
2019-10-08,46770.0
2019-10-09,46640.0
2019-10-10,46700.0
2019-10-11,46910.0
2019-10-14,46970.0
2019-10-15,46960.0
2019-10-16,46750.0
2019-10-17,46650.0
2019-10-18,46570.0
2019-10-21,47020.0
2019-10-22,47120.0
2019-10-23,46930.0
2019-10-24,47360.0
2019-10-25,47390.0
2019-10-28,47430.0
2019-10-29,47340.0
2019-10-30,47510.0
2019-10-31,47330.0
2019-11-01,47120.0
2019-11-04,47040.0
2019-11-05,47250.0
2019-11-06,47190.0
2019-11-07,47150.0
2019-11-08,47240.0
2019-11-11,47110.0
2019-11-12,47180.0
2019-11-13,47030.0
2019-11-14,47030.0
2019-11-15,46930.0
2019-11-18,46980.0
2019-11-19,46890.0
2019-11-20,47050.0
2019-11-21,47110.0
2019-11-22,46870.0
2019-11-25,47100.0
2019-11-26,47070.0
2019-11-27,47380.0
2019-11-28,47350.0
2019-11-29,47320.0
2019-12-02,47300.0
2019-12-03,47080.0
2019-12-04,46980.0
2019-12-05,47200.0
2019-12-06,47320.0
2019-12-09,48340.0
2019-12-10,48690.0
2019-12-11,49000.0
2019-12-12,49030.0
2019-12-13,49010.0
2019-12-16,49100.0
2019-12-17,49260.0
2019-12-18,49070.0
2019-12-19,49110.0
2019-12-20,49030.0
2019-12-23,49050.0
2019-12-24,49590.0
2019-12-25,49600.0
2019-12-26,49650.0
2019-12-27,49730.0
2019-12-30,49510.0
2019-12-31,49150.0
2020-01-02,49230.0
2020-01-03,48900.0
2020-01-06,48760.0
2020-01-07,49010.0
2020-01-08,48860.0
2020-01-09,48960.0
2020-01-10,49010.0
2020-01-13,48940.0
2020-01-14,49310.0
2020-01-15,49260.0
2020-01-16,49200.0
2020-01-17,49250.0
2020-01-20,49100.0
2020-01-21,48420.0
2020-01-22,48540.0
2020-01-23,48020.0
2020-02-03,45040.0
2020-02-04,45260.0
2020-02-05,45550.0
2020-02-06,46040.0
2020-02-07,45690.0
2020-02-10,45410.0
2020-02-11,45580.0
2020-02-12,45580.0
2020-02-13,45710.0
2020-02-14,45930.0
2020-02-17,46310.0
2020-02-18,46270.0
2020-02-19,46400.0
2020-02-20,46430.0
2020-02-21,45990.0
2020-02-24,46000.0
2020-02-25,45950.0
2020-02-26,45630.0
2020-02-27,45440.0
2020-02-28,44390.0
2020-03-02,45230.0
2020-03-03,45620.0
2020-03-04,45280.0
2020-03-05,45320.0
2020-03-06,44900.0
2020-03-09,43750.0
2020-03-10,44540.0
2020-03-11,44120.0
2020-03-12,43330.0
2020-03-13,43520.0
2020-03-16,42520.0
2020-03-17,42510.0
2020-03-18,39960.0
2020-03-19,37570.0
2020-03-20,38910.0
2020-03-23,37200.0
2020-03-24,38200.0
2020-03-25,39360.0
2020-03-26,38870.0
2020-03-27,39180.0
2020-03-30,38720.0
2020-03-31,39150.0
2020-04-01,39000.0
2020-04-02,39650.0
2020-04-03,39930.0
2020-04-07,40600.0
2020-04-08,40810.0
2020-04-09,40800.0
2020-04-10,41790.0
2020-04-13,41780.0
2020-04-14,41750.0
2020-04-15,41560.0
2020-04-16,41560.0
2020-04-17,42280.0
2020-04-20,42330.0
2020-04-21,41440.0
2020-04-22,41090.0
2020-04-23,41950.0
2020-04-24,41780.0
2020-04-27,42490.0
2020-04-28,42300.0
2020-04-29,42510.0
2020-04-30,42940.0
2020-05-06,42720.0
2020-05-07,43110.0
2020-05-08,43510.0
2020-05-11,43500.0
2020-05-12,43040.0
2020-05-13,43060.0
2020-05-14,42910.0
2020-05-15,43130.0
2020-05-18,43270.0
2020-05-19,43780.0
2020-05-20,43730.0
2020-05-21,44150.0
2020-05-22,43260.0
2020-05-25,43650.0
2020-05-26,43860.0
2020-05-27,43640.0
2020-05-28,43700.0
2020-05-29,43940.0
2020-06-01,44600.0
2020-06-02,44560.0
2020-06-03,44830.0
2020-06-04,44720.0
2020-06-05,45220.0
2020-06-08,45800.0
2020-06-09,46250.0
2020-06-10,46830.0
2020-06-11,46950.0
2020-06-12,46840.0
2020-06-15,46280.0
2020-06-16,47150.0
2020-06-17,46770.0
2020-06-18,46920.0
2020-06-19,47780.0
2020-06-22,47470.0
2020-06-23,47850.0
2020-06-24,47860.0
2020-06-29,48380.0
2020-06-30,48790.0
2020-07-01,49350.0
2020-07-02,49410.0
2020-07-03,48900.0
2020-07-06,49040.0
2020-07-07,49360.0
2020-07-08,49800.0
2020-07-09,50700.0
2020-07-10,50500.0
2020-07-13,52880.0
2020-07-14,52210.0
2020-07-15,52210.0
2020-07-16,50710.0
2020-07-17,51430.0
2020-07-20,51300.0
2020-07-21,51900.0
2020-07-22,52410.0
2020-07-23,51970.0
2020-07-24,51220.0
2020-07-27,51600.0
2020-07-28,51520.0
2020-07-29,51880.0
2020-07-30,51690.0
2020-07-31,51820.0
2020-08-03,51050.0
2020-08-04,51540.0
2020-08-05,51350.0
2020-08-06,51400.0
2020-08-07,51300.0
2020-08-10,50230.0
2020-08-11,50340.0
2020-08-12,49870.0
2020-08-13,50410.0
2020-08-14,50100.0
2020-08-17,50730.0
2020-08-18,50830.0
2020-08-19,52150.0
2020-08-20,52040.0
2020-08-21,51800.0
2020-08-24,51540.0
2020-08-25,51130.0
2020-08-26,51440.0
2020-08-27,51490.0
2020-08-28,51990.0
2020-08-31,51980.0
2020-09-01,52990.0
2020-09-02,52070.0
2020-09-03,51760.0
2020-09-04,51650.0
2020-09-07,52240.0
2020-09-08,52590.0
2020-09-09,51830.0
2020-09-10,51700.0
2020-09-11,51680.0
2020-09-14,52120.0
2020-09-15,52160.0
2020-09-16,51710.0
2020-09-17,51330.0
2020-09-18,52320.0
2020-09-21,52160.0
2020-09-22,51780.0
2020-09-23,51460.0
2020-09-24,50640.0
2020-09-25,51040.0
2020-09-28,51220.0
2020-09-29,50940.0
2020-09-30,50930.0
2020-10-09,51440.0
2020-10-12,51520.0
2020-10-13,51360.0
2020-10-14,51540.0
2020-10-15,51260.0
2020-10-16,51470.0
2020-10-19,51170.0
2020-10-20,51380.0
2020-10-21,52150.0
2020-10-22,52280.0
2020-10-23,51950.0
2020-10-26,51810.0
2020-10-27,51650.0
2020-10-28,51840.0
2020-10-29,51470.0
2020-10-30,50940.0
2020-11-02,51070.0
2020-11-03,51800.0
2020-11-04,51610.0
2020-11-05,51420.0
2020-11-06,51430.0
2020-11-09,51840.0
2020-11-10,51590.0
2020-11-11,51960.0
2020-11-12,51800.0
2020-11-13,52180.0
2020-11-16,53640.0
2020-11-17,52850.0
2020-11-18,52950.0
2020-11-19,52730.0
2020-11-20,53520.0
2020-11-23,53970.0
2020-11-24,54770.0
2020-11-25,54550.0
2020-11-26,55310.0
2020-11-27,56120.0
2020-11-30,57680.0
2020-12-01,57040.0
2020-12-02,57200.0
2020-12-03,56870.0
2020-12-04,57450.0
2020-12-07,57030.0
2020-12-08,56930.0
2020-12-09,57250.0
2020-12-10,57450.0
2020-12-11,57830.0
2020-12-14,57850.0
2020-12-15,57700.0
2020-12-16,57850.0
2020-12-17,58620.0
2020-12-18,59260.0
2020-12-21,59280.0
2020-12-22,57900.0
2020-12-23,57850.0
2020-12-24,58130.0
2020-12-25,58560.0
2020-12-28,58770.0
2020-12-29,58180.0
2020-12-30,58480.0
2020-12-31,57750.0
2021-01-04,58160.0
2021-01-05,58110.0
2021-01-06,59030.0
2021-01-07,59380.0
2021-01-08,60310.0
2021-01-11,58580.0
2021-01-12,58710.0
2021-01-13,58780.0
2021-01-14,58740.0
2021-01-15,58690.0
2021-01-18,59280.0
2021-01-19,58890.0
2021-01-20,59120.0
2021-01-21,59340.0
2021-01-22,58810.0
2021-01-25,59090.0
2021-01-26,58470.0
2021-01-27,58720.0
2021-01-28,57760.0
2021-01-29,57550.0
2021-02-01,57910.0
2021-02-02,57300.0
2021-02-03,57000.0
2021-02-04,57820.0
2021-02-05,58210.0
2021-02-08,58790.0
2021-02-09,59570.0
2021-02-10,60800.0
2021-02-18,63210.0
2021-02-19,64320.0
2021-02-22,67370.0
2021-02-23,67950.0
2021-02-24,67910.0
2021-02-25,70150.0
2021-02-26,67950.0
2021-03-01,67450.0
2021-03-02,66780.0
2021-03-03,67810.0
2021-03-04,66460.0
2021-03-05,65920.0
2021-03-08,65770.0
2021-03-09,66000.0
2021-03-10,65400.0
2021-03-11,67360.0
2021-03-12,66920.0
2021-03-15,67520.0
2021-03-16,66740.0
2021-03-17,66940.0
2021-03-18,66920.0
2021-03-19,66020.0
2021-03-22,66800.0
2021-03-23,67040.0
2021-03-24,66480.0
2021-03-25,65560.0
2021-03-26,66170.0
2021-03-29,66340.0
2021-03-30,65880.0
2021-03-31,65600.0
2021-04-01,65090.0
2021-04-02,67090.0
2021-04-06,67010.0
2021-04-07,66900.0
2021-04-08,66850.0
2021-04-09,66720.0
2021-04-12,65690.0
2021-04-13,65870.0
2021-04-14,66190.0
2021-04-15,68040.0
2021-04-16,68540.0
2021-04-19,69660.0
2021-04-20,69450.0
2021-04-21,68720.0
2021-04-22,69150.0
2021-04-23,69440.0
2021-04-26,70980.0
2021-04-27,72480.0
2021-04-28,71340.0
2021-04-29,72380.0
2021-04-30,71890.0
2021-05-06,73240.0
2021-05-07,74900.0
2021-05-10,77720.0
2021-05-11,76000.0
2021-05-12,77090.0
2021-05-13,75970.0
2021-05-14,74560.0
2021-05-17,74750.0
2021-05-18,76100.0
2021-05-19,74090.0
2021-05-20,73450.0
2021-05-21,72160.0
2021-05-24,71640.0
2021-05-25,72230.0
2021-05-26,71780.0
2021-05-27,71940.0
2021-05-28,73350.0
2021-05-31,73950.0
2021-06-01,74160.0
2021-06-02,73680.0
2021-06-03,73020.0
2021-06-04,70910.0
2021-06-07,71390.0
2021-06-08,71420.0
2021-06-09,71510.0
2021-06-10,71290.0
2021-06-11,71770.0
2021-06-15,70230.0
2021-06-16,68450.0
2021-06-17,68800.0
2021-06-18,67260.0
2021-06-21,66350.0
2021-06-22,67350.0
2021-06-23,68480.0
2021-06-24,68480.0
2021-06-25,68700.0
2021-06-28,68630.0
2021-06-29,68150.0
2021-06-30,68390.0
2021-07-01,68260.0
2021-07-02,68260.0
2021-07-05,69520.0
2021-07-06,70100.0
2021-07-07,69110.0
2021-07-08,68740.0
2021-07-09,68920.0
2021-07-12,68980.0
2021-07-13,69200.0
2021-07-14,68870.0
2021-07-15,68800.0
2021-07-16,69340.0
2021-07-19,68740.0
2021-07-20,68130.0
2021-07-21,68020.0
2021-07-22,68960.0
2021-07-23,69670.0
2021-07-26,70770.0
2021-07-27,71770.0
2021-07-28,71850.0
2021-07-29,71610.0
2021-07-30,71820.0
2021-08-02,71480.0
2021-08-03,70450.0
2021-08-04,70120.0
2021-08-05,69220.0
2021-08-06,70330.0
2021-08-09,69470.0
2021-08-10,69550.0
2021-08-11,69770.0
2021-08-12,70410.0
2021-08-13,69970.0
2021-08-16,69660.0
2021-08-17,69710.0
2021-08-18,68720.0
2021-08-19,66790.0
2021-08-20,67200.0
2021-08-23,67620.0
2021-08-24,68560.0
2021-08-25,69100.0
2021-08-26,68590.0
2021-08-27,69130.0
2021-08-30,70130.0
2021-08-31,70100.0
2021-09-01,68900.0
2021-09-02,69020.0
2021-09-03,69090.0
2021-09-06,69510.0
2021-09-07,69070.0
2021-09-08,68680.0
2021-09-09,69300.0
2021-09-10,70080.0
2021-09-13,71480.0
2021-09-14,69840.0
2021-09-15,69810.0
2021-09-16,69650.0
2021-09-17,69270.0
2021-09-22,68780.0
2021-09-23,68660.0
2021-09-24,69250.0
2021-09-27,69340.0
2021-09-28,69230.0
2021-09-29,68360.0
2021-09-30,67950.0
2021-10-08,68840.0
2021-10-11,70260.0
2021-10-12,69680.0
2021-10-13,70100.0
2021-10-14,72480.0
2021-10-15,73820.0
2021-10-18,76270.0
2021-10-19,75810.0
2021-10-20,73380.0
2021-10-21,72890.0
2021-10-22,72390.0
2021-10-25,72110.0
2021-10-26,72000.0
2021-10-27,70560.0
2021-10-28,71110.0
2021-10-29,70540.0
2021-11-01,70140.0
2021-11-02,69660.0
2021-11-03,71350.0
2021-11-04,70150.0
2021-11-05,69590.0
2021-11-08,70000.0
2021-11-09,70550.0
2021-11-10,70330.0
2021-11-11,70420.0
2021-11-12,70570.0
2021-11-15,70830.0
2021-11-16,70360.0
2021-11-17,70140.0
2021-11-18,68910.0
2021-11-19,70960.0
2021-11-22,70180.0
2021-11-23,70740.0
2021-11-24,71220.0
2021-11-25,71970.0
2021-11-26,70560.0
2021-11-29,70230.0
2021-11-30,69450.0
2021-12-01,69650.0
2021-12-02,68650.0
2021-12-03,69460.0
2021-12-06,69080.0
2021-12-07,69420.0
2021-12-08,69570.0
2021-12-09,69710.0
2021-12-10,69530.0
2021-12-13,69570.0
2021-12-14,68910.0
2021-12-15,68000.0
2021-12-16,68590.0
2021-12-17,69370.0
2021-12-20,68630.0
2021-12-21,69230.0
2021-12-22,69690.0
2021-12-23,70180.0
2021-12-24,69750.0
2021-12-27,69530.0
2021-12-28,70450.0
2021-12-29,70200.0
2021-12-30,70010.0
2021-12-31,70380.0
2022-01-04,69730.0
2022-01-05,70110.0
2022-01-06,69490.0
2022-01-07,69520.0
2022-01-10,69780.0
2022-01-11,69720.0
2022-01-12,71170.0
2022-01-13,71440.0
2022-01-14,71460.0
2022-01-17,70170.0
2022-01-18,70100.0
2022-01-19,70020.0
2022-01-20,71180.0
2022-01-21,71290.0
2022-01-24,70480.0
2022-01-25,69570.0
2022-01-26,70730.0
2022-01-27,69780.0
2022-01-28,70290.0
2022-02-07,70430.0
2022-02-08,70590.0
2022-02-09,70450.0
2022-02-10,73030.0
2022-02-11,71480.0
2022-02-14,71360.0
2022-02-15,71060.0
2022-02-16,71510.0
2022-02-17,71160.0
2022-02-18,71890.0
2022-02-21,71460.0
2022-02-22,71030.0
2022-02-23,71300.0
2022-02-24,70970.0
2022-02-25,70690.0
2022-02-28,70990.0
2022-03-01,71050.0
2022-03-02,71520.0
2022-03-03,73010.0
2022-03-04,72890.0
2022-03-07,74980.0
2022-03-08,74000.0
2022-03-09,72720.0
2022-03-10,71940.0
2022-03-11,72150.0
2022-03-14,71780.0
2022-03-15,71360.0
2022-03-16,72090.0
2022-03-17,72250.0
2022-03-18,72830.0
2022-03-21,72880.0
2022-03-22,73120.0
2022-03-23,73180.0
2022-03-24,73580.0
2022-03-25,73560.0
2022-03-28,72940.0
2022-03-29,73570.0
2022-03-30,74210.0
2022-03-31,73320.0
2022-04-01,73160.0
2022-04-06,73720.0
2022-04-07,73410.0
2022-04-08,73760.0
2022-04-11,73230.0
2022-04-12,73350.0
2022-04-13,74030.0
2022-04-14,74180.0
2022-04-15,74970.0
2022-04-18,74760.0
2022-04-19,75040.0
2022-04-20,74480.0
2022-04-21,74480.0
2022-04-22,75010.0
2022-04-25,73660.0
2022-04-26,73260.0
2022-04-27,73320.0
2022-04-28,73320.0
2022-04-29,73600.0
2022-05-05,72760.0
2022-05-06,72050.0
2022-05-09,71440.0
2022-05-10,71720.0
2022-05-11,71580.0
2022-05-12,70880.0
2022-05-13,71060.0
2022-05-16,71270.0
2022-05-17,71790.0
2022-05-18,71340.0
2022-05-19,71530.0
2022-05-20,71900.0
2022-05-23,72050.0
2022-05-24,71770.0
2022-05-25,71810.0
2022-05-26,71080.0
2022-05-27,71900.0
2022-05-30,71950.0
2022-05-31,72120.0
2022-06-01,71600.0
2022-06-02,72130.0
2022-06-06,72680.0
2022-06-07,72460.0
2022-06-08,72790.0
2022-06-09,72810.0
2022-06-10,72650.0
2022-06-13,71720.0
2022-06-14,71570.0
2022-06-15,70670.0
2022-06-16,70540.0
2022-06-17,69740.0
2022-06-20,68000.0
2022-06-21,68030.0
2022-06-22,67060.0
2022-06-23,66380.0
2022-06-24,63440.0
2022-06-27,63750.0
2022-06-28,64890.0
2022-06-29,63470.0
2022-06-30,63850.0
2022-07-01,61630.0
2022-07-04,60660.0
2022-07-05,60110.0
2022-07-06,57620.0
2022-07-07,58640.0
2022-07-08,58960.0
2022-07-11,58480.0
2022-07-12,57320.0
2022-07-13,56030.0
2022-07-14,55450.0
2022-07-15,53480.0
2022-07-18,56390.0
2022-07-19,56030.0
2022-07-20,56840.0
2022-07-21,56180.0
2022-07-22,56930.0
2022-07-25,57220.0
2022-07-26,58890.0
2022-07-27,58390.0
2022-07-28,59990.0
2022-07-29,60100.0
2022-08-01,60840.0
2022-08-02,60250.0
2022-08-03,59780.0
2022-08-04,58750.0
2022-08-05,60310.0
2022-08-08,60930.0
2022-08-09,61220.0
2022-08-10,61040.0
2022-08-11,62690.0
2022-08-12,62930.0
2022-08-15,61480.0
2022-08-16,62040.0
2022-08-17,61960.0
2022-08-18,61170.0
2022-08-19,61980.0
2022-08-22,62770.0
2022-08-23,63040.0
2022-08-24,63420.0
2022-08-25,62780.0
2022-08-26,63690.0
2022-08-29,62550.0
2022-08-30,62200.0
2022-08-31,62060.0
2022-09-01,60680.0
2022-09-02,59540.0
2022-09-05,60580.0
2022-09-06,61630.0
2022-09-07,60550.0
2022-09-08,61150.0
2022-09-09,63070.0
2022-09-13,63190.0
2022-09-14,62280.0
2022-09-15,62220.0
2022-09-16,61950.0
2022-09-19,62280.0
2022-09-20,62600.0
2022-09-21,62760.0
2022-09-22,62430.0
2022-09-23,62180.0
2022-09-26,60700.0
2022-09-27,61280.0
2022-09-28,60020.0
2022-09-29,60870.0
2022-09-30,61320.0
2022-10-10,61260.0
2022-10-11,62360.0
2022-10-12,62720.0
2022-10-13,62340.0
2022-10-14,63700.0
2022-10-17,63080.0
2022-10-18,62650.0
2022-10-19,62120.0
2022-10-20,62270.0
2022-10-21,62820.0
2022-10-24,63810.0
2022-10-25,63060.0
2022-10-26,62750.0
2022-10-27,63450.0
2022-10-28,62830.0
2022-10-31,62060.0
2022-11-01,63350.0
2022-11-02,63570.0
2022-11-03,63350.0
2022-11-04,64250.0
2022-11-07,65730.0
2022-11-08,65780.0
2022-11-09,66580.0
2022-11-10,66750.0
2022-11-11,67630.0
2022-11-14,67010.0
2022-11-15,67190.0
2022-11-16,66710.0
2022-11-17,66510.0
2022-11-18,65740.0
2022-11-21,65030.0
2022-11-22,64410.0
2022-11-23,64890.0
2022-11-24,65110.0
2022-11-25,65170.0
2022-11-28,64130.0
2022-11-29,65080.0
2022-11-30,64680.0
2022-12-01,65890.0
2022-12-02,66240.0
2022-12-05,66260.0
2022-12-06,65770.0
2022-12-07,65440.0
2022-12-08,66360.0
2022-12-09,67120.0
2022-12-12,66030.0
2022-12-13,66070.0
2022-12-14,66510.0
2022-12-15,65980.0
2022-12-16,65260.0
2022-12-19,65110.0
2022-12-20,65060.0
2022-12-21,65760.0
2022-12-22,65820.0
2022-12-23,65450.0
2022-12-26,66040.0
2022-12-27,66350.0
2022-12-28,66440.0
2022-12-29,66430.0
2022-12-30,66260.0
2023-01-03,65790.0
2023-01-04,64560.0
2023-01-05,64290.0
2023-01-06,65240.0
2023-01-09,66090.0
2023-01-10,66590.0
2023-01-11,68000.0
2023-01-12,68660.0
2023-01-13,68630.0
2023-01-16,68640.0
2023-01-17,68400.0
2023-01-18,70300.0
2023-01-19,69680.0
2023-01-20,70420.0
2023-01-30,69330.0
2023-01-31,69240.0
2023-02-01,69700.0
2023-02-02,69060.0
2023-02-03,68890.0
2023-02-06,68340.0
2023-02-07,68260.0
2023-02-08,68640.0
2023-02-09,68640.0
2023-02-10,68420.0
2023-02-13,68150.0
2023-02-14,68680.0
2023-02-15,68640.0
2023-02-16,68510.0
2023-02-17,68880.0
2023-02-20,69400.0
2023-02-21,70100.0
2023-02-22,70090.0
2023-02-23,70010.0
2023-02-24,69610.0
2023-02-27,68300.0
2023-02-28,69050.0
2023-03-01,70080.0
2023-03-02,69780.0
2023-03-03,69820.0
2023-03-06,69310.0
2023-03-07,69590.0
2023-03-08,68880.0
2023-03-09,69290.0
2023-03-10,68810.0
2023-03-13,69270.0
2023-03-14,68550.0
2023-03-15,68660.0
2023-03-16,66420.0
2023-03-17,67220.0
2023-03-20,66840.0
2023-03-21,67530.0
2023-03-22,68080.0
2023-03-23,68350.0
2023-03-24,69760.0
2023-03-27,69250.0
2023-03-28,69320.0
2023-03-29,69280.0
2023-03-30,69660.0
2023-03-31,69200.0
2023-04-03,69150.0
2023-04-04,69080.0
2023-04-06,68520.0
2023-04-07,69040.0
2023-04-10,68740.0
2023-04-11,68880.0
2023-04-12,68860.0
2023-04-13,69170.0
2023-04-14,70050.0
2023-04-17,70170.0
2023-04-18,69780.0
2023-04-19,69470.0
2023-04-20,69350.0
2023-04-21,68660.0
2023-04-24,68370.0
2023-04-25,68080.0
2023-04-26,67430.0
2023-04-27,66560.0
2023-04-28,67410.0
2023-05-04,66920.0
2023-05-05,66810.0
2023-05-08,67470.0
2023-05-09,67070.0
2023-05-10,67240.0
2023-05-11,65310.0
2023-05-12,64610.0
2023-05-15,64980.0
2023-05-16,64360.0
2023-05-17,64550.0
2023-05-18,65760.0
2023-05-19,65690.0
2023-05-22,64860.0
2023-05-23,64220.0
2023-05-24,63850.0
2023-05-25,63460.0
2023-05-26,64630.0
2023-05-29,65210.0
2023-05-30,64800.0
2023-05-31,64920.0
2023-06-01,65720.0
2023-06-02,66250.0
2023-06-05,65770.0
2023-06-06,66450.0
2023-06-07,66540.0
2023-06-08,66660.0
2023-06-09,67080.0
2023-06-12,66830.0
2023-06-13,67340.0
2023-06-14,67730.0
2023-06-15,67850.0
2023-06-16,68630.0
2023-06-19,68450.0
2023-06-20,68570.0
2023-06-21,68930.0
2023-06-26,68490.0
2023-06-27,68460.0
2023-06-28,67680.0
2023-06-29,67230.0
2023-06-30,67300.0
2023-07-03,68260.0
2023-07-04,68110.0
2023-07-05,67760.0
2023-07-06,67800.0
2023-07-07,67610.0
2023-07-10,67750.0
2023-07-11,68130.0
2023-07-12,67750.0
2023-07-13,68610.0
2023-07-14,69290.0
2023-07-17,68740.0
2023-07-18,68510.0
2023-07-19,68760.0
2023-07-20,68500.0
2023-07-21,68720.0
2023-07-24,68290.0
2023-07-25,69040.0
2023-07-26,69120.0
2023-07-27,69000.0
2023-07-28,69100.0
2023-07-31,69530.0
2023-08-01,70600.0
2023-08-02,69420.0
2023-08-03,68860.0
