指标名称,深证成份指数
2010-01-04,13533.537
2010-01-05,13517.375
2010-01-06,13505.184
2010-01-07,13235.48
2010-01-08,13267.436
2010-01-11,13161.09
2010-01-12,13381.25
2010-01-13,13016.557
2010-01-14,13204.189
2010-01-15,13264.372
2010-01-18,13361.518
2010-01-19,13350.671
2010-01-20,12916.154
2010-01-21,12917.154
2010-01-22,12595.935
2010-01-25,12470.188
2010-01-26,12162.556
2010-01-27,12046.779
2010-01-28,12120.476
2010-01-29,12137.204
2010-02-01,11989.107
2010-02-02,11912.927
2010-02-03,12262.567
2010-02-04,12169.479
2010-02-05,11917.136
2010-02-08,11947.336
2010-02-09,11970.438
2010-02-10,12185.378
2010-02-11,12224.6
2010-02-12,12304.784
2010-02-22,12213.544
2010-02-23,12069.209
2010-02-24,12282.093
2010-02-25,12494.269
2010-02-26,12436.655
2010-03-01,12588.26
2010-03-02,12548.91
2010-03-03,12612.693
2010-03-04,12312.889
2010-03-05,12341.739
2010-03-08,12437.567
2010-03-09,12507.657
2010-03-10,12391.645
2010-03-11,12367.687
2010-03-12,12169.11
2010-03-15,11903.333
2010-03-16,11948.76
2010-03-17,12233.774
2010-03-18,12236.725
2010-03-19,12352.919
2010-03-22,12352.446
2010-03-23,12304.981
2010-03-24,12290.043
2010-03-25,12086.899
2010-03-26,12240.356
2010-03-29,12552.449
2010-03-30,12593.035
2010-03-31,12494.35
2010-04-01,12686.063
2010-04-02,12767.856
2010-04-06,12702.835
2010-04-07,12631.971
2010-04-08,12427.002
2010-04-09,12555.123
2010-04-12,12399.2
2010-04-13,12511.891
2010-04-14,12557.695
2010-04-15,12513.291
2010-04-16,12416.86
2010-04-19,11644.577
2010-04-20,11538.976
2010-04-21,11766.815
2010-04-22,11703.962
2010-04-23,11702.87
2010-04-26,11602.634
2010-04-27,11355.367
2010-04-28,11333.847
2010-04-29,11196.349
2010-04-30,11162.537
2010-05-04,10960.771
2010-05-05,11003.731
2010-05-06,10422.564
2010-05-07,10146.425
2010-05-10,10264.045
2010-05-11,10091.204
2010-05-12,10146.632
2010-05-13,10417.805
2010-05-14,10330.141
2010-05-17,9731.718
2010-05-18,10003.807
2010-05-19,9991.401
2010-05-20,9945.551
2010-05-21,10209.069
2010-05-24,10620.125
2010-05-25,10365.225
2010-05-26,10361.697
2010-05-27,10543.333
2010-05-28,10495.652
2010-05-31,10204.174
2010-06-01,10098.454
2010-06-02,10188.141
2010-06-03,10118.039
2010-06-04,10187.203
2010-06-07,9992.674
2010-06-08,10038.784
2010-06-09,10346.27
2010-06-10,10222.218
2010-06-11,10239.333
2010-06-17,10162.365
2010-06-18,9966.538
2010-06-21,10309.605
2010-06-22,10345.547
2010-06-23,10256.266
2010-06-24,10250.901
2010-06-25,10104.831
2010-06-28,10012.055
2010-06-29,9508.905
2010-06-30,9386.937
2010-07-01,9203.909
2010-07-02,9227.888
2010-07-05,9171.029
2010-07-06,9363.016
2010-07-07,9485.43
2010-07-08,9465.799
2010-07-09,9816.855
2010-07-12,9959.218
2010-07-13,9801.76
2010-07-14,9803.72
2010-07-15,9718.725
2010-07-16,9806.639
2010-07-19,10097.104
2010-07-20,10339.429
2010-07-21,10324.126
2010-07-22,10471.774
2010-07-23,10527.945
2010-07-26,10591.125
2010-07-27,10566.207
2010-07-28,10825.167
2010-07-29,10838.91
2010-07-30,10785.346
2010-08-02,11004.744
2010-08-03,10830.699
2010-08-04,10870.382
2010-08-05,10768.078
2010-08-06,10942.933
2010-08-09,11017.413
2010-08-10,10715.394
2010-08-11,10806.625
2010-08-12,10680.018
2010-08-13,10886.568
2010-08-16,11164.789
2010-08-17,11281.966
2010-08-18,11282.333
2010-08-19,11321.167
2010-08-20,11090.459
2010-08-23,11078.855
2010-08-24,11214.237
2010-08-25,10963.985
2010-08-26,11009.49
2010-08-27,11034.734
2010-08-30,11303.328
2010-08-31,11338.714
2010-09-01,11318.739
2010-09-02,11465.153
2010-09-03,11467.09
2010-09-06,11656.081
2010-09-07,11682.698
2010-09-08,11722.782
2010-09-09,11465.346
2010-09-10,11530.987
2010-09-13,11690.349
2010-09-14,11665.41
2010-09-15,11412.101
2010-09-16,11164.021
2010-09-17,11208.252
2010-09-20,11150.329
2010-09-21,11210.741
2010-09-27,11409.813
2010-09-28,11274.485
2010-09-29,11223.862
2010-09-30,11468.543
2010-10-08,11911.369
2010-10-11,12237.648
2010-10-12,12373.279
2010-10-13,12602.995
2010-10-14,12507.71
2010-10-15,12765.501
2010-10-18,12649.27
2010-10-19,12970.198
2010-10-20,13130.012
2010-10-21,13111.52
2010-10-22,13224.978
2010-10-25,13734.197
2010-10-26,13729.963
2010-10-27,13452.171
2010-10-28,13445.025
2010-10-29,13367.236
2010-11-01,13743.771
2010-11-02,13646.458
2010-11-03,13392.7
2010-11-04,13595.732
2010-11-05,13733.357
2010-11-08,13807.297
2010-11-09,13714.288
2010-11-10,13705.681
2010-11-11,13684.939
2010-11-12,12726.54
2010-11-15,12808.094
2010-11-16,12217.272
2010-11-17,11917.494
2010-11-18,12146.145
2010-11-19,12295.849
2010-11-22,12303.545
2010-11-23,12062.409
2010-11-24,12407.655
2010-11-25,12604.084
2010-11-26,12539.014
2010-11-29,12536.551
2010-11-30,12336.288
2010-12-01,12310.384
2010-12-02,12409.019
2010-12-03,12443.0
2010-12-06,12422.785
2010-12-07,12656.997
2010-12-08,12615.412
2010-12-09,12353.266
2010-12-10,12460.464
2010-12-13,12905.024
2010-12-14,12926.615
2010-12-15,12829.364
2010-12-16,12795.678
2010-12-17,12759.6
2010-12-20,12557.547
2010-12-21,12872.446
2010-12-22,12766.952
2010-12-23,12644.575
2010-12-24,12556.845
2010-12-27,12303.188
2010-12-28,12063.802
2010-12-29,12114.564
2010-12-30,12138.895
2010-12-31,12458.552
2011-01-04,12714.514
2011-01-05,12647.629
2011-01-06,12599.656
2011-01-07,12573.937
2011-01-10,12331.158
2011-01-11,12385.172
2011-01-12,12409.978
2011-01-13,12423.343
2011-01-14,12294.165
2011-01-17,11734.624
2011-01-18,11771.588
2011-01-19,12066.547
2011-01-20,11566.74
2011-01-21,11639.959
2011-01-24,11488.917
2011-01-25,11446.372
2011-01-26,11599.671
2011-01-27,11795.33
2011-01-28,11894.227
2011-01-31,11994.684
2011-02-01,11991.512
2011-02-09,11807.927
2011-02-10,12170.512
2011-02-11,12292.491
2011-02-14,12737.804
2011-02-15,12711.575
2011-02-16,12884.87
2011-02-17,12788.335
2011-02-18,12613.112
2011-02-21,12872.466
2011-02-22,12473.331
2011-02-23,12492.705
2011-02-24,12578.426
2011-02-25,12633.879
2011-02-28,12902.435
2011-03-01,12948.718
2011-03-02,12880.266
2011-03-03,12698.16
2011-03-04,12893.842
2011-03-07,13140.882
2011-03-08,13144.182
2011-03-09,13158.215
2011-03-10,13004.855
2011-03-11,12848.019
2011-03-14,12958.292
2011-03-15,12705.322
2011-03-16,12865.754
2011-03-17,12650.673
2011-03-18,12721.991
2011-03-21,12643.731
2011-03-22,12667.263
2011-03-23,12845.529
2011-03-24,12771.455
2011-03-25,12942.071
2011-03-28,12875.517
2011-03-29,12677.608
2011-03-30,12661.216
2011-03-31,12562.901
2011-04-01,12699.417
2011-04-06,12740.87
2011-04-07,12890.655
2011-04-08,13036.232
2011-04-11,12925.046
2011-04-12,12902.223
2011-04-13,13102.083
2011-04-14,12991.925
2011-04-15,12965.746
2011-04-18,13001.331
2011-04-19,12799.241
2011-04-20,12753.846
2011-04-21,12798.751
2011-04-22,12708.42
2011-04-25,12508.009
2011-04-26,12448.484
2011-04-27,12358.882
2011-04-28,12149.247
2011-04-29,12312.991
2011-05-03,12423.462
2011-05-04,12070.405
2011-05-05,12085.993
2011-05-06,12067.609
2011-05-09,12125.013
2011-05-10,12216.94
2011-05-11,12202.62
2011-05-12,12072.208
2011-05-13,12156.605
2011-05-16,12051.241
2011-05-17,12128.495
2011-05-18,12230.689
2011-05-19,12158.112
2011-05-20,12161.026
2011-05-23,11742.186
2011-05-24,11749.924
2011-05-25,11615.416
2011-05-26,11530.7
2011-05-27,11492.712
2011-05-30,11478.206
2011-05-31,11665.141
2011-06-01,11699.827
2011-06-02,11506.521
2011-06-03,11642.401
2011-06-07,11741.259
2011-06-08,11761.103
2011-06-09,11513.203
2011-06-10,11593.379
2011-06-13,11521.984
2011-06-14,11732.036
2011-06-15,11615.969
2011-06-16,11435.987
2011-06-17,11409.157
2011-06-20,11328.67
2011-06-21,11509.982
2011-06-22,11543.654
2011-06-23,11775.317
2011-06-24,11996.08
2011-06-27,12026.293
2011-06-28,12047.09
2011-06-29,11913.201
2011-06-30,12110.931
2011-07-01,12178.083
2011-07-04,12441.168
2011-07-05,12440.37
2011-07-06,12425.68
2011-07-07,12392.927
2011-07-08,12404.341
2011-07-11,12438.564
2011-07-12,12268.188
2011-07-13,12479.154
2011-07-14,12440.829
2011-07-15,12506.936
2011-07-18,12490.55
2011-07-19,12381.463
2011-07-20,12393.988
2011-07-21,12301.405
2011-07-22,12352.502
2011-07-25,11966.244
2011-07-26,12008.533
2011-07-27,12116.861
2011-07-28,12085.922
2011-07-29,11990.428
2011-08-01,12002.416
2011-08-02,11932.042
2011-08-03,11922.369
2011-08-04,11934.414
2011-08-05,11701.763
2011-08-08,11312.626
2011-08-09,11315.081
2011-08-10,11449.582
2011-08-11,11627.494
2011-08-12,11651.29
2011-08-15,11767.742
2011-08-16,11665.412
2011-08-17,11598.283
2011-08-18,11414.159
2011-08-19,11301.532
2011-08-22,11112.638
2011-08-23,11243.419
2011-08-24,11238.952
2011-08-25,11598.929
2011-08-26,11568.169
2011-08-29,11372.381
2011-08-30,11344.452
2011-08-31,11397.481
2011-09-01,11352.864
2011-09-02,11228.295
2011-09-05,10954.899
2011-09-06,10778.434
2011-09-07,11011.18
2011-09-08,10933.314
2011-09-09,10892.393
2011-09-13,10775.299
2011-09-14,10822.403
2011-09-15,10848.02
2011-09-16,10878.228
2011-09-19,10657.625
2011-09-20,10679.299
2011-09-21,10991.849
2011-09-22,10660.465
2011-09-23,10538.397
2011-09-26,10328.473
2011-09-27,10448.661
2011-09-28,10369.932
2011-09-29,10287.902
2011-09-30,10292.334
2011-10-10,10170.746
2011-10-11,10065.472
2011-10-12,10425.931
2011-10-13,10481.84
2011-10-14,10438.261
2011-10-17,10513.489
2011-10-18,10226.927
2011-10-19,10105.74
2011-10-20,9796.234
2011-10-21,9697.212
2011-10-24,9957.622
2011-10-25,10203.4
2011-10-26,10315.748
2011-10-27,10323.288
2011-10-28,10561.993
2011-10-31,10480.912
2011-11-01,10441.702
2011-11-02,10581.751
2011-11-03,10624.117
2011-11-04,10699.488
2011-11-07,10591.66
2011-11-08,10541.102
2011-11-09,10625.881
2011-11-10,10477.553
2011-11-11,10418.934
2011-11-14,10645.684
2011-11-15,10582.998
2011-11-16,10313.332
2011-11-17,10303.16
2011-11-18,10025.168
2011-11-21,10033.793
2011-11-22,10028.204
2011-11-23,9957.318
2011-11-24,9966.743
2011-11-25,9886.245
2011-11-28,9884.696
2011-11-29,10012.937
2011-11-30,9693.385
2011-12-01,9917.863
2011-12-02,9808.231
2011-12-05,9586.084
2011-12-06,9586.944
2011-12-07,9606.247
2011-12-08,9580.517
2011-12-09,9480.266
2011-12-12,9376.279
2011-12-13,9190.875
2011-12-14,9093.025
2011-12-15,8871.088
2011-12-16,9081.94
2011-12-19,9054.08
2011-12-20,9031.669
2011-12-21,8884.253
2011-12-22,8909.348
2011-12-23,8976.521
2011-12-26,8876.194
2011-12-27,8711.552
2011-12-28,8739.728
2011-12-29,8781.319
2011-12-30,8918.816
2012-01-04,8695.987
2012-01-05,8600.259
2012-01-06,8634.418
2012-01-09,8946.085
2012-01-10,9281.245
2012-01-11,9239.213
2012-01-12,9200.926
2012-01-13,9030.588
2012-01-16,8827.474
2012-01-17,9264.09
2012-01-18,9115.269
2012-01-19,9300.217
2012-01-20,9466.144
2012-01-30,9274.852
2012-01-31,9303.649
2012-02-01,9193.388
2012-02-02,9382.127
2012-02-03,9436.992
2012-02-06,9448.642
2012-02-07,9266.714
2012-02-08,9557.575
2012-02-09,9560.727
2012-02-10,9590.954
2012-02-13,9585.076
2012-02-14,9543.775
2012-02-15,9673.439
2012-02-16,9622.83
2012-02-17,9615.339
2012-02-20,9616.649
2012-02-21,9695.87
2012-02-22,9862.535
2012-02-23,9918.942
2012-02-24,10124.154
2012-02-27,10177.332
2012-02-28,10161.86
2012-02-29,10054.845
2012-03-01,10060.957
2012-03-02,10299.935
2012-03-05,10226.438
2012-03-06,10093.814
2012-03-07,10054.865
2012-03-08,10171.128
2012-03-09,10334.384
2012-03-12,10300.503
2012-03-13,10427.243
2012-03-14,10094.891
2012-03-15,10086.556
2012-03-16,10279.302
2012-03-19,10296.165
2012-03-20,10116.391
2012-03-21,10090.436
2012-03-22,10038.954
2012-03-23,9885.25
2012-03-26,9946.136
2012-03-27,9841.383
2012-03-28,9531.149
2012-03-29,9418.225
2012-03-30,9410.262
2012-04-05,9709.026
2012-04-06,9786.186
2012-04-09,9710.909
2012-04-10,9795.968
2012-04-11,9802.321
2012-04-12,10007.652
2012-04-13,10043.715
2012-04-16,10000.309
2012-04-17,9839.915
2012-04-18,10069.533
2012-04-19,10015.406
2012-04-20,10131.035
2012-04-23,10076.051
2012-04-24,10041.887
2012-04-25,10162.006
2012-04-26,10201.654
2012-04-27,10180.393
2012-05-02,10424.942
2012-05-03,10468.375
2012-05-04,10573.597
2012-05-07,10612.893
2012-05-08,10524.68
2012-05-09,10294.577
2012-05-10,10277.617
2012-05-11,10211.406
2012-05-14,10093.377
2012-05-15,10131.81
2012-05-16,9916.466
2012-05-17,10079.478
2012-05-18,9903.094
2012-05-21,9977.563
2012-05-22,10180.268
2012-05-23,10143.201
2012-05-24,9984.58
2012-05-25,9884.959
2012-05-28,10104.101
2012-05-29,10214.736
2012-05-30,10162.34
2012-05-31,10141.41
2012-06-01,10145.804
2012-06-04,9874.518
2012-06-05,9847.119
2012-06-06,9812.976
2012-06-07,9755.641
2012-06-08,9707.183
2012-06-11,9849.77
2012-06-12,9790.197
2012-06-13,9950.046
2012-06-14,9885.293
2012-06-15,9885.645
2012-06-18,9979.057
2012-06-19,9848.159
2012-06-20,9821.788
2012-06-21,9682.686
2012-06-25,9414.214
2012-06-26,9446.59
2012-06-27,9416.499
2012-06-28,9383.267
2012-06-29,9500.317
2012-07-02,9566.45
2012-07-03,9607.326
2012-07-04,9569.159
2012-07-05,9412.644
2012-07-06,9690.16
2012-07-09,9496.678
2012-07-10,9476.722
2012-07-11,9588.293
2012-07-12,9753.487
2012-07-13,9792.488
2012-07-16,9540.886
2012-07-17,9560.029
2012-07-18,9514.165
2012-07-19,9509.488
2012-07-20,9333.213
2012-07-23,9186.024
2012-07-24,9262.773
2012-07-25,9155.343
2012-07-26,9081.898
2012-07-27,9087.13
2012-07-30,9071.06
2012-07-31,9059.224
2012-08-01,9165.974
2012-08-02,8995.623
2012-08-03,9076.622
2012-08-06,9212.205
2012-08-07,9229.266
2012-08-08,9210.669
2012-08-09,9337.543
2012-08-10,9238.203
2012-08-13,9039.22
2012-08-14,9089.615
2012-08-15,9048.607
2012-08-16,8973.384
2012-08-17,8883.605
2012-08-20,8838.629
2012-08-21,8849.491
2012-08-22,8726.024
2012-08-23,8730.551
2012-08-24,8579.279
2012-08-27,8402.146
2012-08-28,8400.357
2012-08-29,8270.907
2012-08-30,8220.077
2012-08-31,8210.994
2012-09-03,8361.671
2012-09-04,8243.832
2012-09-05,8242.588
2012-09-06,8288.265
2012-09-07,8709.066
2012-09-10,8769.537
2012-09-11,8739.47
2012-09-12,8786.728
2012-09-13,8691.002
2012-09-14,8740.051
2012-09-17,8483.692
2012-09-18,8390.15
2012-09-19,8431.743
2012-09-20,8202.204
2012-09-21,8201.528
2012-09-24,8310.937
2012-09-25,8284.247
2012-09-26,8193.373
2012-09-27,8486.274
2012-09-28,8679.219
2012-10-08,8540.075
2012-10-09,8743.864
2012-10-10,8773.68
2012-10-11,8665.089
2012-10-12,8650.191
2012-10-15,8621.965
2012-10-16,8645.54
2012-10-17,8641.181
2012-10-18,8798.198
2012-10-19,8796.418
2012-10-22,8829.443
2012-10-23,8686.475
2012-10-24,8653.907
2012-10-25,8602.805
2012-10-26,8414.85
2012-10-29,8376.555
2012-10-30,8394.236
2012-10-31,8469.796
2012-11-01,8663.147
2012-11-02,8679.685
2012-11-05,8654.74
2012-11-06,8589.865
2012-11-07,8561.198
2012-11-08,8399.38
2012-11-09,8356.671
2012-11-12,8391.903
2012-11-13,8234.6
2012-11-14,8283.564
2012-11-15,8186.064
2012-11-16,8118.147
2012-11-19,8060.544
2012-11-20,8052.788
2012-11-21,8150.84
2012-11-22,8047.519
2012-11-23,8114.742
2012-11-26,8016.072
2012-11-27,7936.741
2012-11-28,7854.063
2012-11-29,7808.961
2012-11-30,7903.251
2012-12-03,7710.875
2012-12-04,7801.746
2012-12-05,8091.678
2012-12-06,8071.491
2012-12-07,8189.68
2012-12-10,8265.793
2012-12-11,8220.543
2012-12-12,8246.064
2012-12-13,8171.349
2012-12-14,8530.898
2012-12-17,8600.334
2012-12-18,8592.634
2012-12-19,8639.564
2012-12-20,8693.226
2012-12-21,8658.348
2012-12-24,8631.371
2012-12-25,8891.571
2012-12-26,8940.68
2012-12-27,8939.85
2012-12-28,9026.99
2012-12-31,9116.484
2013-01-04,9096.065
2013-01-07,9108.465
2013-01-08,9110.451
2013-01-09,9154.874
2013-01-10,9170.055
2013-01-11,9017.733
2013-01-14,9316.273
2013-01-15,9381.693
2013-01-16,9355.477
2013-01-17,9309.23
2013-01-18,9432.295
2013-01-21,9562.846
2013-01-22,9536.356
2013-01-23,9548.311
2013-01-24,9444.082
2013-01-25,9357.13
2013-01-28,9618.919
2013-01-29,9704.656
2013-01-30,9783.841
2013-01-31,9667.672
2013-02-01,9820.294
2013-02-04,9760.831
2013-02-05,9945.976
2013-02-06,9922.718
2013-02-07,9904.775
2013-02-08,9989.093
2013-02-18,9795.908
2013-02-19,9550.931
2013-02-20,9645.871
2013-02-21,9396.108
2013-02-22,9364.54
2013-02-25,9342.37
2013-02-26,9208.032
2013-02-27,9333.237
2013-02-28,9641.436
2013-03-01,9650.144
2013-03-04,9139.751
2013-03-05,9341.353
2013-03-06,9431.165
2013-03-07,9393.692
2013-03-08,9285.833
2013-03-11,9277.158
2013-03-12,9163.643
2013-03-13,9073.221
2013-03-14,9087.253
2013-03-15,9099.287
2013-03-18,8999.018
2013-03-19,9034.038
2013-03-20,9317.97
2013-03-21,9326.294
2013-03-22,9343.412
2013-03-25,9313.128
2013-03-26,9226.636
2013-03-27,9225.126
2013-03-28,8959.262
2013-03-29,8889.769
2013-04-01,8937.755
2013-04-02,8960.457
2013-04-03,8964.467
2013-04-08,8953.836
2013-04-09,8993.114
2013-04-10,8962.299
2013-04-11,8920.713
2013-04-12,8835.147
2013-04-15,8733.441
2013-04-16,8852.421
2013-04-17,8894.368
2013-04-18,8888.016
2013-04-19,9111.186
2013-04-22,9057.617
2013-04-23,8793.134
2013-04-24,8911.65
2013-04-25,8772.576
2013-04-26,8691.386
2013-05-02,8718.197
2013-05-03,8847.675
2013-05-06,8997.076
2013-05-07,9022.902
2013-05-08,9074.838
2013-05-09,9050.08
2013-05-10,9071.161
2013-05-13,9014.282
2013-05-14,8809.085
2013-05-15,8869.854
2013-05-16,9061.328
2013-05-17,9246.276
2013-05-20,9307.151
2013-05-21,9403.535
2013-05-22,9405.061
2013-05-23,9265.676
2013-05-24,9304.86
2013-05-27,9260.632
2013-05-28,9441.688
2013-05-29,9404.401
2013-05-30,9379.193
2013-05-31,9257.949
2013-06-03,9251.242
2013-06-04,9124.269
2013-06-05,9143.442
2013-06-06,9001.089
2013-06-07,8763.607
2013-06-13,8432.425
2013-06-14,8479.458
2013-06-17,8404.5
2013-06-18,8470.865
2013-06-19,8421.242
2013-06-20,8147.483
2013-06-21,8136.046
2013-06-24,7588.522
2013-06-25,7495.096
2013-06-26,7566.396
2013-06-27,7544.329
2013-06-28,7694.466
2013-07-01,7718.477
2013-07-02,7768.836
2013-07-03,7703.736
2013-07-04,7804.114
2013-07-05,7856.591
2013-07-08,7637.627
2013-07-09,7600.472
2013-07-10,7851.249
2013-07-11,8184.767
2013-07-12,8012.841
2013-07-15,8137.77
2013-07-16,8186.684
2013-07-17,8063.802
2013-07-18,7904.268
2013-07-19,7663.986
2013-07-22,7684.226
2013-07-23,7963.703
2013-07-24,7935.848
2013-07-25,7894.603
2013-07-26,7843.362
2013-07-29,7668.535
2013-07-30,7730.171
2013-07-31,7765.396
2013-08-01,7931.786
2013-08-02,7961.469
2013-08-05,8060.387
2013-08-06,8143.131
2013-08-07,8096.091
2013-08-08,8114.866
2013-08-09,8145.967
2013-08-12,8356.733
2013-08-13,8362.652
2013-08-14,8336.807
2013-08-15,8228.872
2013-08-16,8168.088
2013-08-19,8285.723
2013-08-20,8234.562
2013-08-21,8236.09
2013-08-22,8245.04
2013-08-23,8166.277
2013-08-26,8334.571
2013-08-27,8341.772
2013-08-28,8259.381
2013-08-29,8214.491
2013-08-30,8202.481
2013-09-02,8243.577
2013-09-03,8368.038
2013-09-04,8344.958
2013-09-05,8286.064
2013-09-06,8280.333
2013-09-09,8504.735
2013-09-10,8636.626
2013-09-11,8675.625
2013-09-12,8714.883
2013-09-13,8687.538
2013-09-16,8658.999
2013-09-17,8493.779
2013-09-18,8480.744
2013-09-23,8719.288
2013-09-24,8664.801
2013-09-25,8613.71
2013-09-26,8439.467
2013-09-27,8472.293
2013-09-30,8514.569
2013-10-08,8681.533
2013-10-09,8667.773
2013-10-10,8685.793
2013-10-11,8737.972
2013-10-14,8760.1
2013-10-15,8700.345
2013-10-16,8542.866
2013-10-17,8521.199
2013-10-18,8584.866
2013-10-21,8739.52
2013-10-22,8619.636
2013-10-23,8512.958
2013-10-24,8486.524
2013-10-25,8379.613
2013-10-28,8336.682
2013-10-29,8398.922
2013-10-30,8553.366
2013-10-31,8444.405
2013-11-01,8451.72
2013-11-04,8416.932
2013-11-05,8451.728
2013-11-06,8287.86
2013-11-07,8240.252
2013-11-08,8155.397
2013-11-11,8168.674
2013-11-12,8279.308
2013-11-13,8110.995
2013-11-14,8156.535
2013-11-15,8305.906
2013-11-18,8523.754
2013-11-19,8461.21
2013-11-20,8510.682
2013-11-21,8472.023
2013-11-22,8413.344
2013-11-25,8379.55
2013-11-26,8365.349
2013-11-27,8447.457
2013-11-28,8548.367
2013-11-29,8542.608
2013-12-02,8376.644
2013-12-03,8492.523
2013-12-04,8600.818
2013-12-05,8560.79
2013-12-06,8526.681
2013-12-09,8519.675
2013-12-10,8554.172
2013-12-11,8409.798
2013-12-12,8400.646
2013-12-13,8429.817
2013-12-16,8272.668
2013-12-17,8213.432
2013-12-18,8236.948
2013-12-19,8147.705
2013-12-20,7966.718
2013-12-23,7989.512
2013-12-24,8027.43
2013-12-25,8096.37
2013-12-26,7897.325
2013-12-27,8048.854
2013-12-30,7999.301
2013-12-31,8121.788
2014-01-02,8114.388
2014-01-03,8028.33
2014-01-06,7818.458
2014-01-07,7806.312
2014-01-08,7802.143
2014-01-09,7746.737
2014-01-10,7648.043
2014-01-13,7572.56
2014-01-14,7665.771
2014-01-15,7668.802
2014-01-16,7667.219
2014-01-17,7544.565
2014-01-20,7524.328
2014-01-21,7593.425
2014-01-22,7820.453
2014-01-23,7788.471
2014-01-24,7855.143
2014-01-27,7752.538
2014-01-28,7740.75
2014-01-29,7707.593
2014-01-30,7572.634
2014-02-07,7616.569
2014-02-10,7812.163
2014-02-11,7838.123
2014-02-12,7902.081
2014-02-13,7857.111
2014-02-14,7883.753
2014-02-17,7943.962
2014-02-18,7832.472
2014-02-19,7953.943
2014-02-20,7842.12
2014-02-21,7750.556
2014-02-24,7542.533
2014-02-25,7303.945
2014-02-26,7319.614
2014-02-27,7188.744
2014-02-28,7365.925
2014-03-03,7391.908
2014-03-04,7347.109
2014-03-05,7298.13
2014-03-06,7352.029
2014-03-07,7328.483
2014-03-10,7118.444
2014-03-11,7212.574
2014-03-12,7217.02
2014-03-13,7319.287
2014-03-14,7239.062
2014-03-17,7340.623
2014-03-18,7273.95
2014-03-19,7150.116
2014-03-20,6998.194
2014-03-21,7241.568
2014-03-24,7273.757
2014-03-25,7252.349
2014-03-26,7244.194
2014-03-27,7173.024
2014-03-28,7165.57
2014-03-31,7189.578
2014-04-01,7281.109
2014-04-02,7333.587
2014-04-03,7298.0023
2014-04-04,7367.801
2014-04-08,7508.657
2014-04-09,7511.253
2014-04-10,7563.202
2014-04-11,7586.825
2014-04-14,7583.282
2014-04-15,7449.705
2014-04-16,7468.464
2014-04-17,7451.038
2014-04-18,7455.738
2014-04-21,7353.602
2014-04-22,7391.217
2014-04-23,7434.725
2014-04-24,7419.444
2014-04-25,7323.654
2014-04-28,7240.462
2014-04-29,7339.864
2014-04-30,7312.862
2014-05-05,7309.555
2014-05-06,7311.886
2014-05-07,7234.694
2014-05-08,7169.976
2014-05-09,7162.437
2014-05-12,7318.139
2014-05-13,7310.314
2014-05-14,7325.522
2014-05-15,7213.77
2014-05-16,7242.167
2014-05-19,7151.487
2014-05-20,7151.18
2014-05-21,7204.646
2014-05-22,7183.675
2014-05-23,7240.921
2014-05-26,7275.106
2014-05-27,7260.123
2014-05-28,7380.694
2014-05-29,7341.564
2014-05-30,7364.829
2014-06-03,7321.52
2014-06-04,7223.128
2014-06-05,7303.635
2014-06-06,7235.39
2014-06-09,7227.242
2014-06-10,7341.663
2014-06-11,7340.686
2014-06-12,7299.812
2014-06-13,7401.353
2014-06-16,7416.989
2014-06-17,7331.374
2014-06-18,7297.397
2014-06-19,7180.321
2014-06-20,7195.688
2014-06-23,7192.873
2014-06-24,7240.845
2014-06-25,7217.653
2014-06-26,7291.882
2014-06-27,7312.624
2014-06-30,7343.275
2014-07-01,7297.495
2014-07-02,7310.377
2014-07-03,7335.536
2014-07-04,7333.91
2014-07-07,7321.515
2014-07-08,7358.33
2014-07-09,7192.706
2014-07-10,7159.628
2014-07-11,7206.973
2014-07-14,7278.858
2014-07-15,7304.409
2014-07-16,7261.913
2014-07-17,7194.744
2014-07-18,7259.448
2014-07-21,7274.505
2014-07-22,7372.654
2014-07-23,7375.306
2014-07-24,7503.401
2014-07-25,7578.118
2014-07-28,7808.66
2014-07-29,7867.042
2014-07-30,7853.226
2014-07-31,7956.907
2014-08-01,7880.975
2014-08-04,8006.909
2014-08-05,8007.762
2014-08-06,7995.499
2014-08-07,7872.953
2014-08-08,7885.327
2014-08-11,8009.735
2014-08-12,7966.887
2014-08-13,7980.49
2014-08-14,7893.898
2014-08-15,7982.074
2014-08-18,8045.861
2014-08-19,8043.254
2014-08-20,8023.072
2014-08-21,8010.71
2014-08-22,8059.4
2014-08-25,7934.806
2014-08-26,7813.977
2014-08-27,7841.074
2014-08-28,7743.537
2014-08-29,7841.701
2014-09-01,7941.163
2014-09-02,8043.312
2014-09-03,8115.867
2014-09-04,8176.566
2014-09-05,8214.526
2014-09-09,8201.508
2014-09-10,8158.595
2014-09-11,8117.922
2014-09-12,8146.994
2014-09-15,8112.648
2014-09-16,7921.073
2014-09-17,7981.822
2014-09-18,8004.571
2014-09-19,8047.253
2014-09-22,7895.869
2014-09-23,7965.885
2014-09-24,8100.224
2014-09-25,8076.512
2014-09-26,8072.883
2014-09-29,8082.845
2014-09-30,8080.346
2014-10-08,8183.652
2014-10-09,8204.009
2014-10-10,8211.542
2014-10-13,8164.067
2014-10-14,8139.961
2014-10-15,8198.124
2014-10-16,8110.687
2014-10-17,8151.523
2014-10-20,8204.202
2014-10-21,8106.92
2014-10-22,8063.202
2014-10-23,7969.164
2014-10-24,7921.131
2014-10-27,7829.332
2014-10-28,7988.341
2014-10-29,8090.681
2014-10-30,8090.553
2014-10-31,8225.612
2014-11-03,8240.149
2014-11-04,8206.791
2014-11-05,8198.571
2014-11-06,8211.959
2014-11-07,8234.866
2014-11-10,8410.216
2014-11-11,8312.885
2014-11-12,8410.29
2014-11-13,8305.084
2014-11-14,8326.897
2014-11-17,8283.804
2014-11-18,8196.594
2014-11-19,8225.073
2014-11-20,8205.377
2014-11-21,8332.298
2014-11-24,8577.906
2014-11-25,8693.432
2014-11-26,8763.784
2014-11-27,8860.433
2014-11-28,9002.227
2014-12-01,9095.757
2014-12-02,9366.949
2014-12-03,9643.924
2014-12-04,10029.831
2014-12-05,10067.279
2014-12-08,10554.566
2014-12-09,10116.49
2014-12-10,10545.515
2014-12-11,10478.881
2014-12-12,10462.312
2014-12-15,10504.229
2014-12-16,10668.617
2014-12-17,10786.722
2014-12-18,10665.179
2014-12-19,10627.109
2014-12-22,10608.515
2014-12-23,10570.786
2014-12-24,10292.522
2014-12-25,10493.779
2014-12-26,10802.636
2014-12-29,10780.396
2014-12-30,10722.262
2014-12-31,11014.624
2015-01-05,11520.59
2015-01-06,11667.967
2015-01-07,11613.356
2015-01-08,11465.138
2015-01-09,11324.762
2015-01-12,11285.18
2015-01-13,11355.809
2015-01-14,11237.782
2015-01-15,11483.684
2015-01-16,11532.802
2015-01-19,10770.929
2015-01-20,10996.482
2015-01-21,11372.18
2015-01-22,11471.209
2015-01-23,11436.287
2015-01-26,11686.967
2015-01-27,11551.873
2015-01-28,11354.201
2015-01-29,11249.037
2015-01-30,11150.694
2015-02-02,10963.136
2015-02-03,11209.19
2015-02-04,11116.55
2015-02-05,11065.578
2015-02-06,10791.103
2015-02-09,10868.141
2015-02-10,11136.62
2015-02-11,11265.626
2015-02-12,11302.731
2015-02-13,11443.052
2015-02-16,11595.253
2015-02-17,11718.562
2015-02-25,11539.7
2015-02-26,11750.78
2015-02-27,11757.684
2015-03-02,11884.017
2015-03-03,11526.223
2015-03-04,11655.075
2015-03-05,11566.388
2015-03-06,11392.397
2015-03-09,11533.231
2015-03-10,11556.653
2015-03-11,11525.088
2015-03-12,11635.589
2015-03-13,11713.611
2015-03-16,12017.773
2015-03-17,12169.516
2015-03-18,12496.239
2015-03-19,12429.111
2015-03-20,12544.454
2015-03-23,12780.317
2015-03-24,12801.202
2015-03-25,12757.095
2015-03-26,12712.979
2015-03-27,12874.424
2015-03-30,13193.316
2015-03-31,13160.664
2015-04-01,13394.725
2015-04-02,13426.1
2015-04-03,13494.641
2015-04-07,13768.728
2015-04-08,13841.717
2015-04-09,13796.733
2015-04-10,14013.335
2015-04-13,14149.505
2015-04-14,14042.464
2015-04-15,13646.607
2015-04-16,13967.802
2015-04-17,14149.342
2015-04-20,13871.599
2015-04-21,14438.995
2015-04-22,14749.133
2015-04-23,14743.217
2015-04-24,14598.695
2015-04-27,14809.424
2015-04-28,14707.245
2015-04-29,14871.952
2015-04-30,14818.64
2015-05-04,14860.53
2015-05-05,14233.098
2015-05-06,14136.166
2015-05-07,14114.728
2015-05-08,14481.249
2015-05-11,14944.883
2015-05-12,15066.289
2015-05-13,15173.092
2015-05-14,15024.468
2015-05-15,14694.947
2015-05-18,14672.632
2015-05-19,15127.376
2015-05-20,15337.083
2015-05-21,15872.534
2015-05-22,16045.797
2015-05-25,16351.056
2015-05-26,16903.471
2015-05-27,16963.522
2015-05-28,15912.947
2015-05-29,16100.448
2015-06-01,16917.525
2015-06-02,17485.578
2015-06-03,17538.503
2015-06-04,17501.052
2015-06-05,17649.086
2015-06-08,17452.308
2015-06-09,17398.996
2015-06-10,17677.572
2015-06-11,17889.689
2015-06-12,18098.274
2015-06-15,17702.551
2015-06-16,17075.931
2015-06-17,17405.571
2015-06-18,16734.839
2015-06-19,15725.47
2015-06-23,16045.989
2015-06-24,16312.311
2015-06-25,15692.444
2015-06-26,14398.785
2015-06-29,13566.271
2015-06-30,14337.965
2015-07-01,13650.816
2015-07-02,12924.19
2015-07-03,12246.062
2015-07-06,12075.769
2015-07-07,11375.604
2015-07-08,11040.889
2015-07-09,11510.34
2015-07-10,12038.145
2015-07-13,12614.155
2015-07-14,12728.513
2015-07-15,12132.419
2015-07-16,12357.606
2015-07-17,13004.957
2015-07-20,13202.395
2015-07-21,13315.556
2015-07-22,13416.536
2015-07-23,13754.528
2015-07-24,13518.515
2015-07-27,12493.046
2015-07-28,12316.776
2015-07-29,12823.073
2015-07-30,12395.922
2015-07-31,12374.254
2015-08-03,12161.576
2015-08-04,12711.562
2015-08-05,12524.686
2015-08-06,12421.849
2015-08-07,12753.049
2015-08-10,13302.962
2015-08-11,13323.085
2015-08-12,13117.101
2015-08-13,13395.176
2015-08-14,13445.874
2015-08-17,13573.902
2015-08-18,12683.855
2015-08-19,12960.659
2015-08-20,12584.577
2015-08-21,11902.046
2015-08-24,10970.29
2015-08-25,10197.937
2015-08-26,9899.719
2015-08-27,10254.349
2015-08-28,10799.996
2015-08-31,10549.163
2015-09-01,10162.516
2015-09-02,10054.801
2015-09-07,9991.764
2015-09-08,10320.226
2015-09-09,10620.133
2015-09-10,10424.654
2015-09-11,10463.692
2015-09-14,9778.234
2015-09-15,9290.807
2015-09-16,9890.429
2015-09-17,9739.89
2015-09-18,9850.772
2015-09-21,10176.727
2015-09-22,10238.686
2015-09-23,10132.295
2015-09-24,10238.038
2015-09-25,9904.764
2015-09-28,10115.547
2015-09-29,9949.918
2015-09-30,9988.25
2015-10-08,10394.734
2015-10-09,10540.194
2015-10-12,10961.363
2015-10-13,11042.13
2015-10-14,10901.479
2015-10-15,11229.38
2015-10-16,11374.834
2015-10-19,11391.013
2015-10-20,11597.08
2015-10-21,10915.986
2015-10-22,11305.103
2015-10-23,11603.456
2015-10-26,11687.772
2015-10-27,11758.413
2015-10-28,11494.347
2015-10-29,11566.662
2015-10-30,11546.051
2015-11-02,11304.882
2015-11-03,11288.144
2015-11-04,11884.9
2015-11-05,11939.81
2015-11-06,12273.351
2015-11-09,12453.241
2015-11-10,12500.528
2015-11-11,12677.537
2015-11-12,12635.393
2015-11-13,12402.036
2015-11-16,12620.38
2015-11-17,12511.545
2015-11-18,12283.758
2015-11-19,12609.844
2015-11-20,12702.034
2015-11-23,12586.691
2015-11-24,12694.856
2015-11-25,12893.228
2015-11-26,12767.502
2015-11-27,11961.703
2015-11-30,12037.857
2015-12-01,12081.17
2015-12-02,12186.271
2015-12-03,12447.381
2015-12-04,12329.176
2015-12-07,12443.047
2015-12-08,12164.966
2015-12-09,12179.831
2015-12-10,12181.03
2015-12-11,12134.02
2015-12-14,12400.594
2015-12-15,12495.249
2015-12-16,12511.028
2015-12-17,12825.48
2015-12-18,12830.247
2015-12-21,13028.31
2015-12-22,13139.125
2015-12-23,13007.868
2015-12-24,12932.372
2015-12-25,12980.566
2015-12-28,12686.34
2015-12-29,12806.156
2015-12-30,12889.834
2015-12-31,12664.89
2016-01-04,11626.038
2016-01-05,11468.06
2016-01-06,11724.88
2016-01-07,10760.273
2016-01-08,10888.908
2016-01-11,10212.459
2016-01-12,10293.704
2016-01-13,9978.821
2016-01-14,10344.942
2016-01-15,9997.925
2016-01-18,10155.962
2016-01-19,10501.786
2016-01-20,10366.849
2016-01-21,9975.974
2016-01-22,10111.567
2016-01-25,10192.531
2016-01-26,9483.547
2016-01-27,9422.43
2016-01-28,9082.588
2016-01-29,9418.204
2016-02-01,9322.006
2016-02-02,9610.93
2016-02-03,9638.874
2016-02-04,9793.069
2016-02-05,9673.478
2016-02-15,9668.845
2016-02-16,10045.367
2016-02-17,10161.769
2016-02-18,10116.396
2016-02-19,10162.315
2016-02-22,10370.985
2016-02-23,10299.674
2016-02-24,10307.626
2016-02-25,9551.076
2016-02-26,9573.704
2016-02-29,9097.362
2016-03-01,9322.0
2016-03-02,9766.366
2016-03-03,9762.014
2016-03-04,9536.707
2016-03-07,9703.83
2016-03-08,9732.727
2016-03-09,9523.144
2016-03-10,9390.347
2016-03-11,9363.405
2016-03-14,9665.13
2016-03-15,9574.187
2016-03-16,9469.028
2016-03-17,9791.85
2016-03-18,10126.589
2016-03-21,10394.142
2016-03-22,10344.082
2016-03-23,10442.382
2016-03-24,10283.679
2016-03-25,10339.684
2016-03-28,10276.84
2016-03-29,10094.712
2016-03-30,10445.691
2016-03-31,10455.369
2016-04-01,10379.647
2016-04-05,10640.268
2016-04-06,10683.857
2016-04-07,10504.882
2016-04-08,10413.54
2016-04-11,10609.595
2016-04-12,10533.405
2016-04-13,10684.921
2016-04-14,10771.614
2016-04-15,10733.635
2016-04-18,10568.93
2016-04-19,10602.464
2016-04-20,10164.744
2016-04-21,10058.801
2016-04-22,10151.764
2016-04-25,10106.787
2016-04-26,10209.901
2016-04-27,10174.159
2016-04-28,10149.909
2016-04-29,10141.541
2016-05-03,10441.92
2016-05-04,10422.802
2016-05-05,10474.013
2016-05-06,10100.535
2016-05-09,9790.477
2016-05-10,9793.214
2016-05-11,9781.15
2016-05-12,9796.581
2016-05-13,9759.267
2016-05-16,9910.082
2016-05-17,9908.791
2016-05-18,9694.776
2016-05-19,9733.736
2016-05-20,9816.752
2016-05-23,9918.164
2016-05-24,9821.698
2016-05-25,9784.598
2016-05-26,9826.144
2016-05-27,9813.631
2016-05-30,9768.84
2016-05-31,10159.934
2016-06-01,10209.142
2016-06-02,10274.025
2016-06-03,10344.908
2016-06-06,10363.085
2016-06-07,10347.841
2016-06-08,10316.823
2016-06-13,9862.584
2016-06-14,9895.15
2016-06-15,10173.846
2016-06-16,10115.122
2016-06-17,10182.526
2016-06-20,10221.852
2016-06-21,10131.856
2016-06-22,10297.977
2016-06-23,10255.268
2016-06-24,10147.704
2016-06-27,10377.573
2016-06-28,10463.448
2016-06-29,10460.967
2016-06-30,10489.993
2016-07-01,10458.432
2016-07-04,10609.859
2016-07-05,10602.772
2016-07-06,10641.647
2016-07-07,10620.582
2016-07-08,10611.802
2016-07-11,10594.819
2016-07-12,10757.845
2016-07-13,10853.555
2016-07-14,10854.135
2016-07-15,10823.214
2016-07-18,10761.999
2016-07-19,10778.248
2016-07-20,10759.86
2016-07-21,10787.212
2016-07-22,10709.067
2016-07-25,10718.355
2016-07-26,10852.206
2016-07-27,10405.85
2016-07-28,10396.305
2016-07-29,10329.435
2016-08-01,10185.477
2016-08-02,10250.545
2016-08-03,10281.247
2016-08-04,10366.498
2016-08-05,10342.279
2016-08-08,10468.884
2016-08-09,10564.775
2016-08-10,10511.159
2016-08-11,10390.956
2016-08-12,10528.104
2016-08-15,10822.105
2016-08-16,10882.951
2016-08-17,10890.688
2016-08-18,10879.196
2016-08-19,10872.707
2016-08-22,10731.4
2016-08-23,10750.293
2016-08-24,10760.439
2016-08-25,10679.147
2016-08-26,10693.75
2016-08-29,10724.399
2016-08-30,10729.115
2016-08-31,10757.875
2016-09-01,10669.508
2016-09-02,10640.422
2016-09-05,10695.452
2016-09-06,10861.498
2016-09-07,10838.715
2016-09-08,10851.194
2016-09-09,10762.793
2016-09-12,10461.576
2016-09-13,10514.583
2016-09-14,10454.244
2016-09-19,10557.248
2016-09-20,10544.525
2016-09-21,10583.402
2016-09-22,10662.214
2016-09-23,10609.695
2016-09-26,10392.695
2016-09-27,10476.969
2016-09-28,10467.16
2016-09-29,10512.248
2016-09-30,10567.577
2016-10-10,10741.689
2016-10-11,10782.308
2016-10-12,10788.592
2016-10-13,10787.488
2016-10-14,10759.681
2016-10-17,10651.497
2016-10-18,10797.022
2016-10-19,10757.918
2016-10-20,10784.328
2016-10-21,10748.897
2016-10-24,10842.642
2016-10-25,10871.505
2016-10-26,10817.51
2016-10-27,10788.97
2016-10-28,10711.036
2016-10-31,10704.304
2016-11-01,10796.137
2016-11-02,10692.653
2016-11-03,10743.963
2016-11-04,10702.57
2016-11-07,10695.178
2016-11-08,10763.126
2016-11-09,10697.114
2016-11-10,10821.663
2016-11-11,10878.139
2016-11-14,10907.526
2016-11-15,10958.104
2016-11-16,10968.084
2016-11-17,10945.416
2016-11-18,10889.106
2016-11-21,10899.917
2016-11-22,10985.603
2016-11-23,10973.8
2016-11-24,10967.466
2016-11-25,11036.529
2016-11-28,11068.867
2016-11-29,11034.702
2016-11-30,11012.193
2016-12-01,11088.157
2016-12-02,10912.627
2016-12-05,10784.332
2016-12-06,10779.765
2016-12-07,10855.718
2016-12-08,10812.297
2016-12-09,10789.624
2016-12-12,10302.853
2016-12-13,10332.276
2016-12-14,10232.819
2016-12-15,10256.108
2016-12-16,10334.757
2016-12-19,10283.1641
2016-12-20,10245.3321
2016-12-21,10313.5692
2016-12-22,10306.9235
2016-12-23,10199.8607
2016-12-26,10233.419
2016-12-27,10230.5708
2016-12-28,10187.1595
2016-12-29,10159.4472
2016-12-30,10177.1379
2017-01-03,10262.8465
2017-01-04,10384.8671
2017-01-05,10371.4707
2017-01-06,10289.3616
2017-01-09,10331.7924
2017-01-10,10306.3367
2017-01-11,10215.4763
2017-01-12,10131.2306
2017-01-13,10008.3007
2017-01-16,9712.7956
2017-01-17,9826.7882
2017-01-18,9804.7583
2017-01-19,9768.5742
2017-01-20,9906.1397
2017-01-23,9976.1911
2017-01-24,9941.5474
2017-01-25,9977.9628
2017-01-26,10052.0496
2017-02-03,10004.8444
2017-02-06,10078.7336
2017-02-07,10055.5657
2017-02-08,10130.1213
2017-02-09,10182.7281
2017-02-10,10186.3764
2017-02-13,10270.8252
2017-02-14,10264.9178
2017-02-15,10177.2524
2017-02-16,10253.9566
2017-02-17,10197.9179
2017-02-20,10328.9975
2017-02-21,10405.7459
2017-02-22,10444.3769
2017-02-23,10432.6392
2017-02-24,10443.7297
2017-02-27,10353.5545
2017-02-28,10391.3442
2017-03-01,10418.6218
2017-03-02,10367.3063
2017-03-03,10397.0474
2017-03-06,10522.2767
2017-03-07,10552.1443
2017-03-08,10498.3127
2017-03-09,10421.0578
2017-03-10,10451.0081
2017-03-13,10559.8834
2017-03-14,10531.7286
2017-03-15,10543.0096
2017-03-16,10624.421
2017-03-17,10515.4141
2017-03-20,10532.3313
2017-03-21,10586.6214
2017-03-22,10553.5265
2017-03-23,10583.0432
2017-03-24,10646.7236
2017-03-27,10581.9185
2017-03-28,10563.2852
2017-03-29,10520.8168
2017-03-30,10348.2707
2017-03-31,10428.7228
2017-04-05,10627.1335
2017-04-06,10656.1744
2017-04-07,10669.4803
2017-04-10,10603.2757
2017-04-11,10655.7913
2017-04-12,10587.3125
2017-04-13,10654.0851
2017-04-14,10519.8562
2017-04-17,10450.8625
2017-04-18,10411.4385
2017-04-19,10348.4068
2017-04-20,10359.0896
2017-04-21,10314.3535
2017-04-24,10091.8878
2017-04-25,10165.2152
2017-04-26,10204.8425
2017-04-27,10229.1944
2017-04-28,10234.6527
2017-05-02,10223.9695
2017-05-03,10184.1362
2017-05-04,10147.4401
2017-05-05,10024.4358
2017-05-08,9833.167
2017-05-09,9885.3443
2017-05-10,9756.8087
2017-05-11,9776.45
2017-05-12,9787.9863
2017-05-15,9845.6032
2017-05-16,10046.6623
2017-05-17,10030.1118
2017-05-18,9974.348
2017-05-19,9970.9623
2017-05-22,9899.6453
2017-05-23,9763.7828
2017-05-24,9812.4577
2017-05-25,9893.7782
2017-05-26,9859.2346
2017-05-31,9864.845
2017-06-01,9730.326
2017-06-02,9794.8886
2017-06-05,9842.6021
2017-06-06,9915.9233
2017-06-07,10109.8764
2017-06-08,10148.7215
2017-06-09,10177.4468
2017-06-12,10119.9868
2017-06-13,10224.8178
2017-06-14,10151.5342
2017-06-15,10221.6916
2017-06-16,10191.24
2017-06-19,10262.7997
2017-06-20,10288.5267
2017-06-21,10367.1732
2017-06-22,10265.1996
2017-06-23,10366.7767
2017-06-26,10537.5909
2017-06-27,10535.3642
2017-06-28,10451.5653
2017-06-29,10511.8602
2017-06-30,10529.6094
2017-07-03,10535.0458
2017-07-04,10474.8284
2017-07-05,10561.0892
2017-07-06,10562.0553
2017-07-07,10563.7169
2017-07-10,10505.6013
2017-07-11,10467.7112
2017-07-12,10453.1935
2017-07-13,10466.1027
2017-07-14,10427.7872
2017-07-17,10055.7956
2017-07-18,10103.7626
2017-07-19,10295.5748
2017-07-20,10366.9829
2017-07-21,10364.8202
2017-07-24,10404.2225
2017-07-25,10353.2115
2017-07-26,10297.3429
2017-07-27,10395.1932
2017-07-28,10437.9378
2017-07-31,10505.044
2017-08-01,10525.3464
2017-08-02,10469.3375
2017-08-03,10436.1718
2017-08-04,10361.2311
2017-08-07,10451.0833
2017-08-08,10496.2456
2017-08-09,10544.5894
2017-08-10,10480.6413
2017-08-11,10291.3465
2017-08-14,10519.8035
2017-08-15,10559.7779
2017-08-16,10600.7792
2017-08-17,10653.7301
2017-08-18,10614.0825
2017-08-21,10689.7727
2017-08-22,10653.982
2017-08-23,10619.3368
2017-08-24,10552.9621
2017-08-25,10659.0085
2017-08-28,10809.7359
2017-08-29,10762.3662
2017-08-30,10813.9266
2017-08-31,10816.6442
2017-09-01,10880.5565
2017-09-04,10962.8544
2017-09-05,10986.9477
2017-09-06,11024.5857
2017-09-07,10969.1267
2017-09-08,10970.7726
2017-09-11,11053.7294
2017-09-12,11043.6058
2017-09-13,11091.4925
2017-09-14,11070.4924
2017-09-15,11063.1043
2017-09-18,11153.5325
2017-09-19,11083.8994
2017-09-20,11191.1301
2017-09-21,11098.3388
2017-09-22,11069.8219
2017-09-25,10930.6702
2017-09-26,10950.769
2017-09-27,11036.7804
2017-09-28,11031.4214
2017-09-29,11087.1865
2017-10-09,11264.2732
2017-10-10,11329.5134
2017-10-11,11312.4958
2017-10-12,11307.3248
2017-10-13,11399.0941
2017-10-16,11271.1992
2017-10-17,11275.3409
2017-10-18,11282.7468
2017-10-19,11189.5525
2017-10-20,11238.8771
2017-10-23,11306.3074
2017-10-24,11339.1268
2017-10-25,11437.2089
2017-10-26,11461.2847
2017-10-27,11444.5241
2017-10-30,11312.607
2017-10-31,11367.6192
2017-11-01,11350.3205
2017-11-02,11292.4219
2017-11-03,11215.1941
2017-11-06,11373.7359
2017-11-07,11467.9687
2017-11-08,11447.4005
2017-11-09,11553.2395
2017-11-10,11645.0469
2017-11-13,11694.9964
2017-11-14,11582.9247
2017-11-15,11462.11
2017-11-16,11537.9562
2017-11-17,11292.9338
2017-11-20,11437.5458
2017-11-21,11602.0998
2017-11-22,11560.7971
2017-11-23,11175.4702
2017-11-24,11168.393
2017-11-27,10954.1806
2017-11-28,11091.1366
2017-11-29,11082.1318
2017-11-30,10944.0985
2017-12-01,11013.1535
2017-12-04,11014.5486
2017-12-05,10854.7551
2017-12-06,10911.3293
2017-12-07,10801.2531
2017-12-08,10935.0573
2017-12-11,11143.2609
2017-12-12,11043.2121
2017-12-13,11143.8888
2017-12-14,11110.1776
2017-12-15,10998.1171
2017-12-18,10960.1156
2017-12-19,11074.9946
2017-12-20,11003.3333
2017-12-21,11118.2466
2017-12-22,11094.1551
2017-12-25,11005.5029
2017-12-26,11021.8312
2017-12-27,10911.2116
2017-12-28,10974.007
2017-12-29,11040.45
2018-01-02,11178.0516
2018-01-03,11280.2962
2018-01-04,11341.3455
2018-01-05,11342.8477
2018-01-08,11382.7165
2018-01-09,11447.0911
2018-01-10,11437.0839
2018-01-11,11464.196
2018-01-12,11461.9914
2018-01-15,11307.4599
2018-01-16,11386.9104
2018-01-17,11303.9665
2018-01-18,11319.9053
2018-01-19,11296.2734
2018-01-22,11513.0809
2018-01-23,11555.2547
2018-01-24,11607.5689
2018-01-25,11552.5616
2018-01-26,11557.8156
2018-01-29,11352.7155
2018-01-30,11278.7808
2018-01-31,11159.676
2018-02-01,10864.3418
2018-02-02,10925.1608
2018-02-05,10836.2519
2018-02-06,10377.6098
2018-02-07,10246.9738
2018-02-08,10372.5877
2018-02-09,10001.2272
2018-02-12,10291.882
2018-02-13,10362.4319
2018-02-14,10431.9136
2018-02-22,10658.9367
2018-02-23,10662.7915
2018-02-26,10895.5619
2018-02-27,10807.5346
2018-02-28,10828.7302
2018-03-01,10943.1309
2018-03-02,10856.2464
2018-03-05,10875.6799
2018-03-06,11007.9518
2018-03-07,10904.9881
2018-03-08,11019.078
2018-03-09,11194.9143
2018-03-12,11326.2715
2018-03-13,11241.4055
2018-03-14,11139.6271
2018-03-15,11163.6543
2018-03-16,11051.1216
2018-03-19,11068.493
2018-03-20,11077.8014
2018-03-21,10980.5494
2018-03-22,10877.2518
2018-03-23,10439.9863
2018-03-26,10564.3754
2018-03-27,10775.7105
2018-03-28,10630.6889
2018-03-29,10755.9202
2018-03-30,10868.6549
2018-04-02,10852.9477
2018-04-03,10754.2855
2018-04-04,10684.5618
2018-04-09,10653.3758
2018-04-10,10765.6151
2018-04-11,10808.37
2018-04-12,10726.9548
2018-04-13,10687.0183
2018-04-16,10621.7884
2018-04-17,10395.1566
2018-04-18,10491.1497
2018-04-19,10598.353
2018-04-20,10408.9103
2018-04-23,10330.629
2018-04-24,10556.8221
2018-04-25,10547.0987
2018-04-26,10292.1195
2018-04-27,10324.4679
2018-05-02,10342.8457
2018-05-03,10458.6223
2018-05-04,10426.1884
2018-05-07,10626.5086
2018-05-08,10707.804
2018-05-09,10689.0715
2018-05-10,10729.7655
2018-05-11,10634.3004
2018-05-14,10671.4575
2018-05-15,10747.9932
2018-05-16,10701.3231
2018-05-17,10635.4985
2018-05-18,10672.5222
2018-05-21,10765.3476
2018-05-22,10765.8051
2018-05-23,10631.1235
2018-05-24,10564.1271
2018-05-25,10448.2249
2018-05-28,10465.5372
2018-05-29,10349.065
2018-05-30,10105.7945
2018-05-31,10295.729
2018-06-01,10169.3541
2018-06-04,10204.3167
2018-06-05,10385.6052
2018-06-06,10365.1256
2018-06-07,10313.8458
2018-06-08,10205.5178
2018-06-11,10175.3463
2018-06-12,10315.2841
2018-06-13,10161.6484
2018-06-14,10084.1825
2018-06-15,9943.1268
2018-06-19,9414.7576
2018-06-20,9501.3366
2018-06-21,9316.6758
2018-06-22,9409.953
2018-06-25,9324.8315
2018-06-26,9339.3704
2018-06-27,9168.6614
2018-06-28,9071.7291
2018-06-29,9379.4749
2018-07-02,9179.7955
2018-07-03,9221.5357
2018-07-04,9035.486
2018-07-05,8862.1773
2018-07-06,8911.3415
2018-07-09,9160.6208
2018-07-10,9205.426
2018-07-11,9023.8198
2018-07-12,9273.6136
2018-07-13,9326.9668
2018-07-16,9317.3554
2018-07-17,9285.1626
2018-07-18,9195.2393
2018-07-19,9148.7819
2018-07-20,9251.4803
2018-07-23,9314.3036
2018-07-24,9465.8021
2018-07-25,9463.7599
2018-07-26,9352.2508
2018-07-27,9295.9295
2018-07-30,9181.9403
2018-07-31,9178.7806
2018-08-01,9005.3729
2018-08-02,8780.5565
2018-08-03,8602.1178
2018-08-06,8422.839
2018-08-07,8674.0253
2018-08-08,8499.2197
2018-08-09,8752.2013
2018-08-10,8813.4859
2018-08-13,8844.8574
2018-08-14,8784.8999
2018-08-15,8581.1775
2018-08-16,8500.422
2018-08-17,8357.0408
2018-08-20,8414.1541
2018-08-21,8549.0623
2018-08-22,8454.7494
2018-08-23,8501.3927
2018-08-24,8484.7443
2018-08-27,8728.5618
2018-08-28,8733.7471
2018-08-29,8678.2621
2018-08-30,8552.7981
2018-08-31,8465.4696
2018-09-03,8455.5459
2018-09-04,8554.4366
2018-09-05,8402.5081
2018-09-06,8324.1628
2018-09-07,8322.3639
2018-09-10,8158.4869
2018-09-11,8168.1013
2018-09-12,8111.1574
2018-09-13,8163.7596
2018-09-14,8113.8836
2018-09-17,7999.3466
2018-09-18,8133.2174
2018-09-19,8248.1171
2018-09-20,8233.8883
2018-09-21,8409.1787
2018-09-25,8353.3756
2018-09-26,8420.5411
2018-09-27,8334.7505
2018-09-28,8401.0893
2018-10-08,8060.8301
2018-10-09,8046.3868
2018-10-10,8010.6872
2018-10-11,7524.0925
2018-10-12,7558.277
2018-10-15,7444.4806
2018-10-16,7298.9789
2018-10-17,7365.2085
2018-10-18,7187.4865
2018-10-19,7387.7419
2018-10-22,7748.8238
2018-10-23,7574.9855
2018-10-24,7545.113
2018-10-25,7529.4079
2018-10-26,7504.7159
2018-10-29,7322.2364
2018-10-30,7375.2296
2018-10-31,7482.8302
2018-11-01,7567.7947
2018-11-02,7867.5436
2018-11-05,7839.0811
2018-11-06,7791.2453
2018-11-07,7752.0442
2018-11-08,7698.0181
2018-11-09,7648.5459
2018-11-12,7832.2857
2018-11-13,7963.6596
2018-11-14,7908.5466
2018-11-15,8002.0951
2018-11-16,8062.2896
2018-11-19,8108.845
2018-11-20,7879.524
2018-11-21,7908.4687
2018-11-22,7893.986
2018-11-23,7636.7046
2018-11-26,7615.9119
2018-11-27,7635.158
2018-11-28,7757.0735
2018-11-29,7597.0085
2018-11-30,7681.7494
2018-12-03,7938.4676
2018-12-04,7953.7209
2018-12-05,7928.5138
2018-12-06,7735.0482
2018-12-07,7733.8928
2018-12-10,7624.8618
2018-12-11,7685.4017
2018-12-12,7698.0165
2018-12-13,7808.0412
2018-12-14,7629.6493
2018-12-17,7592.6462
2018-12-18,7530.3247
2018-12-19,7418.6926
2018-12-20,7426.4407
2018-12-21,7337.5975
2018-12-24,7392.5604
2018-12-25,7332.3467
2018-12-26,7289.5457
2018-12-27,7215.3379
2018-12-28,7239.7891
2019-01-02,7149.2665
2019-01-03,7089.4406
2019-01-04,7284.8403
2019-01-07,7400.2046
2019-01-08,7391.6482
2019-01-09,7447.9348
2019-01-10,7428.6136
2019-01-11,7474.0087
2019-01-14,7409.1991
2019-01-15,7547.3485
2019-01-16,7540.4503
2019-01-17,7470.3551
2019-01-18,7581.3888
2019-01-21,7626.2354
2019-01-22,7516.7863
2019-01-23,7523.7737
2019-01-24,7573.5246
2019-01-25,7595.4528
2019-01-28,7589.5808
2019-01-29,7551.3
2019-01-30,7470.4715
2019-01-31,7479.2153
2019-02-01,7683.9971
2019-02-11,7919.046
2019-02-12,8010.0746
2019-02-13,8171.2065
2019-02-14,8219.9611
2019-02-15,8125.6347
2019-02-18,8446.9182
2019-02-19,8440.8701
2019-02-20,8473.4267
2019-02-21,8451.71
2019-02-22,8651.1965
2019-02-25,9134.5806
2019-02-26,9089.0405
2019-02-27,9005.7655
2019-02-28,9031.9266
2019-03-01,9167.65
2019-03-04,9384.4154
2019-03-05,9595.743
2019-03-06,9700.4936
2019-03-07,9678.1144
2019-03-08,9363.7241
2019-03-11,9704.3276
2019-03-12,9841.2387
2019-03-13,9592.055
2019-03-14,9417.9265
2019-03-15,9550.5379
2019-03-18,9843.4297
2019-03-19,9839.744
2019-03-20,9800.6038
2019-03-21,9869.7968
2019-03-22,9879.2204
2019-03-25,9701.6954
2019-03-26,9513.0018
2019-03-27,9609.4352
2019-03-28,9546.5072
2019-03-29,9906.8639
2019-04-01,10267.7017
2019-04-02,10260.3595
2019-04-03,10340.5131
2019-04-04,10415.7993
2019-04-08,10351.8655
2019-04-09,10436.6165
2019-04-10,10435.08
2019-04-11,10158.4004
2019-04-12,10132.337
2019-04-15,10053.7599
2019-04-16,10287.6409
2019-04-17,10344.4287
2019-04-18,10287.6651
2019-04-19,10418.241
2019-04-22,10224.3066
2019-04-23,10124.6598
2019-04-24,10236.2709
2019-04-25,9907.6247
2019-04-26,9780.8219
2019-04-29,9622.4933
2019-04-30,9674.5346
2019-05-06,8943.5206
2019-05-07,9089.4581
2019-05-08,9002.5326
2019-05-09,8877.3072
2019-05-10,9235.3885
2019-05-13,9103.3625
2019-05-14,9038.3643
2019-05-15,9259.0294
2019-05-16,9293.3238
2019-05-17,9000.1885
2019-05-20,8916.1069
2019-05-21,9087.5211
2019-05-22,9041.2237
2019-05-23,8809.5348
2019-05-24,8776.7655
2019-05-27,8979.8265
2019-05-28,9035.6934
2019-05-29,9010.358
2019-05-30,8943.349
2019-05-31,8922.6946
2019-06-03,8856.9866
2019-06-04,8748.2714
2019-06-05,8746.0462
2019-06-06,8584.9395
2019-06-10,8711.7859
2019-06-11,9037.6733
2019-06-12,8954.7162
2019-06-13,8951.6065
2019-06-14,8810.1267
2019-06-17,8780.8728
2019-06-18,8804.3158
2019-06-19,8925.7291
2019-06-20,9134.9593
2019-06-21,9214.2673
2019-06-24,9212.1172
2019-06-25,9118.1019
2019-06-26,9122.4255
2019-06-27,9239.4839
2019-06-28,9178.3135
2019-07-01,9530.4639
2019-07-02,9545.5222
2019-07-03,9419.8389
2019-07-04,9368.3046
2019-07-05,9443.2151
2019-07-08,9186.2871
2019-07-09,9198.7851
2019-07-10,9166.1466
2019-07-11,9152.7709
2019-07-12,9213.3827
2019-07-15,9309.4155
2019-07-16,9283.4086
2019-07-17,9301.9982
2019-07-18,9154.6503
2019-07-19,9228.5537
2019-07-22,9122.6367
2019-07-23,9175.832
2019-07-24,9266.2977
2019-07-25,9344.8177
2019-07-26,9349.0021
2019-07-29,9354.2767
2019-07-30,9399.1014
2019-07-31,9326.6147
2019-08-01,9268.0539
2019-08-02,9136.4601
2019-08-05,8984.7281
2019-08-06,8859.4705
2019-08-07,8814.744
2019-08-08,8919.2764
2019-08-09,8795.1808
2019-08-12,8978.5219
2019-08-13,8902.6322
2019-08-14,8966.4691
2019-08-15,9009.6788
2019-08-16,9060.9173
2019-08-19,9328.9716
2019-08-20,9328.7292
2019-08-21,9322.754
2019-08-22,9350.557
2019-08-23,9362.5488
2019-08-26,9270.3891
2019-08-27,9443.1762
2019-08-28,9414.0022
2019-08-29,9398.4702
2019-08-30,9365.6764
2019-09-02,9569.4699
2019-09-03,9633.6857
2019-09-04,9700.3192
2019-09-05,9783.504
2019-09-06,9823.4188
2019-09-09,10001.9308
2019-09-10,9964.9263
2019-09-11,9853.7236
2019-09-12,9919.8038
2019-09-16,9918.0921
2019-09-17,9722.7974
2019-09-18,9753.3113
2019-09-19,9852.196
2019-09-20,9881.249
2019-09-23,9781.14
2019-09-24,9811.3766
2019-09-25,9671.0577
2019-09-26,9464.8358
2019-09-27,9548.9601
2019-09-30,9446.2382
2019-10-08,9474.7541
2019-10-09,9506.5615
2019-10-10,9638.1016
2019-10-11,9666.5828
2019-10-14,9786.6378
2019-10-15,9671.7288
2019-10-16,9642.0595
2019-10-17,9645.3887
2019-10-18,9533.5052
2019-10-21,9553.5729
2019-10-22,9642.0888
2019-10-23,9567.7488
2019-10-24,9555.7613
2019-10-25,9660.4403
2019-10-28,9801.8744
2019-10-29,9746.0316
2019-10-30,9681.5377
2019-10-31,9635.3291
2019-11-01,9802.3341
2019-11-04,9868.1332
2019-11-05,9938.6067
2019-11-06,9860.9748
2019-11-07,9917.4871
2019-11-08,9895.3367
2019-11-11,9680.5745
2019-11-12,9670.1441
2019-11-13,9687.8531
2019-11-14,9746.5606
2019-11-15,9647.9915
2019-11-18,9715.2746
2019-11-19,9889.7537
2019-11-20,9809.0476
2019-11-21,9774.4426
2019-11-22,9626.9025
2019-11-25,9626.3556
2019-11-26,9677.2341
2019-11-27,9648.3922
2019-11-28,9622.1438
2019-11-29,9582.1558
2019-12-02,9605.1887
2019-12-03,9657.6534
2019-12-04,9687.9508
2019-12-05,9799.0695
2019-12-06,9878.6229
2019-12-09,9876.2684
2019-12-10,9915.8658
2019-12-11,9852.7134
2019-12-12,9836.2347
2019-12-13,10004.6244
2019-12-16,10158.2412
2019-12-17,10306.0316
2019-12-18,10294.6601
2019-12-19,10296.291
2019-12-20,10229.4868
2019-12-23,10056.2081
2019-12-24,10189.2859
2019-12-25,10229.5781
2019-12-26,10303.7153
2019-12-27,10233.772
2019-12-30,10365.9572
2019-12-31,10430.7662
2020-01-02,10638.8247
2020-01-03,10656.4066
2020-01-06,10698.2738
2020-01-07,10829.0454
2020-01-08,10706.8685
2020-01-09,10898.1665
2020-01-10,10879.8423
2020-01-13,11040.2015
2020-01-14,10988.7671
2020-01-15,10972.3163
2020-01-16,10967.4352
2020-01-17,10954.388
2020-01-20,11115.884
2020-01-21,10953.4131
2020-01-22,11072.0572
2020-01-23,10681.904
2020-02-03,9779.6682
2020-02-04,10089.6665
2020-02-05,10305.4984
2020-02-06,10601.3422
2020-02-07,10611.5512
2020-02-10,10728.4595
2020-02-11,10768.6277
2020-02-12,10940.7952
2020-02-13,10864.3222
2020-02-14,10916.3117
2020-02-17,11241.4993
2020-02-18,11306.4863
2020-02-19,11235.5959
2020-02-20,11509.0875
2020-02-21,11629.6982
2020-02-24,11772.3755
2020-02-25,11856.0815
2020-02-26,11497.5532
2020-02-27,11534.0186
2020-02-28,10980.7746
2020-03-02,11381.7613
2020-03-03,11484.2118
2020-03-04,11493.0214
2020-03-05,11711.3726
2020-03-06,11582.8159
2020-03-09,11108.548
2020-03-10,11403.4665
2020-03-11,11200.0502
2020-03-12,10941.0135
2020-03-13,10831.125
2020-03-16,10253.2846
2020-03-17,10202.7534
2020-03-18,10029.5687
2020-03-19,10019.8582
2020-03-20,10150.1252
2020-03-23,9691.5337
2020-03-24,9921.6831
2020-03-25,10241.0761
2020-03-26,10155.3593
2020-03-27,10109.9066
2020-03-30,9904.9511
2020-03-31,9962.3047
2020-04-01,9951.8367
2020-04-02,10179.2045
2020-04-03,10110.1129
2020-04-07,10428.9132
2020-04-08,10386.5453
2020-04-09,10463.0463
2020-04-10,10298.4127
2020-04-13,10223.1633
2020-04-14,10475.7052
2020-04-15,10417.3744
2020-04-16,10470.7936
2020-04-17,10527.9907
2020-04-20,10621.4968
2020-04-21,10506.8566
2020-04-22,10617.1925
2020-04-23,10564.0458
2020-04-24,10423.4622
2020-04-27,10452.1708
2020-04-28,10501.1471
2020-04-29,10514.1731
2020-04-30,10721.7796
2020-05-06,10883.2183
2020-05-07,10863.2853
2020-05-08,11001.5794
2020-05-11,10969.2819
2020-05-12,11015.5584
2020-05-13,11074.5925
2020-05-14,10962.1473
2020-05-15,10964.892
2020-05-18,10921.1453
2020-05-19,11052.8476
2020-05-20,10948.4771
2020-05-21,10845.3964
2020-05-22,10604.9659
2020-05-25,10592.8444
2020-05-26,10815.4306
2020-05-27,10682.6976
2020-05-28,10653.4924
2020-05-29,10746.0764
2020-06-01,11102.1504
2020-06-02,11112.4965
2020-06-03,11108.3594
2020-06-04,11139.2565
2020-06-05,11180.5979
2020-06-08,11215.76
2020-06-09,11284.2423
2020-06-10,11335.8626
2020-06-11,11243.6167
2020-06-12,11251.7077
2020-06-15,11192.2735
2020-06-16,11398.9661
2020-06-17,11420.8365
2020-06-18,11494.5542
2020-06-19,11668.1332
2020-06-22,11702.4416
2020-06-23,11794.0093
2020-06-24,11813.528
2020-06-29,11752.3591
2020-06-30,11992.3468
2020-07-01,12112.9645
2020-07-02,12269.4885
2020-07-03,12433.2649
2020-07-06,12941.7205
2020-07-07,13163.9796
2020-07-08,13406.3724
2020-07-09,13754.7439
2020-07-10,13671.2441
2020-07-13,14149.144
2020-07-14,13996.4641
2020-07-15,13734.1288
2020-07-16,12996.3397
2020-07-17,13114.9384
2020-07-20,13448.8492
2020-07-21,13536.1735
2020-07-22,13657.0295
2020-07-23,13661.4997
2020-07-24,12935.6969
2020-07-27,12976.8672
2020-07-28,13147.3536
2020-07-29,13557.4411
2020-07-30,13466.8549
2020-07-31,13637.8826
2020-08-03,13964.5618
2020-08-04,13860.4591
2020-08-05,13960.925
2020-08-06,13863.1298
2020-08-07,13648.4996
2020-08-10,13657.3134
2020-08-11,13466.2675
2020-08-12,13308.5217
2020-08-13,13291.3199
2020-08-14,13489.0095
2020-08-17,13742.2257
2020-08-18,13768.1672
2020-08-19,13480.8527
2020-08-20,13320.9233
2020-08-21,13477.9999
2020-08-24,13666.6926
2020-08-25,13669.4066
2020-08-26,13428.3991
2020-08-27,13535.0904
2020-08-28,13851.3239
2020-08-31,13758.2278
2020-09-01,13849.6578
2020-09-02,13887.4251
2020-09-03,13772.3737
2020-09-04,13656.6574
2020-09-07,13284.0335
2020-09-08,13293.33
2020-09-09,12861.75
2020-09-10,12742.8454
2020-09-11,12942.9488
2020-09-14,13021.9901
2020-09-15,13143.457
2020-09-16,13011.2814
2020-09-17,13015.1892
2020-09-18,13245.09
2020-09-21,13149.5014
2020-09-22,13023.4311
2020-09-23,13110.0723
2020-09-24,12816.6063
2020-09-25,12814.1736
2020-09-28,12760.9325
2020-09-29,12900.6952
2020-09-30,12907.4481
2020-10-09,13289.2621
2020-10-12,13708.0666
2020-10-13,13798.5789
2020-10-14,13691.0429
2020-10-15,13624.8908
2020-10-16,13532.7292
2020-10-19,13421.1948
2020-10-20,13603.881
2020-10-21,13467.9132
2020-10-22,13396.1815
2020-10-23,13128.4553
2020-10-26,13191.247
2020-10-27,13269.6543
2020-10-28,13388.1038
2020-10-29,13519.6613
2020-10-30,13236.601
2020-11-02,13420.9609
2020-11-03,13580.035
2020-11-04,13659.4993
2020-11-05,13894.2566
2020-11-06,13838.4217
2020-11-09,14141.1529
2020-11-10,13993.3352
2020-11-11,13720.174
2020-11-12,13792.0742
2020-11-13,13754.5536
2020-11-16,13850.8288
2020-11-17,13732.5199
2020-11-18,13658.2034
2020-11-19,13777.4452
2020-11-20,13852.4182
2020-11-23,13955.2848
2020-11-24,13902.5372
2020-11-25,13656.0949
2020-11-26,13599.9939
2020-11-27,13690.8834
2020-11-30,13670.1106
2020-12-01,13930.3746
2020-12-02,13961.5754
2020-12-03,13970.684
2020-12-04,14026.6567
2020-12-07,13973.4819
2020-12-08,13973.8919
2020-12-09,13716.5307
2020-12-10,13731.3422
2020-12-11,13555.1445
2020-12-14,13692.1325
2020-12-15,13763.3126
2020-12-16,13751.0908
2020-12-17,13889.8663
2020-12-18,13854.1197
2020-12-21,14134.8495
2020-12-22,13882.3026
2020-12-23,14015.0229
2020-12-24,13915.5738
2020-12-25,14017.057
2020-12-28,14044.1005
2020-12-29,13970.2105
2020-12-30,14201.5654
2020-12-31,14470.6832
2021-01-04,14827.4686
2021-01-05,15147.5693
2021-01-06,15187.6139
2021-01-07,15356.4035
2021-01-08,15319.2912
2021-01-11,15115.3802
2021-01-12,15460.0321
2021-01-13,15365.4279
2021-01-14,15070.1285
2021-01-15,15031.7035
2021-01-18,15269.2724
2021-01-19,15003.985
2021-01-20,15223.3575
2021-01-21,15520.598
2021-01-22,15628.7304
2021-01-25,15710.193
2021-01-26,15352.4196
2021-01-27,15413.8432
2021-01-28,14913.2053
2021-01-29,14821.9946
2021-02-01,15024.2443
2021-02-02,15335.6618
2021-02-03,15233.1493
2021-02-04,15105.939
2021-02-05,15007.295
2021-02-08,15269.6266
2021-02-09,15630.5657
2021-02-10,15962.2497
2021-02-18,15767.4355
2021-02-19,15823.1052
2021-02-22,15336.951
2021-02-23,15243.2519
2021-02-24,14870.6646
2021-02-25,14828.8003
2021-02-26,14507.4453
2021-03-01,14857.3439
2021-03-02,14751.1172
2021-03-03,14932.385
2021-03-04,14416.06
2021-03-05,14412.312
2021-03-08,13863.8136
2021-03-09,13475.7177
2021-03-10,13563.3391
2021-03-11,13866.3658
2021-03-12,13897.0258
2021-03-15,13520.066
2021-03-16,13642.9546
2021-03-17,13809.7674
2021-03-18,13963.9237
2021-03-19,13606.0016
2021-03-22,13760.9655
2021-03-23,13607.2674
2021-03-24,13407.3469
2021-03-25,13421.1622
2021-03-26,13769.6826
2021-03-29,13771.2589
2021-03-30,13888.4383
2021-03-31,13778.6698
2021-04-01,13979.6942
2021-04-02,14122.6128
2021-04-06,14083.3402
2021-04-07,13979.3091
2021-04-08,13989.9396
2021-04-09,13813.3099
2021-04-12,13495.7174
2021-04-13,13528.3132
2021-04-14,13738.0013
2021-04-15,13680.269
2021-04-16,13720.7433
2021-04-19,14117.798
2021-04-20,14101.9028
2021-04-21,14151.1453
2021-04-22,14209.4412
2021-04-23,14351.8559
2021-04-26,14224.4479
2021-04-27,14264.0842
2021-04-28,14398.3808
2021-04-29,14464.0818
2021-04-30,14438.5675
2021-05-06,14210.596
2021-05-07,13933.8083
2021-05-10,13917.9664
2021-05-11,13966.7856
2021-05-12,14064.8657
2021-05-13,13917.6501
2021-05-14,14208.7832
2021-05-17,14456.5416
2021-05-18,14450.6035
2021-05-19,14484.4546
2021-05-20,14535.098
2021-05-21,14417.4572
2021-05-24,14506.6072
2021-05-25,14846.4534
2021-05-26,14793.6806
2021-05-27,14897.1875
2021-05-28,14852.8784
2021-05-31,14996.3774
2021-06-01,15034.7791
2021-06-02,14857.9078
2021-06-03,14761.1322
2021-06-04,14870.9141
2021-06-07,14862.5992
2021-06-08,14716.9821
2021-06-09,14718.4026
2021-06-10,14893.5925
2021-06-11,14801.2406
2021-06-15,14673.3392
2021-06-16,14295.9273
2021-06-17,14472.3702
2021-06-18,14583.6676
2021-06-21,14641.2927
2021-06-22,14696.2864
2021-06-23,14843.8313
2021-06-24,14784.8002
2021-06-25,15003.8493
2021-06-28,15150.168
2021-06-29,14999.7975
2021-06-30,15161.7017
2021-07-01,15038.876
2021-07-02,14670.7113
2021-07-05,14718.6626
2021-07-06,14667.6452
2021-07-07,14940.0467
2021-07-08,14882.9045
2021-07-09,14844.3561
2021-07-12,15161.5223
2021-07-13,15189.2947
2021-07-14,15056.3182
2021-07-15,15169.334
2021-07-16,14972.2135
2021-07-19,14992.9043
2021-07-20,15011.3542
2021-07-21,15212.5982
2021-07-22,15262.1885
2021-07-23,15028.5678
2021-07-26,14630.8498
2021-07-27,14093.6351
2021-07-28,14086.4236
2021-07-29,14515.3231
2021-07-30,14473.2098
2021-08-02,14798.1583
2021-08-03,14736.9181
2021-08-04,14990.109
2021-08-05,14872.2257
2021-08-06,14827.4104
2021-08-09,14941.4419
2021-08-10,15057.5913
2021-08-11,15021.1701
2021-08-12,14901.9705
2021-08-13,14799.0326
2021-08-16,14693.7367
2021-08-17,14350.6479
2021-08-18,14454.1144
2021-08-19,14487.3615
2021-08-20,14253.5349
2021-08-23,14535.8765
2021-08-24,14663.5493
2021-08-25,14697.4968
2021-08-26,14415.4586
2021-08-27,14436.8954
2021-08-30,14423.366
2021-08-31,14328.3818
2021-09-01,14314.0861
2021-09-02,14277.3392
2021-09-03,14179.8642
2021-09-06,14546.6048
2021-09-07,14702.8985
2021-09-08,14688.0804
2021-09-09,14698.5281
2021-09-10,14771.8711
2021-09-13,14705.8272
2021-09-14,14626.0848
2021-09-15,14536.3136
2021-09-16,14258.1299
2021-09-17,14359.3583
2021-09-22,14277.0753
2021-09-23,14387.3589
2021-09-24,14357.8459
2021-09-27,14344.2873
2021-09-28,14313.8226
2021-09-29,14079.0235
2021-09-30,14309.0127
2021-10-08,14414.1594
2021-10-11,14367.6033
2021-10-12,14135.3762
2021-10-13,14353.0785
2021-10-14,14341.3757
2021-10-15,14415.9919
2021-10-18,14350.0191
2021-10-19,14499.767
2021-10-20,14452.246
2021-10-21,14444.8561
2021-10-22,14492.8214
2021-10-25,14596.7242
2021-10-26,14552.8194
2021-10-27,14393.5079
2021-10-28,14244.8198
2021-10-29,14451.382
2021-11-01,14476.526
2021-11-02,14377.2656
2021-11-03,14367.7804
2021-11-04,14555.2742
2021-11-05,14462.622
2021-11-08,14508.8612
2021-11-09,14571.9327
2021-11-10,14515.8805
2021-11-11,14699.7443
2021-11-12,14705.3683
2021-11-15,14636.3905
2021-11-16,14613.9723
2021-11-17,14711.1836
2021-11-18,14579.1666
2021-11-19,14752.4868
2021-11-22,14960.6561
2021-11-23,14905.1331
2021-11-24,14887.5951
2021-11-25,14827.9515
2021-11-26,14777.1712
2021-11-29,14810.1977
2021-11-30,14795.7344
2021-12-01,14794.2469
2021-12-02,14765.5607
2021-12-03,14892.0532
2021-12-06,14752.9567
2021-12-07,14697.1668
2021-12-08,14964.4643
2021-12-09,15147.8749
2021-12-10,15111.5614
2021-12-13,15212.4858
2021-12-14,15136.7753
2021-12-15,15026.2074
2021-12-16,15112.8062
2021-12-17,14867.5533
2021-12-20,14569.1835
2021-12-21,14688.9837
2021-12-22,14791.332
2021-12-23,14863.9277
2021-12-24,14710.3282
2021-12-27,14715.6458
2021-12-28,14837.8687
2021-12-29,14653.8236
2021-12-30,14796.2313
2021-12-31,14857.3453
2022-01-04,14791.3136
2022-01-05,14525.7588
2022-01-06,14429.5075
2022-01-07,14343.6547
2022-01-10,14406.9731
2022-01-11,14223.3506
2022-01-12,14421.1981
2022-01-13,14138.3361
2022-01-14,14150.5689
2022-01-17,14363.5672
2022-01-18,14391.3891
2022-01-19,14207.1932
2022-01-20,14198.3023
2022-01-21,14029.5456
2022-01-24,14081.7951
2022-01-25,13683.8949
2022-01-26,13780.3008
2022-01-27,13398.8443
2022-01-28,13328.0559
2022-02-07,13456.6473
2022-02-08,13325.4117
2022-02-09,13531.3104
2022-02-10,13432.0677
2022-02-11,13224.3775
2022-02-14,13123.2122
2022-02-15,13345.6264
2022-02-16,13376.3566
2022-02-17,13422.8992
2022-02-18,13459.6804
2022-02-21,13471.1571
2022-02-22,13297.1074
2022-02-23,13549.9854
2022-02-24,13252.2412
2022-02-25,13412.9177
2022-02-28,13455.7332
2022-03-01,13488.6364
2022-03-02,13346.9565
2022-03-03,13201.8199
2022-03-04,13020.4639
2022-03-07,12573.4349
2022-03-08,12244.4971
2022-03-09,12107.1705
2022-03-10,12370.9544
2022-03-11,12447.373
2022-03-14,12063.6318
2022-03-15,11537.2355
2022-03-16,12000.9593
2022-03-17,12289.9733
2022-03-18,12328.647
2022-03-21,12379.636
2022-03-22,12318.7836
2022-03-23,12408.6507
2022-03-24,12305.5042
2022-03-25,12072.7276
2022-03-28,11949.9399
2022-03-29,11895.0771
2022-03-30,12263.8021
2022-03-31,12118.2543
2022-04-01,12227.9303
2022-04-06,12172.9114
2022-04-07,11972.023
2022-04-08,11959.2715
2022-04-11,11520.2142
2022-04-12,11756.3765
2022-04-13,11568.1697
2022-04-14,11714.6152
2022-04-15,11648.5671
2022-04-18,11691.4727
2022-04-19,11633.3232
2022-04-20,11392.2279
2022-04-21,11084.2841
2022-04-22,11051.6971
2022-04-25,10379.2832
2022-04-26,10206.6385
2022-04-27,10652.9044
2022-04-28,10628.9202
2022-04-29,11021.4353
2022-05-05,11046.3827
2022-05-06,10809.8794
2022-05-09,10765.6253
2022-05-10,10912.7421
2022-05-11,11109.4784
2022-05-12,11094.8694
2022-05-13,11159.791
2022-05-16,11093.3739
2022-05-17,11230.1589
2022-05-18,11208.075
2022-05-19,11250.0602
2022-05-20,11454.5272
2022-05-23,11447.9524
2022-05-24,11065.9173
2022-05-25,11143.1818
2022-05-26,11206.8205
2022-05-27,11193.5867
2022-05-30,11310.2823
2022-05-31,11527.6208
2022-06-01,11551.2722
2022-06-02,11628.3083
2022-06-06,11938.1194
2022-06-07,11935.5694
2022-06-08,12033.2604
2022-06-09,11810.5843
2022-06-10,12035.1495
2022-06-13,11999.3118
2022-06-14,12023.785
2022-06-15,12137.7578
2022-06-16,12150.9578
2022-06-17,12331.1411
2022-06-20,12487.1335
2022-06-21,12423.8644
2022-06-22,12246.5526
2022-06-23,12514.7252
2022-06-24,12686.0322
2022-06-27,12825.5651
2022-06-28,12982.6859
2022-06-29,12696.5049
2022-06-30,12896.204
2022-07-01,12860.3559
2022-07-04,13026.2463
2022-07-05,12973.1085
2022-07-06,12811.3298
2022-07-07,12935.8499
2022-07-08,12857.1296
2022-07-11,12617.2311
2022-07-12,12439.2679
2022-07-13,12508.8858
2022-07-14,12602.7756
2022-07-15,12411.0076
2022-07-18,12532.651
2022-07-19,12494.7655
2022-07-20,12573.1153
2022-07-21,12455.193
2022-07-22,12394.0221
2022-07-25,12291.5927
2022-07-26,12408.56
2022-07-27,12399.694
2022-07-28,12428.7225
2022-07-29,12266.9201
2022-08-01,12413.871
2022-08-02,12120.021
2022-08-03,11982.2567
2022-08-04,12065.2224
2022-08-05,12269.213
2022-08-08,12302.1516
2022-08-09,12331.0944
2022-08-10,12223.5137
2022-08-11,12474.0325
2022-08-12,12419.3906
2022-08-15,12460.2212
2022-08-16,12470.1139
2022-08-17,12595.4626
2022-08-18,12517.3202
2022-08-19,12358.5453
2022-08-22,12505.6774
2022-08-23,12455.1526
2022-08-24,12096.3922
2022-08-25,12104.033
2022-08-26,12059.7068
2022-08-29,12018.1632
2022-08-30,11970.7923
2022-08-31,11815.7927
2022-09-01,11712.3929
2022-09-02,11702.3907
2022-09-05,11678.6946
2022-09-06,11799.8076
2022-09-07,11849.0781
2022-09-08,11746.9218
2022-09-09,11877.7872
2022-09-13,11923.4694
2022-09-14,11774.7836
2022-09-15,11526.9596
2022-09-16,11261.4984
2022-09-19,11207.0444
2022-09-20,11283.9249
2022-09-21,11208.5094
2022-09-22,11114.4282
2022-09-23,11006.4132
2022-09-26,10962.561
2022-09-27,11175.1179
2022-09-28,10899.6953
2022-09-29,10919.4351
2022-09-30,10778.6145
2022-10-10,10522.1155
2022-10-11,10577.8103
2022-10-12,10838.4767
2022-10-13,10817.6679
2022-10-14,11121.7151
2022-10-17,11162.2594
2022-10-18,11187.6976
2022-10-19,11027.2413
2022-10-20,10965.3322
2022-10-21,10918.9657
2022-10-24,10694.6128
2022-10-25,10639.8173
2022-10-26,10818.3263
2022-10-27,10750.1415
2022-10-28,10401.8371
2022-10-31,10397.0413
2022-11-01,10734.248
2022-11-02,10877.5058
2022-11-03,10840.0601
2022-11-04,11187.4298
2022-11-07,11207.7307
2022-11-08,11142.9268
2022-11-09,11055.2909
2022-11-10,10908.549
2022-11-11,11139.7732
2022-11-14,11113.4646
2022-11-15,11351.3318
2022-11-16,11235.5578
2022-11-17,11221.4545
2022-11-18,11180.4284
2022-11-21,11134.4663
2022-11-22,11002.9345
2022-11-23,10972.8086
2022-11-24,10956.6846
2022-11-25,10904.2658
2022-11-28,10829.0804
2022-11-29,11089.0122
2022-11-30,11108.4971
2022-12-01,11264.1573
2022-12-02,11219.7927
2022-12-05,11323.345
2022-12-06,11398.8201
2022-12-07,11418.7632
2022-12-08,11389.7925
2022-12-09,11501.5781
2022-12-12,11399.1344
2022-12-13,11323.7042
2022-12-14,11321.8119
2022-12-15,11358.1069
2022-12-16,11295.0274
2022-12-19,11124.7013
2022-12-20,10949.1201
2022-12-21,10912.0895
2022-12-22,10876.31
2022-12-23,10849.6368
2022-12-26,10978.9853
2022-12-27,11106.5025
2022-12-28,11010.5289
2022-12-29,10996.41
2022-12-30,11015.986
2023-01-03,11117.1303
2023-01-04,11095.3733
2023-01-05,11332.0103
2023-01-06,11367.7321
2023-01-09,11450.1472
2023-01-10,11506.7938
2023-01-11,11439.4395
2023-01-12,11465.728
2023-01-13,11602.3042
2023-01-16,11785.7679
2023-01-17,11800.5529
2023-01-18,11810.6598
2023-01-19,11913.2639
2023-01-20,11980.6201
2023-01-30,12097.7623
2023-01-31,12001.2646
2023-02-01,12158.1902
2023-02-02,12131.2009
2023-02-03,12054.295
2023-02-06,11912.5612
2023-02-07,11926.8803
2023-02-08,11853.463
2023-02-09,12048.2717
2023-02-10,11976.8529
2023-02-13,12113.6075
2023-02-14,12094.9404
2023-02-15,12064.3775
2023-02-16,11907.399
2023-02-17,11715.7684
2023-02-20,11954.1276
2023-02-21,11968.6048
2023-02-22,11900.1225
2023-02-23,11884.3049
2023-02-24,11787.4527
2023-02-27,11701.9465
2023-02-28,11783.7975
2023-03-01,11914.318
2023-03-02,11849.5074
2023-03-03,11851.9177
2023-03-06,11842.8846
2023-03-07,11608.5832
2023-03-08,11598.2881
2023-03-09,11579.9936
2023-03-10,11442.5371
2023-03-13,11505.0237
2023-03-14,11416.5695
2023-03-15,11413.4325
2023-03-16,11237.7039
2023-03-17,11278.0462
2023-03-20,11247.1347
2023-03-21,11427.2467
2023-03-22,11496.9307
2023-03-23,11605.2891
2023-03-24,11634.2202
2023-03-27,11647.9387
2023-03-28,11564.4505
2023-03-29,11579.9147
2023-03-30,11651.8314
2023-03-31,11726.3977
2023-04-03,11889.4196
2023-04-04,11859.4765
2023-04-06,11866.311
2023-04-07,11967.7433
2023-04-10,11871.9274
2023-04-11,11877.1473
2023-04-12,11883.5141
2023-04-13,11739.8415
2023-04-14,11800.0939
2023-04-17,11855.484
2023-04-18,11860.3994
2023-04-19,11760.2715
2023-04-20,11717.2636
2023-04-21,11450.4349
2023-04-24,11317.0122
2023-04-25,11149.0112
2023-04-26,11185.6823
2023-04-27,11216.9975
2023-04-28,11338.6662
2023-05-04,11273.8659
2023-05-05,11180.872
2023-05-08,11225.7742
2023-05-09,11125.0219
2023-05-10,11140.188
2023-05-11,11142.5252
2023-05-12,11005.6438
2023-05-15,11178.6231
2023-05-16,11099.2574
2023-05-17,11091.0838
2023-05-18,11078.2818
2023-05-19,11091.3595
2023-05-22,11127.0372
2023-05-23,11012.5764
2023-05-24,10920.3267
2023-05-25,10896.582
2023-05-26,10909.6503
2023-05-29,10822.0928
2023-05-30,10869.5521
2023-05-31,10793.8493
2023-06-01,10835.8963
2023-06-02,10998.0749
2023-06-05,10946.0841
2023-06-06,10773.4501
2023-06-07,10708.8224
2023-06-08,10722.8729
2023-06-09,10793.9257
2023-06-12,10873.74
2023-06-13,10955.9599
2023-06-14,10984.556
2023-06-15,11182.9436
2023-06-16,11306.5313
2023-06-19,11274.0491
2023-06-20,11305.3546
2023-06-21,11058.6341
2023-06-26,10872.2999
2023-06-27,10978.0815
2023-06-28,10926.3232
2023-06-29,10915.4988
2023-06-30,11026.5855
2023-07-03,11091.5629
2023-07-04,11130.3037
2023-07-05,11029.2958
2023-07-06,10968.3697
2023-07-07,10888.5548
2023-07-10,10942.8323
2023-07-11,11028.683
2023-07-12,10919.2586
2023-07-13,11095.4366
2023-07-14,11080.3233
2023-07-17,11010.3578
2023-07-18,10972.9624
2023-07-19,10932.6491
2023-07-20,10816.2715
2023-07-21,10810.1815
2023-07-24,10747.7928
2023-07-25,11021.2907
2023-07-26,10968.9802
2023-07-27,10923.7746
2023-07-28,11100.3951
2023-07-31,11183.9113
2023-08-01,11143.2347
2023-08-02,11104.1586
2023-08-03,11163.4197
