指标名称,现货价:原油:美国西德克萨斯中级轻质原油(WTI)
2010-01-04,81.59
2010-01-05,81.84
2010-01-06,83.2
2010-01-07,82.65
2010-01-08,82.84
2010-01-11,82.27
2010-01-12,80.71
2010-01-13,79.72
2010-01-14,79.38
2010-01-15,78.05
2010-01-19,79.08
2010-01-20,77.06
2010-01-21,75.63
2010-01-22,74.0
2010-01-25,74.93
2010-01-26,74.69
2010-01-27,73.59
2010-01-28,73.88
2010-01-29,72.79
2010-02-01,74.74
2010-02-02,77.36
2010-02-03,76.96
2010-02-04,72.94
2010-02-05,71.87
2010-02-08,71.85
2010-02-09,73.86
2010-02-10,74.5
2010-02-11,75.17
2010-02-12,74.16
2010-02-16,77.07
2010-02-17,77.39
2010-02-18,78.95
2010-02-19,79.82
2010-02-22,79.99
2010-02-23,78.72
2010-02-24,79.68
2010-02-25,77.93
2010-02-26,79.67
2010-03-01,78.69
2010-03-02,79.85
2010-03-03,80.84
2010-03-04,80.38
2010-03-05,81.73
2010-03-08,81.79
2010-03-09,81.33
2010-03-10,82.0
2010-03-11,82.17
2010-03-12,81.23
2010-03-15,79.72
2010-03-16,81.79
2010-03-17,82.79
2010-03-18,82.11
2010-03-19,80.55
2010-03-22,81.45
2010-03-23,81.57
2010-03-24,80.16
2010-03-25,80.22
2010-03-26,80.06
2010-03-29,82.37
2010-03-30,82.54
2010-03-31,83.51
2010-04-01,85.06
2010-04-05,86.73
2010-04-06,86.89
2010-04-07,85.57
2010-04-08,85.67
2010-04-09,84.92
2010-04-12,84.39
2010-04-13,84.03
2010-04-14,85.98
2010-04-15,85.48
2010-04-16,83.12
2010-04-19,81.59
2010-04-20,83.04
2010-04-21,82.94
2010-04-22,82.93
2010-04-23,84.36
2010-04-26,83.92
2010-04-27,82.12
2010-04-28,83.2
2010-04-29,85.17
2010-04-30,86.14
2010-05-03,86.16
2010-05-04,82.75
2010-05-05,79.77
2010-05-06,76.09
2010-05-07,75.11
2010-05-10,77.09
2010-05-11,76.06
2010-05-12,75.44
2010-05-13,74.17
2010-05-14,71.65
2010-05-17,70.32
2010-05-18,69.36
2010-05-19,70.62
2010-05-20,68.47
2010-05-21,67.64
2010-05-24,66.11
2010-05-25,65.58
2010-05-26,71.41
2010-05-27,74.48
2010-05-28,74.14
2010-06-01,72.69
2010-06-02,73.56
2010-06-03,74.49
2010-06-04,71.22
2010-06-07,71.46
2010-06-08,71.89
2010-06-09,73.97
2010-06-10,75.41
2010-06-11,73.93
2010-06-14,75.08
2010-06-15,76.79
2010-06-16,77.67
2010-06-17,76.44
2010-06-18,77.33
2010-06-21,77.52
2010-06-22,77.08
2010-06-23,75.59
2010-06-24,76.04
2010-06-25,78.63
2010-06-28,78.18
2010-06-29,75.78
2010-06-30,75.68
2010-07-01,72.54
2010-07-02,71.68
2010-07-06,72.03
2010-07-07,74.24
2010-07-08,75.74
2010-07-09,76.26
2010-07-12,74.87
2010-07-13,77.29
2010-07-14,76.85
2010-07-15,76.53
2010-07-16,75.88
2010-07-19,76.64
2010-07-20,77.31
2010-07-21,76.23
2010-07-22,79.0
2010-07-23,78.82
2010-07-26,78.96
2010-07-27,77.61
2010-07-28,76.87
2010-07-29,78.52
2010-07-30,78.9
2010-08-02,81.55
2010-08-03,82.58
2010-08-04,82.46
2010-08-05,82.18
2010-08-06,80.85
2010-08-09,81.5
2010-08-10,80.13
2010-08-11,77.9
2010-08-12,75.87
2010-08-13,75.46
2010-08-16,75.18
2010-08-17,75.71
2010-08-18,75.33
2010-08-19,74.47
2010-08-20,73.5
2010-08-23,72.74
2010-08-24,71.21
2010-08-25,72.06
2010-08-26,73.36
2010-08-27,75.22
2010-08-30,74.55
2010-08-31,71.72
2010-09-01,73.91
2010-09-02,74.99
2010-09-03,74.34
2010-09-06,74.34
2010-09-07,73.8
2010-09-08,74.66
2010-09-09,74.25
2010-09-10,76.44
2010-09-13,77.27
2010-09-14,76.73
2010-09-15,75.6
2010-09-16,74.37
2010-09-17,73.52
2010-09-20,74.75
2010-09-21,73.03
2010-09-22,72.7
2010-09-23,73.16
2010-09-24,75.01
2010-09-27,76.28
2010-09-28,76.11
2010-09-29,77.76
2010-09-30,79.95
2010-10-01,81.56
2010-10-04,81.56
2010-10-05,82.8
2010-10-06,83.26
2010-10-07,81.46
2010-10-08,82.74
2010-10-11,82.2
2010-10-12,81.66
2010-10-13,83.02
2010-10-14,82.52
2010-10-15,81.3
2010-10-18,83.13
2010-10-19,79.54
2010-10-20,81.81
2010-10-21,80.1
2010-10-22,81.27
2010-10-25,81.87
2010-10-26,82.54
2010-10-27,81.91
2010-10-28,82.11
2010-10-29,81.38
2010-11-01,82.74
2010-11-02,83.83
2010-11-03,84.83
2010-11-04,86.62
2010-11-05,86.91
2010-11-08,86.96
2010-11-09,86.51
2010-11-10,87.79
2010-11-11,87.8
2010-11-12,84.97
2010-11-15,84.6
2010-11-16,82.2
2010-11-17,80.35
2010-11-18,81.9
2010-11-19,81.46
2010-11-22,81.12
2010-11-23,80.86
2010-11-24,82.82
2010-11-25,82.82
2010-11-29,85.52
2010-11-30,84.22
2010-12-01,86.68
2010-12-03,89.32
2010-12-06,89.3
2010-12-07,88.65
2010-12-08,88.45
2010-12-09,88.42
2010-12-10,87.74
2010-12-13,88.45
2010-12-14,88.13
2010-12-15,88.42
2010-12-16,87.79
2010-12-17,87.93
2010-12-20,88.57
2010-12-21,89.09
2010-12-22,89.75
2010-12-23,90.86
2010-12-27,90.87
2010-12-28,91.22
2010-12-29,91.03
2010-12-30,89.54
2010-12-31,91.44
2011-01-04,89.28
2011-01-05,90.4
2011-01-06,88.27
2011-01-07,88.21
2011-01-10,89.32
2011-01-11,89.32
2011-01-12,91.71
2011-01-13,91.3
2011-01-14,91.53
2011-01-18,91.28
2011-01-19,90.79
2011-01-20,88.67
2011-01-21,87.98
2011-01-24,86.52
2011-01-25,85.11
2011-01-26,87.48
2011-01-27,85.62
2011-01-28,89.28
2011-01-31,92.13
2011-02-01,90.7
2011-02-02,91.05
2011-02-03,90.69
2011-02-04,89.02
2011-02-07,87.43
2011-02-08,87.14
2011-02-09,86.82
2011-02-10,86.67
2011-02-11,85.44
2011-02-14,84.93
2011-02-15,84.32
2011-02-16,84.98
2011-02-17,86.32
2011-02-18,86.2
2011-02-22,94.02
2011-02-23,96.48
2011-02-24,95.61
2011-02-25,97.0
2011-02-28,97.0
2011-03-01,99.65
2011-03-02,102.2
2011-03-03,101.88
2011-03-04,104.65
2011-03-07,105.53
2011-03-08,105.06
2011-03-09,104.15
2011-03-10,102.68
2011-03-11,100.84
2011-03-14,101.17
2011-03-15,97.59
2011-03-16,98.35
2011-03-17,101.5
2011-03-18,101.4
2011-03-21,102.36
2011-03-22,104.39
2011-03-23,105.22
2011-03-24,104.95
2011-03-25,105.19
2011-03-28,104.0
2011-03-29,104.92
2011-03-30,104.23
2011-03-31,106.79
2011-04-01,108.1
2011-04-04,108.51
2011-04-05,107.72
2011-04-06,108.68
2011-04-07,110.22
2011-04-08,112.8
2011-04-11,109.38
2011-04-12,106.0
2011-04-13,107.17
2011-04-14,108.48
2011-04-15,109.64
2011-04-18,107.28
2011-04-19,107.84
2011-04-20,110.86
2011-04-21,111.76
2011-04-25,111.86
2011-04-26,112.14
2011-04-27,112.84
2011-04-28,112.87
2011-04-29,113.73
2011-05-02,113.44
2011-05-03,111.01
2011-05-04,109.21
2011-05-05,98.49
2011-05-06,97.75
2011-05-09,102.58
2011-05-10,103.83
2011-05-11,98.95
2011-05-12,98.74
2011-05-13,99.43
2011-05-16,97.12
2011-05-17,97.14
2011-05-18,99.82
2011-05-19,98.36
2011-05-20,99.46
2011-05-23,96.95
2011-05-24,99.1
2011-05-25,100.89
2011-05-26,100.15
2011-05-27,100.6
2011-05-31,102.5
2011-06-01,100.26
2011-06-02,100.49
2011-06-03,100.42
2011-06-06,98.59
2011-06-07,99.34
2011-06-08,100.82
2011-06-09,101.79
2011-06-10,99.34
2011-06-13,97.1
2011-06-14,99.24
2011-06-15,94.97
2011-06-16,94.76
2011-06-17,93.05
2011-06-20,93.34
2011-06-21,93.14
2011-06-22,94.67
2011-06-23,91.52
2011-06-24,90.87
2011-06-27,90.53
2011-06-28,92.64
2011-06-29,94.86
2011-06-30,94.97
2011-07-01,94.64
2011-07-05,96.81
2011-07-06,96.64
2011-07-07,98.48
2011-07-08,96.3
2011-07-11,94.95
2011-07-12,96.92
2011-07-13,97.8
2011-07-14,95.77
2011-07-15,97.39
2011-07-18,95.92
2011-07-19,97.79
2011-07-20,98.21
2011-07-21,99.07
2011-07-22,99.59
2011-07-25,98.88
2011-07-26,99.56
2011-07-27,97.38
2011-07-28,97.24
2011-07-29,95.89
2011-08-01,95.2
2011-08-02,93.73
2011-08-03,91.62
2011-08-04,86.84
2011-08-05,86.91
2011-08-08,81.48
2011-08-09,78.92
2011-08-10,82.09
2011-08-11,85.66
2011-08-12,85.41
2011-08-15,87.79
2011-08-16,86.9
2011-08-17,87.53
2011-08-18,81.69
2011-08-19,82.44
2011-08-22,84.44
2011-08-23,85.77
2011-08-24,85.04
2011-08-25,84.98
2011-08-26,85.41
2011-08-29,87.37
2011-08-30,88.91
2011-08-31,88.85
2011-09-01,89.06
2011-09-02,86.64
2011-09-06,85.9
2011-09-07,89.25
2011-09-08,88.7
2011-09-12,88.21
2011-09-13,89.98
2011-09-14,88.76
2011-09-15,89.29
2011-09-16,87.95
2011-09-19,85.61
2011-09-20,86.32
2011-09-21,85.59
2011-09-22,79.95
2011-09-23,80.05
2011-09-26,80.84
2011-09-27,84.28
2011-09-28,81.41
2011-09-29,82.2
2011-10-03,77.27
2011-10-04,75.34
2011-10-05,79.45
2011-10-06,82.27
2011-10-07,82.99
2011-10-10,85.26
2011-10-11,85.93
2011-10-12,85.45
2011-10-13,84.47
2011-10-14,87.23
2011-10-17,86.35
2011-10-18,88.79
2011-10-19,86.11
2011-10-20,86.11
2011-10-21,87.25
2011-10-24,91.33
2011-10-25,92.97
2011-10-26,90.62
2011-10-27,93.99
2011-10-28,93.35
2011-10-31,92.85
2011-11-01,91.5
2011-11-02,92.66
2011-11-03,94.2
2011-11-04,94.38
2011-11-07,95.79
2011-11-08,96.85
2011-11-09,96.29
2011-11-10,97.85
2011-11-11,98.9
2011-11-14,98.12
2011-11-15,99.52
2011-11-16,102.17
2011-11-17,99.14
2011-11-18,97.72
2011-11-21,96.51
2011-11-22,97.4
2011-11-23,96.54
2011-11-28,97.65
2011-11-29,99.78
2011-11-30,100.36
2011-12-01,100.09
2011-12-02,101.16
2011-12-05,100.76
2011-12-06,101.22
2011-12-07,100.37
2011-12-08,98.35
2011-12-09,99.51
2011-12-12,97.92
2011-12-13,99.84
2011-12-14,94.99
2011-12-15,93.65
2011-12-16,94.04
2011-12-19,93.65
2011-12-20,97.23
2011-12-21,98.6
2011-12-22,99.34
2011-12-23,99.58
2011-12-27,101.14
2011-12-28,99.5
2011-12-29,99.65
2011-12-30,99.65
2012-01-03,103.08
2012-01-04,103.27
2012-01-05,101.78
2012-01-06,101.72
2012-01-09,101.24
2012-01-10,102.32
2012-01-11,100.9
2012-01-12,98.84
2012-01-13,99.15
2012-01-17,100.66
2012-01-18,100.76
2012-01-19,100.27
2012-01-20,98.44
2012-01-23,99.7
2012-01-24,98.85
2012-01-25,99.39
2012-01-26,99.82
2012-01-27,99.67
2012-01-30,98.91
2012-01-31,98.46
2012-02-01,97.59
2012-02-02,96.7
2012-02-03,97.65
2012-02-06,97.17
2012-02-07,98.77
2012-02-08,98.98
2012-02-09,99.89
2012-02-10,98.92
2012-02-13,100.68
2012-02-14,100.93
2012-02-15,101.79
2012-02-16,101.68
2012-02-17,103.93
2012-02-21,105.79
2012-02-22,105.94
2012-02-23,107.55
2012-02-24,109.42
2012-02-27,108.42
2012-02-28,106.67
2012-02-29,107.1
2012-03-01,109.91
2012-03-02,106.62
2012-03-05,106.83
2012-03-06,104.84
2012-03-07,106.44
2012-03-08,107.0
2012-03-09,107.38
2012-03-12,106.53
2012-03-13,106.89
2012-03-14,105.66
2012-03-15,105.25
2012-03-19,108.03
2012-03-20,105.86
2012-03-21,106.81
2012-03-22,105.1
2012-03-23,106.53
2012-03-26,107.15
2012-03-27,107.28
2012-03-28,105.42
2012-03-30,103.22
2012-04-02,105.38
2012-04-03,104.14
2012-04-04,101.99
2012-04-05,103.23
2012-04-09,102.46
2012-04-10,101.12
2012-04-11,102.69
2012-04-12,103.68
2012-04-13,102.91
2012-04-16,103.09
2012-04-17,104.3
2012-04-18,102.69
2012-04-19,102.34
2012-04-20,103.49
2012-04-23,102.54
2012-04-24,103.11
2012-04-25,103.6
2012-04-26,104.64
2012-04-27,104.88
2012-04-30,104.77
2012-05-01,106.04
2012-05-02,105.21
2012-05-03,102.57
2012-05-04,98.6
2012-05-07,98.13
2012-05-08,97.27
2012-05-09,96.39
2012-05-10,96.91
2012-05-11,95.9
2012-05-14,94.43
2012-05-15,93.31
2012-05-16,92.78
2012-05-17,92.46
2012-05-18,91.82
2012-05-21,92.73
2012-05-22,91.29
2012-05-23,90.02
2012-05-24,90.39
2012-05-25,90.66
2012-05-29,90.78
2012-05-30,87.46
2012-05-31,86.65
2012-06-01,83.34
2012-06-04,84.04
2012-06-05,84.08
2012-06-06,85.1
2012-06-07,84.33
2012-06-08,84.5
2012-06-11,82.13
2012-06-12,83.28
2012-06-13,82.47
2012-06-14,84.34
2012-06-15,84.01
2012-06-18,82.85
2012-06-19,84.18
2012-06-20,80.85
2012-06-21,78.24
2012-06-22,79.64
2012-06-25,78.99
2012-06-26,79.41
2012-06-27,80.3
2012-06-28,78.11
2012-06-29,84.8
2012-07-02,83.49
2012-07-03,87.57
2012-07-05,86.95
2012-07-06,84.25
2012-07-09,85.63
2012-07-10,83.93
2012-07-11,86.06
2012-07-12,85.89
2012-07-13,87.27
2012-07-16,88.29
2012-07-17,88.96
2012-07-18,89.82
2012-07-19,92.43
2012-07-20,91.44
2012-07-23,87.81
2012-07-24,88.37
2012-07-25,88.77
2012-07-26,89.53
2012-07-27,90.27
2012-07-30,89.61
2012-07-31,87.57
2012-08-01,88.83
2012-08-02,87.18
2012-08-03,91.35
2012-08-06,92.09
2012-08-07,93.38
2012-08-08,93.28
2012-08-09,93.36
2012-08-10,93.12
2012-08-13,92.8
2012-08-14,93.37
2012-08-15,94.25
2012-08-16,95.32
2012-08-17,96.09
2012-08-20,95.86
2012-08-21,96.55
2012-08-22,97.04
2012-08-23,95.73
2012-08-24,95.6
2012-08-27,95.48
2012-08-28,96.4
2012-08-29,95.47
2012-08-30,94.78
2012-08-31,96.44
2012-09-04,95.52
2012-09-05,95.47
2012-09-06,94.97
2012-09-07,96.31
2012-09-10,96.4
2012-09-11,96.97
2012-09-12,96.83
2012-09-13,98.08
2012-09-14,99.0
2012-09-17,96.34
2012-09-18,95.31
2012-09-19,91.81
2012-09-20,92.55
2012-09-21,92.69
2012-09-24,91.61
2012-09-25,90.75
2012-09-26,89.84
2012-09-27,92.11
2012-09-28,92.05
2012-10-01,92.45
2012-10-02,91.83
2012-10-03,87.87
2012-10-04,91.6
2012-10-05,89.88
2012-10-08,89.63
2012-10-09,92.28
2012-10-10,91.39
2012-10-11,92.39
2012-10-12,91.85
2012-10-15,91.79
2012-10-16,92.01
2012-10-17,91.93
2012-10-18,92.09
2012-10-19,90.12
2012-10-22,88.5
2012-10-23,86.28
2012-10-24,85.25
2012-10-25,85.68
2012-10-26,86.06
2012-10-29,85.3
2012-10-30,85.51
2012-10-31,86.1
2012-11-01,86.92
2012-11-02,84.87
2012-11-05,85.76
2012-11-06,88.32
2012-11-07,84.57
2012-11-08,85.11
2012-11-09,86.06
2012-11-12,85.58
2012-11-14,86.28
2012-11-15,85.25
2012-11-16,86.63
2012-11-19,88.85
2012-11-20,86.64
2012-11-21,86.8
2012-11-26,87.76
2012-11-27,87.28
2012-11-28,86.63
2012-11-29,87.9
2012-11-30,88.88
2012-12-03,89.03
2012-12-04,88.49
2012-12-05,87.9
2012-12-06,86.29
2012-12-07,85.91
2012-12-10,85.58
2012-12-11,85.78
2012-12-12,86.9
2012-12-13,86.08
2012-12-14,86.81
2012-12-17,87.32
2012-12-18,87.99
2012-12-19,89.49
2012-12-20,89.62
2012-12-21,88.29
2012-12-24,88.28
2012-12-26,91.05
2012-12-27,91.12
2012-12-28,91.01
2012-12-31,91.56
2013-01-02,92.87
2013-01-03,92.76
2013-01-04,93.04
2013-01-07,93.23
2013-01-08,93.23
2013-01-09,93.16
2013-01-10,93.84
2013-01-11,93.7
2013-01-14,94.2
2013-01-15,93.41
2013-01-16,94.25
2013-01-17,95.37
2013-01-18,95.44
2013-01-21,95.44
2013-01-22,96.15
2013-01-23,94.88
2013-01-24,95.16
2013-01-25,95.53
2013-01-28,96.46
2013-01-29,97.36
2013-01-30,97.96
2013-01-31,97.44
2013-02-01,97.63
2013-02-04,96.26
2013-02-05,96.65
2013-02-06,96.7
2013-02-07,95.76
2013-02-11,96.92
2013-02-12,97.46
2013-02-13,97.05
2013-02-14,97.37
2013-02-15,95.94
2013-02-19,96.53
2013-02-20,94.51
2013-02-21,92.74
2013-02-22,92.9
2013-02-25,92.77
2013-02-26,92.53
2013-02-27,92.88
2013-02-28,91.84
2013-03-01,90.93
2013-03-04,89.99
2013-03-05,90.82
2013-03-06,90.43
2013-03-07,91.53
2013-03-08,91.83
2013-03-11,91.87
2013-03-12,92.5
2013-03-13,92.27
2013-03-14,92.98
2013-03-15,93.5
2013-03-18,93.77
2013-03-19,92.23
2013-03-20,93.15
2013-03-21,92.1
2013-03-22,93.39
2013-03-25,94.34
2013-03-26,96.29
2013-03-27,96.51
2013-03-28,97.06
2013-04-01,97.01
2013-04-02,96.96
2013-04-03,94.45
2013-04-04,93.2
2013-04-05,92.85
2013-04-08,93.42
2013-04-09,94.18
2013-04-10,94.46
2013-04-11,93.27
2013-04-12,91.19
2013-04-15,88.43
2013-04-16,88.58
2013-04-17,86.82
2013-04-18,88.32
2013-04-19,87.92
2013-04-22,89.0
2013-04-23,88.99
2013-04-24,91.16
2013-04-25,93.64
2013-04-26,92.88
2013-04-29,94.15
2013-04-30,93.25
2013-05-01,94.15
2013-05-02,92.88
2013-05-03,95.49
2013-05-06,95.79
2013-05-07,95.64
2013-05-08,96.49
2013-05-09,95.86
2013-05-10,95.95
2013-05-13,94.9
2013-05-14,94.11
2013-05-15,94.23
2013-05-16,95.04
2013-05-17,96.01
2013-05-20,96.69
2013-05-21,95.88
2013-05-22,93.9
2013-05-23,94.01
2013-05-24,93.62
2013-05-28,95.03
2013-05-29,93.03
2013-05-30,93.67
2013-05-31,91.84
2013-06-03,93.35
2013-06-04,93.38
2013-06-05,93.75
2013-06-06,94.64
2013-06-07,96.19
2013-06-10,95.82
2013-06-11,95.4
2013-06-12,95.88
2013-06-13,96.65
2013-06-14,97.83
2013-06-17,97.82
2013-06-18,98.43
2013-06-19,97.77
2013-06-20,94.72
2013-06-21,94.01
2013-06-24,95.03
2013-06-25,95.15
2013-06-26,95.6
2013-06-27,96.96
2013-06-28,96.51
2013-07-01,97.94
2013-07-02,99.5
2013-07-03,101.19
2013-07-05,103.12
2013-07-08,103.0
2013-07-09,103.8
2013-07-10,106.15
2013-07-11,104.7
2013-07-12,106.14
2013-07-15,106.33
2013-07-16,105.91
2013-07-17,106.46
2013-07-18,107.92
2013-07-19,108.34
2013-07-22,106.52
2013-07-23,107.24
2013-07-24,105.13
2013-07-25,105.64
2013-07-26,104.72
2013-07-29,104.53
2013-07-30,103.1
2013-07-31,105.13
2013-08-01,107.84
2013-08-02,106.8
2013-08-05,106.46
2013-08-06,105.43
2013-08-07,104.31
2013-08-08,103.55
2013-08-09,106.1
2013-08-12,106.2
2013-08-13,106.64
2013-08-14,106.86
2013-08-15,107.24
2013-08-16,107.47
2013-08-19,106.93
2013-08-20,105.14
2013-08-21,103.99
2013-08-22,105.15
2013-08-23,106.54
2013-08-26,106.0
2013-08-27,109.0
2013-08-28,109.88
2013-08-29,108.76
2013-08-30,107.78
2013-09-03,108.5
2013-09-04,107.06
2013-09-05,108.38
2013-09-06,110.49
2013-09-09,109.12
2013-09-10,107.26
2013-09-11,107.61
2013-09-12,108.58
2013-09-13,108.23
2013-09-16,106.34
2013-09-17,105.28
2013-09-20,104.81
2013-09-23,103.66
2013-09-24,103.42
2013-09-25,102.42
2013-09-26,102.98
2013-10-01,101.83
2013-10-02,104.03
2013-10-03,103.0
2013-10-04,103.7
2013-10-07,103.03
2013-10-08,103.5
2013-10-09,101.34
2013-10-10,102.89
2013-10-11,101.88
2013-10-14,102.21
2013-10-15,101.06
2013-10-16,102.22
2013-10-17,100.69
2013-10-18,100.71
2013-10-21,99.17
2013-10-22,97.84
2013-10-23,96.3
2013-10-24,96.59
2013-10-25,97.61
2013-10-28,98.73
2013-10-29,98.21
2013-10-30,96.69
2013-10-31,96.26
2013-11-01,94.38
2013-11-04,94.5
2013-11-05,93.38
2013-11-06,94.8
2013-11-07,94.38
2013-11-08,94.46
2013-11-11,95.14
2013-11-12,92.99
2013-11-13,93.69
2013-11-14,93.82
2013-11-15,93.62
2013-11-18,92.97
2013-11-19,93.34
2013-11-20,93.93
2013-11-21,94.83
2013-11-22,94.53
2013-11-25,94.0
2013-11-26,93.82
2013-11-27,92.1
2013-12-02,93.91
2013-12-03,96.03
2013-12-04,97.05
2013-12-05,97.55
2013-12-06,97.64
2013-12-09,97.48
2013-12-10,98.42
2013-12-11,97.42
2013-12-12,97.45
2013-12-13,96.53
2013-12-16,97.41
2013-12-17,97.03
2013-12-18,97.8
2013-12-19,98.49
2013-12-20,98.84
2013-12-23,98.45
2013-12-24,98.81
2013-12-26,99.61
2013-12-27,100.19
2013-12-30,99.25
2013-12-31,98.66
2014-01-02,95.57
2014-01-03,94.21
2014-01-06,93.71
2014-01-07,93.8
2014-01-08,92.46
2014-01-09,92.26
2014-01-10,92.78
2014-01-13,91.52
2014-01-14,92.48
2014-01-15,94.37
2014-01-16,94.03
2014-01-17,94.19
2014-01-21,95.07
2014-01-22,96.8
2014-01-23,97.48
2014-01-27,95.86
2014-01-29,97.28
2014-01-31,97.44
2014-02-04,97.45
2014-02-06,97.85
2014-02-07,100.02
2014-02-10,100.15
2014-02-11,99.92
2014-02-12,100.3
2014-02-13,100.27
2014-02-14,100.37
2014-02-18,102.65
2014-02-19,103.72
2014-02-20,103.09
2014-02-21,102.43
2014-02-24,103.0
2014-02-25,102.38
2014-02-26,102.67
2014-02-27,102.3
2014-02-28,102.56
2014-03-03,104.78
2014-03-04,103.23
2014-03-05,101.35
2014-03-06,101.8
2014-03-07,102.63
2014-03-10,101.12
2014-03-11,99.73
2014-03-12,98.01
2014-03-13,98.28
2014-03-14,99.12
2014-03-17,98.02
2014-03-18,99.68
2014-03-19,100.27
2014-03-20,99.23
2014-03-21,99.89
2014-03-24,99.86
2014-03-25,99.53
2014-03-26,100.28
2014-03-27,101.3
2014-03-28,101.6
2014-03-31,101.45
2014-04-01,99.58
2014-04-02,99.63
2014-04-03,100.32
2014-04-07,100.6
2014-04-08,102.52
2014-04-09,103.48
2014-04-11,103.6
2014-04-14,103.65
2014-04-15,103.57
2014-04-16,103.77
2014-04-17,104.4
2014-04-22,101.96
2014-04-23,101.79
2014-04-28,100.9
2014-04-29,101.08
2014-04-30,99.77
2014-05-01,99.47
2014-05-02,99.79
2014-05-05,99.41
2014-05-06,99.69
2014-05-07,100.74
2014-05-08,100.15
2014-05-09,100.04
2014-05-12,100.62
2014-05-13,101.74
2014-05-14,102.15
2014-05-15,101.52
2014-05-16,102.03
2014-05-19,102.61
2014-05-20,102.79
2014-05-21,104.3
2014-05-22,104.29
2014-05-23,105.0
2014-05-27,104.18
2014-05-30,102.75
2014-06-03,102.77
2014-06-04,102.52
2014-06-05,102.57
2014-06-06,102.82
2014-06-09,104.41
2014-06-10,104.38
2014-06-11,104.48
2014-06-12,106.53
2014-06-13,106.66
2014-06-16,106.76
2014-06-17,106.27
2014-06-18,106.16
2014-06-19,106.62
2014-06-20,107.53
2014-06-23,106.7
2014-06-24,106.54
2014-06-25,107.27
2014-06-26,105.66
2014-06-27,105.71
2014-06-30,105.4
2014-07-01,105.32
2014-07-02,104.36
2014-07-03,103.84
2014-07-07,103.46
2014-07-08,103.54
2014-07-09,102.21
2014-07-10,102.98
2014-07-11,100.65
2014-07-14,101.04
2014-07-15,99.84
2014-07-16,101.24
2014-07-17,103.09
2014-07-18,103.01
2014-07-21,104.85
2014-07-22,103.89
2014-07-23,106.96
2014-07-24,105.46
2014-07-25,105.82
2014-07-28,101.72
2014-07-29,100.91
2014-07-30,99.93
2014-08-01,97.5
2014-08-05,97.4
2014-08-06,96.97
2014-08-08,97.6
2014-08-11,98.05
2014-08-12,97.37
2014-08-15,97.11
2014-08-18,96.48
2014-08-19,94.76
2014-08-22,95.96
2014-08-25,94.87
2014-08-26,93.9
2014-08-27,93.89
2014-08-29,95.86
2014-09-02,93.0
2014-09-03,95.39
2014-09-08,92.89
2014-09-09,92.7
2014-09-10,91.62
2014-09-12,92.17
2014-09-15,92.97
2014-09-16,94.84
2014-09-17,94.16
2014-09-19,92.5
2014-09-22,91.67
2014-09-23,92.43
2014-09-24,94.11
2014-09-26,93.47
2014-09-29,94.57
2014-09-30,91.28
2014-10-01,90.7
2014-10-10,85.86
2014-10-14,81.83
2014-10-15,81.49
2014-10-17,83.09
2014-10-20,82.85
2014-10-21,83.43
2014-10-22,81.34
2014-10-28,81.39
2014-11-02,80.76
2014-11-03,78.3
2014-11-04,77.21
2014-11-05,78.87
2014-11-07,78.68
2014-11-10,77.36
2014-11-11,77.83
2014-11-14,75.97
2014-11-17,75.56
2014-11-18,74.45
2014-11-19,74.46
2014-11-24,75.85
2014-11-25,73.97
2014-11-26,73.75
2014-12-01,69.21
2014-12-02,67.07
2014-12-03,67.28
2014-12-05,65.7
2014-12-08,63.11
2014-12-09,63.77
2014-12-10,60.99
2014-12-12,57.73
2014-12-15,55.54
2014-12-16,55.93
2014-12-17,56.16
2014-12-19,57.75
2014-12-23,57.02
2014-12-24,55.61
2014-12-29,53.58
2014-12-30,53.77
2015-01-02,53.0
2015-01-05,49.95
2015-01-07,48.56
2015-01-08,48.61
2015-01-09,48.36
2015-01-12,46.01
2015-01-13,46.09
2015-01-14,48.11
2015-01-16,48.4
2015-01-20,46.33
2015-01-21,47.17
2015-01-23,45.35
2015-01-26,45.14
2015-01-27,45.98
2015-01-28,44.43
2015-02-02,49.6
2015-02-03,52.74
2015-02-04,48.75
2015-02-06,52.05
2015-02-09,52.78
2015-02-10,50.3
2015-02-11,49.13
2015-02-13,52.84
2015-02-23,48.47
2015-02-27,49.3
2015-03-03,50.37
2015-03-04,51.72
2015-03-06,49.63
2015-03-09,50.03
2015-03-10,48.59
2015-03-11,48.22
2015-03-13,45.08
2015-03-16,43.9
2015-03-17,43.18
2015-03-18,44.67
2015-03-20,45.38
2015-03-24,47.0
2015-03-25,48.56
2015-03-27,48.47
2015-03-30,48.6
2015-03-31,47.63
2015-04-06,52.06
2015-04-07,53.85
2015-04-08,50.71
2015-04-10,51.76
2015-04-13,51.88
2015-04-14,53.25
2015-04-15,55.84
2015-04-17,55.9
2015-04-20,56.32
2015-04-21,55.5
2015-04-22,55.19
2015-04-24,55.98
2015-04-27,56.96
2015-04-28,56.94
2015-04-29,58.48
2015-05-01,59.28
2015-05-04,58.98
2015-05-05,60.51
2015-05-06,60.89
2015-05-08,59.37
2015-05-11,59.18
2015-05-12,60.59
2015-05-13,60.24
2015-05-15,59.92
2015-05-18,59.65
2015-05-19,57.3
2015-05-20,58.38
2015-05-22,59.09
2015-05-26,58.07
2015-05-27,57.59
2015-05-29,60.23
2015-06-01,60.26
2015-06-02,61.34
2015-06-03,59.7
2015-06-05,59.0
2015-06-08,58.2
2015-06-09,59.98
2015-06-10,61.23
2015-06-12,60.0
2015-06-15,59.62
2015-06-16,60.03
2015-06-17,59.94
2015-06-19,59.63
2015-06-22,59.84
2015-06-23,60.97
2015-06-24,60.12
2015-06-29,58.28
2015-06-30,59.38
2015-07-06,52.54
2015-07-07,52.91
2015-07-08,51.66
2015-07-13,52.16
2015-07-14,52.81
2015-07-15,51.36
2015-07-20,50.02
2015-07-21,50.46
2015-07-24,47.75
2015-07-27,47.12
2015-07-28,47.77
2015-07-29,48.67
2015-07-31,46.92
2015-08-04,45.73
2015-08-05,45.17
2015-08-07,43.76
2015-08-10,44.75
2015-08-11,43.23
2015-08-12,43.32
2015-08-14,42.34
2015-08-17,41.92
2015-08-18,42.4
2015-08-19,40.72
2015-08-21,40.06
2015-08-24,37.82
2015-08-25,39.09
2015-08-26,38.85
2015-08-31,48.66
2015-09-01,45.25
2015-09-02,46.0
2015-09-04,45.96
2015-09-08,45.7
2015-09-09,44.35
2015-09-11,44.76
2015-09-14,44.11
2015-09-15,44.67
2015-09-16,47.03
2015-09-17,46.99
2015-09-18,44.87
2015-09-21,46.44
2015-09-25,45.52
2015-09-29,45.24
2015-09-30,45.17
2015-10-02,45.64
2015-10-05,46.37
2015-10-06,48.52
2015-10-07,47.84
2015-10-09,49.62
2015-10-12,47.27
2015-10-19,46.09
2015-10-20,45.84
2015-10-21,44.75
2015-10-23,43.92
2015-10-26,43.97
2015-10-27,43.19
2015-10-28,45.63
2015-10-30,46.38
2015-11-02,46.15
2015-11-03,47.98
2015-11-04,46.54
2015-11-06,44.39
2015-11-09,44.0
2015-11-10,44.26
2015-11-11,43.07
2015-11-13,40.79
2015-11-16,42.06
2015-11-17,40.75
2015-11-18,40.95
2015-11-20,40.08
2015-11-23,38.41
2015-11-25,41.56
2015-11-30,41.62
2015-12-01,41.59
2015-12-04,40.06
2015-12-07,37.59
2015-12-08,37.52
2015-12-11,35.59
2015-12-14,36.28
2015-12-15,37.22
2015-12-16,35.6
2015-12-18,34.58
2015-12-21,34.59
2015-12-22,35.42
2015-12-24,37.58
2015-12-29,37.87
2015-12-30,36.68
2015-12-31,37.58
2016-01-04,36.77
2016-01-05,35.85
2016-01-06,33.86
2016-01-08,33.07
2016-01-11,31.16
2016-01-12,30.49
2016-01-13,30.44
2016-01-15,29.74
2016-01-19,28.35
2016-01-20,26.54
2016-01-22,30.88
2016-01-25,28.7
2016-01-26,31.27
2016-01-27,31.82
2016-01-29,33.73
2016-02-01,31.42
2016-02-03,32.41
2016-02-05,30.85
2016-02-08,29.97
2016-02-09,28.43
2016-02-10,27.69
2016-02-12,29.18
2016-02-16,29.16
2016-02-17,30.58
2016-02-19,29.84
2016-02-22,31.27
2016-02-23,30.06
2016-02-26,33.04
2016-02-29,33.79
2016-03-01,34.42
2016-03-02,34.68
2016-03-07,37.95
2016-03-08,36.33
2016-03-09,38.14
2016-03-11,38.48
2016-03-14,37.3
2016-03-15,36.49
2016-03-16,38.45
2016-04-04,35.83
2016-04-05,36.03
2016-04-06,37.65
2016-04-08,39.57
2016-04-11,40.53
2016-04-12,42.16
2016-04-13,41.68
2016-04-15,40.33
2016-04-18,39.81
2016-04-19,41.02
2016-04-20,42.6
2016-04-22,42.66
2016-04-25,41.39
2016-04-26,44.04
2016-04-27,45.37
2016-04-29,46.07
2016-05-02,44.82
2016-05-03,43.76
2016-05-06,44.68
2016-05-09,43.43
2016-05-10,44.67
2016-05-11,46.1
2016-05-13,46.21
2016-05-16,47.8
2016-05-17,48.53
2016-05-18,48.07
2016-05-20,47.81
2016-05-23,47.48
2016-05-24,48.28
2016-05-25,49.23
2016-05-27,49.4
2016-05-31,48.89
2016-06-01,49.24
2016-06-03,48.73
2016-06-06,49.67
2016-06-07,50.44
2016-06-08,51.19
2016-06-10,48.99
2016-06-13,48.79
2016-06-14,48.51
2016-06-15,47.88
2016-06-17,48.09
2016-06-20,49.25
2016-06-21,48.86
2016-06-22,48.33
2016-06-24,46.92
2016-06-27,46.46
2016-06-28,47.86
2016-06-29,49.51
2016-07-08,45.41
2016-07-11,44.76
2016-07-12,46.8
2016-07-13,44.75
2016-07-15,45.95
2016-07-18,45.24
2016-07-19,44.65
2016-07-20,44.94
2016-07-22,43.47
2016-07-25,42.43
2016-07-26,42.92
2016-07-27,41.92
2016-07-29,41.6
2016-08-01,40.06
2016-08-02,39.51
2016-08-03,40.83
2016-08-05,41.8
2016-08-08,43.02
2016-08-09,42.77
2016-08-10,41.71
2016-08-12,44.49
2016-08-15,45.74
2016-08-16,46.58
2016-08-17,46.79
2016-08-19,48.52
2016-08-22,47.05
2016-08-23,47.65
2016-08-24,46.42
2016-08-26,47.64
2016-08-29,46.98
2016-08-30,46.35
2016-08-31,44.7
2016-09-02,44.44
2016-09-06,44.83
2016-09-07,45.5
2016-09-09,45.88
2016-09-12,46.29
2016-09-13,44.9
2016-09-14,43.58
2016-09-16,43.03
2016-09-19,43.3
2016-09-20,43.44
2016-09-21,45.09
2016-09-23,44.28
2016-09-26,45.93
2016-09-27,44.67
2016-09-28,47.05
2016-10-03,48.81
2016-10-04,48.69
2016-10-05,49.83
2016-10-07,49.81
2016-10-10,51.35
2016-10-11,50.79
2016-10-14,50.35
2016-10-17,49.94
2016-10-18,50.29
2016-10-19,51.6
2016-10-24,50.12
2016-10-25,49.51
2016-10-26,49.18
2016-10-28,48.7
2016-10-31,45.86
2016-11-01,46.67
2016-11-02,45.34
2016-11-04,44.07
2016-11-07,44.89
2016-11-08,44.98
2016-11-09,45.27
2016-11-11,43.41
2016-11-14,43.32
2016-11-15,45.81
2016-11-16,45.57
2016-11-18,45.69
2016-11-21,47.49
2016-11-22,46.58
2016-11-23,46.66
2016-11-25,46.66
2016-11-28,47.08
2016-11-29,45.23
2016-11-30,49.44
2016-12-02,51.68
2016-12-05,51.79
2016-12-06,50.93
2016-12-09,51.5
2016-12-12,52.83
2016-12-13,52.98
2016-12-14,51.04
2016-12-16,51.9
2016-12-19,52.12
2016-12-20,52.23
2016-12-21,51.59
2016-12-23,51.97
2016-12-28,54.06
2016-12-30,53.72
2017-01-03,52.33
2017-01-04,53.26
2017-01-06,53.99
2017-01-09,51.96
2017-01-10,50.82
2017-01-11,52.25
2017-01-13,52.37
2017-01-17,52.48
2017-01-23,51.95
2017-02-01,53.88
2017-02-02,53.54
2017-02-03,53.83
2017-02-06,53.01
2017-02-07,52.17
2017-02-08,52.34
2017-02-09,53.0
2017-02-10,53.86
2017-02-13,52.93
2017-02-14,53.2
2017-02-15,53.11
2017-02-16,53.36
2017-02-17,53.4
2017-02-21,54.06
2017-02-22,53.59
2017-02-23,54.45
2017-02-24,53.99
2017-02-27,54.05
2017-02-28,54.01
2017-03-01,53.83
2017-03-02,52.61
2017-03-03,53.33
2017-03-06,53.2
2017-03-07,53.14
2017-03-08,50.28
2017-03-09,49.28
2017-03-10,48.49
2017-03-13,48.4
2017-03-14,47.72
2017-03-15,48.86
2017-03-16,48.75
2017-03-17,48.78
2017-03-20,48.22
2017-03-21,47.34
2017-03-22,48.04
2017-03-23,47.7
2017-03-24,47.97
2017-03-27,47.73
2017-03-28,48.37
2017-03-29,49.51
2017-03-30,50.35
2017-03-31,50.6
2017-04-03,50.24
2017-04-04,51.03
2017-04-05,51.15
2017-04-06,51.7
2017-04-07,52.24
2017-04-10,53.08
2017-04-11,53.4
2017-04-12,53.11
2017-04-13,53.18
2017-04-17,52.65
2017-04-18,52.41
2017-04-19,50.44
2017-04-20,50.27
2017-04-21,49.62
2017-04-24,48.75
2017-04-25,49.56
2017-04-26,49.62
2017-04-27,48.97
2017-04-28,49.33
2017-05-01,48.84
2017-05-02,47.66
2017-05-03,47.82
2017-05-04,45.52
2017-05-05,46.22
2017-05-08,46.43
2017-05-09,45.88
2017-05-10,47.33
2017-05-11,47.83
2017-05-12,47.84
2017-05-15,48.85
2017-05-16,48.66
2017-05-17,49.07
2017-05-18,49.35
2017-05-19,50.33
2017-05-22,50.73
2017-05-23,51.47
2017-05-24,51.36
2017-05-25,48.9
2017-05-26,49.8
2017-05-30,49.66
2017-05-31,48.32
2017-06-01,48.36
2017-06-02,47.66
2017-06-05,47.4
2017-06-06,48.19
2017-06-07,45.72
2017-06-08,45.64
2017-06-09,45.83
2017-06-12,46.08
2017-06-13,46.46
2017-06-14,44.73
2017-06-15,44.46
2017-06-16,44.74
2017-06-19,44.2
2017-06-20,43.23
2017-06-21,42.53
2017-06-22,42.74
2017-06-23,43.01
2017-06-26,43.38
2017-06-27,44.24
2017-06-28,44.74
2017-06-29,44.93
2017-06-30,46.04
2017-07-03,47.07
2017-07-05,45.13
2017-07-06,45.52
2017-07-07,44.23
2017-07-10,44.4
2017-07-11,45.04
2017-07-12,45.49
2017-07-13,46.08
2017-07-14,46.54
2017-07-17,46.02
2017-07-18,46.4
2017-07-19,47.12
2017-07-20,46.79
2017-07-21,45.77
2017-07-24,46.34
2017-07-25,47.89
2017-07-26,48.75
2017-07-27,49.04
2017-07-28,49.71
2017-07-31,50.17
2017-08-01,49.16
2017-08-02,49.59
2017-08-03,49.03
2017-08-04,49.58
2017-08-07,49.39
2017-08-08,49.17
2017-08-09,49.56
2017-08-10,48.59
2017-08-11,48.82
2017-08-14,47.59
2017-08-15,47.55
2017-08-16,46.78
2017-08-17,47.09
2017-08-18,48.51
2017-08-21,47.37
2017-08-22,47.64
2017-08-23,48.41
2017-08-24,47.43
2017-08-25,47.87
2017-08-28,46.57
2017-08-29,46.44
2017-08-30,45.96
2017-08-31,47.23
2017-09-01,47.29
2017-09-04,47.4
2017-09-05,48.66
2017-09-06,49.16
2017-09-07,49.09
2017-09-08,47.48
2017-09-11,48.07
2017-09-12,48.23
2017-09-13,49.3
2017-09-14,49.89
2017-09-15,49.89
2017-09-18,49.91
2017-09-19,49.48
2017-09-20,50.41
2017-09-21,50.55
2017-09-22,50.66
2017-09-25,52.22
2017-09-26,51.88
2017-09-27,52.14
2017-09-28,51.56
2017-09-29,51.67
2017-10-02,50.58
2017-10-03,50.42
2017-10-04,49.98
2017-10-05,50.79
2017-10-06,49.29
2017-10-09,49.58
2017-10-10,50.92
2017-10-11,51.3
2017-10-12,50.6
2017-10-13,51.45
2017-10-16,51.87
2017-10-17,51.88
2017-10-18,52.04
2017-10-19,51.29
2017-10-20,51.47
2017-10-23,51.9
2017-10-24,52.47
2017-10-25,52.18
2017-10-26,52.64
2017-10-27,53.9
2017-10-30,54.15
2017-10-31,54.38
2017-11-01,54.3
2017-11-02,54.54
2017-11-03,55.64
2017-11-06,57.35
2017-11-07,57.2
2017-11-08,56.81
2017-11-09,57.17
2017-11-10,56.74
2017-11-13,56.76
2017-11-14,55.7
2017-11-15,55.33
2017-11-16,55.14
2017-11-17,56.55
2017-11-20,56.09
2017-11-21,56.83
2017-11-22,58.02
2017-11-23,58.55
2017-11-24,58.95
2017-11-27,58.11
2017-11-28,57.99
2017-11-29,57.3
2017-11-30,57.4
2017-12-01,58.36
2017-12-04,57.47
2017-12-05,57.62
2017-12-06,55.96
2017-12-07,56.69
2017-12-08,57.36
2017-12-11,57.99
2017-12-12,57.14
2017-12-13,56.6
2017-12-14,57.04
2017-12-15,57.3
2017-12-18,57.16
2017-12-19,57.46
2017-12-20,58.09
2017-12-21,58.36
2017-12-22,58.47
2017-12-26,59.97
2017-12-27,59.64
2017-12-28,59.84
2017-12-29,60.42
2018-01-02,60.37
2018-01-03,61.63
2018-01-04,62.01
2018-01-05,61.44
2018-01-08,61.73
2018-01-09,62.96
2018-01-10,63.57
2018-01-11,63.8
2018-01-12,64.3
2018-01-15,64.82
2018-01-16,63.73
2018-01-17,63.97
2018-01-18,63.95
2018-01-19,63.37
2018-01-22,63.49
2018-01-23,64.47
2018-01-24,65.61
2018-01-25,65.51
2018-01-26,66.14
2018-01-29,65.56
2018-01-30,64.5
2018-01-31,64.73
2018-02-01,65.8
2018-02-02,65.45
2018-02-05,64.15
2018-02-06,63.39
2018-02-07,61.79
2018-02-08,61.15
2018-02-09,59.2
2018-02-12,59.29
2018-02-13,59.19
2018-02-14,60.6
2018-02-15,61.34
2018-02-16,61.68
2018-02-19,62.39
2018-02-20,61.79
2018-02-21,61.68
2018-02-22,62.77
2018-02-23,63.55
2018-02-26,63.91
2018-02-27,63.01
2018-02-28,61.64
2018-03-01,60.99
2018-03-02,61.25
2018-03-05,62.57
2018-03-06,62.6
2018-03-07,61.15
2018-03-08,60.12
2018-03-09,62.04
2018-03-12,61.36
2018-03-13,60.71
2018-03-14,60.96
2018-03-15,61.19
2018-03-16,62.34
2018-03-19,62.06
2018-03-20,63.4
2018-03-21,65.17
2018-03-22,64.3
2018-03-23,65.88
2018-03-26,65.55
2018-03-27,65.25
2018-03-28,64.38
2018-03-29,64.94
2018-04-02,63.01
2018-04-03,63.51
2018-04-04,63.37
2018-04-05,63.54
2018-04-06,62.06
2018-04-09,63.42
2018-04-10,65.51
2018-04-11,66.82
2018-04-12,67.07
2018-04-13,67.39
2018-04-16,66.22
2018-04-17,66.52
2018-04-18,68.47
2018-04-19,68.29
2018-04-20,68.4
2018-04-23,68.64
2018-04-24,67.7
2018-04-25,68.05
2018-04-26,68.19
2018-04-27,68.1
2018-04-30,68.57
2018-05-01,67.25
2018-05-02,67.93
2018-05-03,68.43
2018-05-04,69.72
2018-05-07,70.73
2018-05-08,69.06
2018-05-09,71.14
2018-05-10,71.36
2018-05-11,70.7
2018-05-14,70.96
2018-05-15,71.31
2018-05-16,71.49
2018-05-17,71.49
2018-05-18,71.28
2018-05-21,72.24
2018-05-22,72.13
2018-05-23,71.84
2018-05-24,70.71
2018-05-25,67.88
2018-05-28,66.52
2018-05-29,66.73
2018-05-30,68.21
2018-05-31,67.04
2018-06-01,65.81
2018-06-04,64.75
2018-06-05,65.52
2018-06-06,64.73
2018-06-07,65.95
2018-06-08,65.74
2018-06-11,66.1
2018-06-12,66.36
2018-06-13,66.64
2018-06-14,66.89
2018-06-15,65.06
2018-06-18,65.85
2018-06-19,65.07
2018-06-20,66.22
2018-06-21,65.54
2018-06-22,68.58
2018-06-25,68.08
2018-06-26,70.53
2018-06-27,72.76
2018-06-28,73.45
2018-06-29,74.15
2018-07-02,73.94
2018-07-03,74.14
2018-07-04,74.33
2018-07-05,72.94
2018-07-06,73.8
2018-07-09,73.85
2018-07-10,74.11
2018-07-11,70.38
2018-07-12,70.33
2018-07-13,71.01
2018-07-16,68.06
2018-07-17,68.08
2018-07-18,68.76
2018-07-19,69.46
2018-07-20,68.26
2018-07-23,67.89
2018-07-24,68.52
2018-07-25,69.3
2018-07-26,69.61
2018-07-27,68.69
2018-07-30,70.13
2018-07-31,68.76
2018-08-01,67.66
2018-08-02,68.96
2018-08-03,68.49
2018-08-06,69.01
2018-08-07,69.17
2018-08-08,66.94
2018-08-09,66.81
2018-08-10,67.63
2018-08-13,67.2
2018-08-14,67.04
2018-08-15,65.01
2018-08-16,65.46
2018-08-17,65.91
2018-08-20,66.43
2018-08-21,67.35
2018-08-22,67.86
2018-08-23,67.83
2018-08-24,68.72
2018-08-27,68.87
2018-08-28,68.53
2018-08-29,69.51
2018-08-30,70.25
2018-08-31,69.8
2018-09-03,70.09
2018-09-04,69.87
2018-09-05,68.72
2018-09-06,67.77
2018-09-07,67.75
2018-09-10,67.54
2018-09-11,69.25
2018-09-12,70.37
2018-09-13,68.59
2018-09-14,68.99
2018-09-17,68.91
2018-09-18,69.85
2018-09-19,71.12
2018-09-20,70.32
2018-09-21,70.78
2018-09-24,72.08
2018-09-25,72.28
2018-09-26,71.57
2018-09-27,72.12
2018-09-28,73.25
2018-10-01,75.3
2018-10-02,75.23
2018-10-03,76.41
2018-10-04,74.33
2018-10-05,74.34
2018-10-08,74.29
2018-10-09,74.96
2018-10-10,73.17
2018-10-11,70.97
2018-10-12,71.34
2018-10-15,71.78
2018-10-16,71.92
2018-10-17,69.75
2018-10-18,68.65
2018-10-19,69.12
2018-10-22,69.17
2018-10-23,66.43
2018-10-24,66.82
2018-10-25,67.33
2018-10-26,67.59
2018-10-29,67.04
2018-10-30,66.18
2018-10-31,65.31
2018-11-01,63.69
2018-11-02,63.14
2018-11-05,63.1
2018-11-06,62.21
2018-11-07,61.67
2018-11-08,60.67
2018-11-09,60.19
2018-11-12,59.93
2018-11-13,55.69
2018-11-14,56.25
2018-11-15,56.46
2018-11-16,56.46
2018-11-19,56.76
2018-11-20,53.43
2018-11-21,54.63
2018-11-22,53.86
2018-11-23,50.42
2018-11-26,51.63
2018-11-27,51.56
2018-11-28,50.29
2018-11-29,51.45
2018-11-30,50.93
2018-12-03,52.95
2018-12-04,53.25
2018-12-05,52.89
2018-12-06,51.49
2018-12-07,52.61
2018-12-10,51.0
2018-12-11,51.65
2018-12-12,51.15
2018-12-13,52.58
2018-12-14,51.2
2018-12-17,49.88
2018-12-18,46.24
2018-12-19,47.2
2018-12-20,45.88
2018-12-21,45.59
2018-12-24,42.53
2018-12-26,46.22
2018-12-27,44.61
2018-12-28,45.33
2018-12-31,45.41
2019-01-02,46.54
2019-01-03,47.09
2019-01-04,47.96
2019-01-07,48.52
2019-01-08,49.78
2019-01-09,52.36
2019-01-10,52.59
2019-01-11,51.59
2019-01-14,50.51
2019-01-15,52.11
2019-01-16,52.31
2019-01-17,52.07
2019-01-18,53.8
2019-01-21,54.17
2019-01-22,52.57
2019-01-23,52.62
2019-01-24,53.13
2019-01-25,53.69
2019-01-28,51.99
2019-01-29,53.31
2019-01-30,54.23
2019-01-31,53.79
2019-02-01,55.26
2019-02-04,54.56
2019-02-05,53.66
2019-02-06,54.01
2019-02-07,52.64
2019-02-08,52.72
2019-02-11,52.41
2019-02-12,53.1
2019-02-13,53.9
2019-02-14,54.41
2019-02-15,55.59
2019-02-18,56.06
2019-02-19,56.09
2019-02-20,56.92
2019-02-21,56.96
2019-02-22,57.26
2019-02-25,55.48
2019-02-26,55.5
2019-02-27,56.94
2019-02-28,57.22
2019-03-01,55.8
2019-03-04,56.59
2019-03-05,56.56
2019-03-06,56.22
2019-03-07,56.66
2019-03-08,56.07
2019-03-11,56.79
2019-03-12,56.87
2019-03-13,58.26
2019-03-14,58.61
2019-03-15,58.52
2019-03-18,59.09
2019-03-19,59.03
2019-03-20,59.83
2019-03-21,59.98
2019-03-22,59.04
2019-03-25,58.82
2019-03-26,59.94
2019-03-27,59.41
2019-03-28,59.3
2019-03-29,60.14
2019-04-01,61.59
2019-04-02,62.58
2019-04-03,62.46
2019-04-04,62.1
2019-04-05,63.08
2019-04-08,64.4
2019-04-09,63.98
2019-04-10,64.61
2019-04-11,63.58
2019-04-12,63.89
2019-04-15,63.4
2019-04-16,64.05
2019-04-17,63.76
2019-04-18,64.0
2019-04-22,65.7
2019-04-23,66.3
2019-04-24,65.89
2019-04-25,65.21
2019-04-26,63.3
2019-04-29,63.5
2019-04-30,63.91
2019-05-01,63.6
2019-05-02,61.81
2019-05-03,61.94
2019-05-06,62.25
2019-05-07,61.4
2019-05-08,62.12
2019-05-09,61.7
2019-05-10,61.66
2019-05-13,61.04
2019-05-14,61.78
2019-05-15,62.02
2019-05-16,62.87
2019-05-17,62.76
2019-05-20,63.1
2019-05-21,62.99
2019-05-22,61.42
2019-05-23,57.91
2019-05-24,58.63
2019-05-27,59.13
2019-05-28,59.14
2019-05-29,58.81
2019-05-30,56.59
2019-05-31,53.5
2019-06-03,53.25
2019-06-04,53.48
2019-06-05,51.68
2019-06-06,52.59
2019-06-07,53.99
2019-06-10,53.26
2019-06-11,53.27
2019-06-12,51.14
2019-06-13,52.28
2019-06-14,52.51
2019-06-17,51.93
2019-06-18,53.9
2019-06-19,53.76
2019-06-20,56.65
2019-06-21,57.43
2019-06-24,57.9
2019-06-25,57.83
2019-06-26,59.38
2019-06-27,59.43
2019-06-28,58.47
2019-07-01,59.09
2019-07-02,56.25
2019-07-03,57.34
2019-07-04,56.8
2019-07-05,57.51
2019-07-08,57.66
2019-07-09,57.83
2019-07-10,60.43
2019-07-11,60.2
2019-07-12,60.21
2019-07-15,59.58
2019-07-16,57.62
2019-07-17,56.78
2019-07-18,55.3
2019-07-19,55.63
2019-07-22,56.22
2019-07-23,56.77
2019-07-24,55.88
2019-07-25,56.02
2019-07-26,56.2
2019-07-29,56.87
2019-07-30,58.05
2019-07-31,58.58
2019-08-01,53.95
2019-08-02,55.66
2019-08-05,54.69
2019-08-06,53.63
2019-08-07,51.09
2019-08-08,52.54
2019-08-09,54.5
2019-08-12,54.93
2019-08-13,57.1
2019-08-14,55.23
2019-08-15,54.47
2019-08-16,54.87
2019-08-19,56.21
2019-08-20,56.34
2019-08-21,55.68
2019-08-22,55.35
2019-08-23,54.17
2019-08-26,53.64
2019-08-27,54.93
2019-08-28,55.78
2019-08-29,56.71
2019-08-30,55.1
2019-09-02,54.84
2019-09-03,53.94
2019-09-04,56.26
2019-09-05,56.3
2019-09-06,56.52
2019-09-09,57.85
2019-09-10,57.4
2019-09-11,55.75
2019-09-12,55.09
2019-09-13,54.85
2019-09-16,62.9
2019-09-17,59.34
2019-09-18,58.11
2019-09-19,58.13
2019-09-20,58.09
2019-09-23,58.64
2019-09-24,57.29
2019-09-25,56.49
2019-09-26,56.41
2019-09-27,55.91
2019-09-30,54.07
2019-10-01,53.62
2019-10-02,52.64
2019-10-03,52.45
2019-10-04,52.81
2019-10-07,52.75
2019-10-08,52.63
2019-10-09,52.59
2019-10-10,53.55
2019-10-11,54.7
2019-10-14,53.59
2019-10-15,52.81
2019-10-16,53.36
2019-10-17,53.93
2019-10-18,53.78
2019-10-21,53.31
2019-10-22,54.16
2019-10-23,55.97
2019-10-24,56.23
2019-10-25,56.66
2019-10-28,55.81
2019-10-29,55.54
2019-10-30,55.06
2019-10-31,54.18
2019-11-01,56.2
2019-11-04,56.54
2019-11-05,57.23
2019-11-06,56.35
2019-11-07,57.15
2019-11-08,57.24
2019-11-11,56.86
2019-11-12,56.8
2019-11-13,57.12
2019-11-14,56.77
2019-11-15,57.72
2019-11-18,57.05
2019-11-19,55.21
2019-11-20,57.11
2019-11-21,58.58
2019-11-22,57.77
2019-11-25,58.01
2019-11-26,58.41
2019-11-27,58.11
2019-11-28,58.25
2019-11-29,55.17
2019-12-02,55.96
2019-12-03,56.1
2019-12-04,58.43
2019-12-05,58.43
2019-12-06,59.2
2019-12-09,59.02
2019-12-10,59.24
2019-12-11,58.76
2019-12-12,59.18
2019-12-13,60.07
2019-12-16,60.21
2019-12-17,60.94
2019-12-18,60.93
2019-12-19,61.18
2019-12-20,60.44
2019-12-23,60.52
2019-12-24,61.11
2019-12-26,61.68
2019-12-27,61.72
2019-12-30,61.68
2019-12-31,61.06
2020-01-02,61.18
2020-01-03,63.05
2020-01-06,63.27
2020-01-07,62.7
2020-01-08,59.61
2020-01-09,59.56
2020-01-10,59.04
2020-01-13,58.08
2020-01-14,58.23
2020-01-15,57.81
2020-01-16,58.52
2020-01-17,58.54
2020-01-20,58.76
2020-01-21,58.34
2020-01-22,56.74
2020-01-23,55.59
2020-01-24,54.19
2020-01-27,53.14
2020-01-28,53.48
2020-01-29,53.33
2020-01-30,52.14
2020-01-31,51.56
2020-02-03,50.11
2020-02-04,49.61
2020-02-05,50.75
2020-02-06,50.95
2020-02-07,50.32
2020-02-10,49.57
2020-02-11,49.94
2020-02-12,51.17
2020-02-13,51.42
2020-02-14,52.05
2020-02-17,52.31
2020-02-18,52.05
2020-02-19,53.29
2020-02-20,53.88
2020-02-21,53.38
2020-02-24,51.43
2020-02-25,49.9
2020-02-26,48.73
2020-02-27,47.09
2020-02-28,44.76
2020-03-02,46.75
2020-03-03,47.18
2020-03-04,46.78
2020-03-05,45.9
2020-03-06,41.28
2020-03-09,31.13
2020-03-10,34.36
2020-03-11,32.98
2020-03-12,31.5
2020-03-13,31.73
2020-03-16,28.7
2020-03-17,26.95
2020-03-18,20.37
2020-03-19,25.22
2020-03-20,22.63
2020-03-23,23.36
2020-03-24,24.01
2020-03-25,24.49
2020-03-26,22.6
2020-03-27,21.51
2020-03-30,20.09
2020-03-31,20.48
2020-04-01,20.31
2020-04-02,25.32
2020-04-03,28.34
2020-04-06,26.08
2020-04-07,23.63
2020-04-08,25.09
2020-04-09,22.76
2020-04-13,22.41
2020-04-14,20.11
2020-04-15,19.87
2020-04-16,19.87
2020-04-17,18.27
2020-04-20,-37.63
2020-04-21,10.01
2020-04-22,13.78
2020-04-23,16.5
2020-04-24,16.94
2020-04-27,12.78
2020-04-28,12.34
2020-04-29,15.06
2020-04-30,18.84
2020-05-01,19.78
2020-05-04,20.39
2020-05-05,24.56
2020-05-06,23.99
2020-05-07,23.55
2020-05-08,24.74
2020-05-11,24.14
2020-05-12,25.78
2020-05-13,25.29
2020-05-14,27.56
2020-05-15,29.43
2020-05-18,31.82
2020-05-19,31.96
2020-05-20,33.49
2020-05-21,33.92
2020-05-22,33.25
2020-05-25,33.72
2020-05-26,34.35
2020-05-27,32.81
2020-05-28,33.71
2020-05-29,35.49
2020-06-01,35.44
2020-06-02,36.81
2020-06-03,37.29
2020-06-04,37.41
2020-06-05,39.55
2020-06-08,38.19
2020-06-09,38.94
2020-06-10,39.6
2020-06-11,36.34
2020-06-12,36.26
2020-06-15,37.12
2020-06-16,38.38
2020-06-17,37.96
2020-06-18,38.84
2020-06-19,39.75
2020-06-22,40.46
2020-06-23,40.37
2020-06-24,38.01
2020-06-25,38.72
2020-06-26,38.49
2020-06-29,39.7
2020-06-30,39.27
2020-07-01,39.82
2020-07-02,40.65
2020-07-03,40.24
2020-07-06,40.63
2020-07-07,40.62
2020-07-08,40.9
2020-07-09,39.62
2020-07-10,40.55
2020-07-13,40.1
2020-07-14,40.29
2020-07-15,41.2
2020-07-16,40.75
2020-07-17,40.59
2020-07-20,40.81
2020-07-21,41.96
2020-07-22,41.9
2020-07-23,41.07
2020-07-24,41.29
2020-07-27,41.6
2020-07-28,41.04
2020-07-29,41.27
2020-07-30,39.92
2020-07-31,40.27
2020-08-03,41.01
2020-08-04,41.7
2020-08-05,42.19
2020-08-06,41.95
2020-08-07,41.22
2020-08-10,41.94
2020-08-11,41.61
2020-08-12,42.67
2020-08-13,42.24
2020-08-14,42.01
2020-08-17,42.89
2020-08-18,42.89
2020-08-19,42.93
2020-08-20,42.82
2020-08-21,42.34
2020-08-24,42.62
2020-08-25,43.35
2020-08-26,43.39
2020-08-27,43.04
2020-08-28,42.97
2020-08-31,42.61
2020-09-01,42.76
2020-09-02,41.51
2020-09-03,41.37
2020-09-04,39.77
2020-09-07,39.08
2020-09-08,36.76
2020-09-09,38.05
2020-09-10,37.3
2020-09-11,37.33
2020-09-14,37.26
2020-09-15,38.28
2020-09-16,40.16
2020-09-17,40.97
2020-09-18,41.11
2020-09-21,39.31
2020-09-22,39.8
2020-09-23,39.93
2020-09-24,40.31
2020-09-25,40.25
2020-09-28,40.6
2020-09-29,39.29
2020-09-30,40.22
2020-10-01,38.72
2020-10-02,37.05
2020-10-05,39.22
2020-10-06,40.67
2020-10-07,39.95
2020-10-08,41.19
2020-10-09,40.6
2020-10-12,39.43
2020-10-13,40.2
2020-10-14,41.04
2020-10-15,40.96
2020-10-16,40.88
2020-10-19,40.83
2020-10-20,41.46
2020-10-21,40.03
2020-10-22,40.64
2020-10-23,39.85
2020-10-26,38.56
2020-10-27,39.57
2020-10-28,37.39
2020-10-29,36.17
2020-10-30,35.79
2020-11-02,36.81
2020-11-03,37.66
2020-11-04,39.15
2020-11-05,38.79
2020-11-06,37.14
2020-11-09,40.29
2020-11-10,41.36
2020-11-11,41.45
2020-11-12,41.12
2020-11-13,40.13
2020-11-16,41.34
2020-11-17,41.43
2020-11-18,41.82
2020-11-19,41.74
2020-11-20,42.42
2020-11-23,43.06
2020-11-24,44.91
2020-11-25,45.71
2020-11-26,44.93
2020-11-27,45.53
2020-11-30,45.34
2020-12-01,44.55
2020-12-02,45.28
2020-12-03,45.64
2020-12-04,46.26
2020-12-07,45.76
2020-12-08,45.6
2020-12-09,45.52
2020-12-10,46.78
2020-12-11,46.57
2020-12-14,46.99
2020-12-15,47.62
2020-12-16,47.82
2020-12-17,48.36
2020-12-18,49.1
2020-12-21,47.97
2020-12-22,47.02
2020-12-23,48.12
2020-12-24,48.23
2020-12-28,47.62
2020-12-29,48.0
2020-12-30,48.4
2020-12-31,48.52
2021-01-04,47.62
2021-01-05,49.93
2021-01-06,50.63
2021-01-07,50.83
2021-01-08,52.24
2021-01-11,52.25
2021-01-12,53.21
2021-01-13,52.91
2021-01-14,53.57
2021-01-15,52.36
2021-01-18,52.05
2021-01-19,52.98
2021-01-20,53.31
2021-01-21,53.13
2021-01-22,52.27
2021-01-25,52.77
2021-01-26,52.61
2021-01-27,52.85
2021-01-28,52.34
2021-01-29,52.2
2021-02-01,53.55
2021-02-02,54.76
2021-02-03,55.69
2021-02-04,56.23
2021-02-05,56.85
2021-02-08,57.97
2021-02-09,58.36
2021-02-10,58.68
2021-02-11,58.24
2021-02-12,59.47
2021-02-15,60.14
2021-02-16,60.05
2021-02-17,61.14
2021-02-18,60.52
2021-02-19,59.24
2021-02-22,61.7
2021-02-23,61.67
2021-02-24,63.22
2021-02-25,63.53
2021-02-26,61.5
2021-03-01,60.64
2021-03-02,59.75
2021-03-03,61.28
2021-03-04,63.83
2021-03-05,66.09
2021-03-08,65.05
2021-03-09,64.01
2021-03-10,64.44
2021-03-11,66.02
2021-03-12,65.61
2021-03-15,65.39
2021-03-16,64.8
2021-03-17,64.6
2021-03-18,60.0
2021-03-19,61.42
2021-03-22,61.56
2021-03-23,57.76
2021-03-24,61.18
2021-03-25,58.56
2021-03-26,60.97
2021-03-29,61.56
2021-03-30,60.55
2021-03-31,59.16
2021-04-01,61.45
2021-04-05,58.65
2021-04-06,59.33
2021-04-07,59.77
2021-04-08,59.6
2021-04-09,59.32
2021-04-12,59.7
2021-04-13,60.18
2021-04-14,63.15
2021-04-15,63.46
2021-04-16,63.13
2021-04-19,63.38
2021-04-20,62.67
2021-04-21,61.35
2021-04-22,61.43
2021-04-23,62.14
2021-04-26,61.91
2021-04-27,62.94
2021-04-28,63.86
2021-04-29,65.01
2021-04-30,63.58
2021-05-03,64.49
2021-05-04,65.69
2021-05-05,65.63
2021-05-06,64.71
2021-05-07,64.9
2021-05-10,64.92
2021-05-11,65.28
2021-05-12,66.08
2021-05-13,63.82
2021-05-14,65.37
2021-05-17,66.27
2021-05-18,65.49
2021-05-19,63.36
2021-05-20,61.94
2021-05-21,63.58
2021-05-24,66.05
2021-05-25,66.07
2021-05-26,66.21
2021-05-27,66.85
2021-05-28,66.32
2021-05-31,66.9
2021-06-01,67.72
2021-06-02,68.83
2021-06-03,68.81
2021-06-04,69.62
2021-06-07,69.23
2021-06-08,70.05
2021-06-09,69.96
2021-06-10,70.29
2021-06-11,70.91
2021-06-14,70.88
2021-06-15,72.12
2021-06-16,72.15
2021-06-17,71.04
2021-06-18,71.64
2021-06-21,73.66
2021-06-22,72.85
2021-06-23,73.08
2021-06-24,73.3
2021-06-25,74.05
2021-06-28,72.91
2021-06-29,72.98
2021-06-30,73.47
2021-07-01,75.23
2021-07-02,75.16
2021-07-05,76.34
2021-07-06,73.37
2021-07-07,72.2
2021-07-08,72.94
2021-07-09,74.56
2021-07-12,74.1
2021-07-13,75.25
2021-07-14,73.13
2021-07-15,71.65
2021-07-16,71.81
2021-07-19,66.42
2021-07-20,67.2
2021-07-21,70.3
2021-07-22,71.91
2021-07-23,72.07
2021-07-26,71.91
2021-07-27,71.65
2021-07-28,72.39
2021-07-29,73.62
2021-07-30,73.95
2021-08-02,71.26
2021-08-03,70.56
2021-08-04,68.15
2021-08-05,69.09
2021-08-06,68.28
2021-08-09,66.48
2021-08-10,68.29
2021-08-11,69.25
2021-08-12,69.09
2021-08-13,68.44
2021-08-16,67.29
2021-08-17,66.59
2021-08-18,65.46
2021-08-19,63.69
2021-08-20,62.14
2021-08-23,65.64
2021-08-24,67.54
2021-08-25,68.36
2021-08-26,67.42
2021-08-27,68.74
2021-08-30,69.21
2021-08-31,68.5
2021-09-01,68.59
2021-09-02,69.99
2021-09-03,69.29
2021-09-06,68.93
2021-09-07,68.35
2021-09-08,69.3
2021-09-09,68.14
2021-09-10,69.72
2021-09-13,70.45
2021-09-14,70.46
2021-09-15,72.61
2021-09-16,72.61
2021-09-17,71.97
2021-09-20,70.29
2021-09-21,70.49
2021-09-22,72.23
2021-09-23,73.3
2021-09-24,73.98
2021-09-27,75.45
2021-09-28,75.29
2021-09-29,74.83
2021-09-30,75.03
2021-10-01,75.88
2021-10-04,77.62
2021-10-05,78.93
2021-10-06,77.43
2021-10-07,78.3
2021-10-08,79.35
2021-10-11,80.52
2021-10-12,80.64
2021-10-13,80.44
2021-10-14,81.31
2021-10-15,82.28
2021-10-18,82.44
2021-10-19,82.96
2021-10-20,83.42
2021-10-21,82.5
2021-10-22,83.76
2021-10-25,83.76
2021-10-26,84.65
2021-10-27,82.66
2021-10-28,82.81
2021-10-29,83.57
2021-11-01,84.05
2021-11-02,83.91
2021-11-03,80.86
2021-11-04,78.81
2021-11-05,81.27
2021-11-08,81.93
2021-11-09,84.15
2021-11-10,81.34
2021-11-11,81.59
2021-11-12,80.79
2021-11-15,80.88
2021-11-16,80.76
2021-11-17,78.36
2021-11-18,79.01
2021-11-19,75.94
2021-11-22,76.75
2021-11-23,78.5
2021-11-24,78.39
2021-11-25,78.1
2021-11-26,68.15
2021-11-29,69.95
2021-11-30,66.18
2021-12-01,65.57
2021-12-02,66.5
2021-12-03,66.26
2021-12-06,69.49
2021-12-07,72.05
2021-12-08,72.36
2021-12-09,70.94
2021-12-10,71.67
2021-12-13,71.29
2021-12-14,70.73
2021-12-15,70.87
2021-12-16,72.38
2021-12-17,70.86
2021-12-20,68.61
2021-12-21,71.12
2021-12-22,72.76
2021-12-23,73.79
2021-12-24,73.09
2021-12-27,75.57
2021-12-28,75.98
2021-12-29,76.56
2021-12-30,76.99
2021-12-31,75.21
2022-01-03,76.08
2022-01-04,76.99
2022-01-05,77.85
2022-01-06,79.46
2022-01-07,78.9
2022-01-10,78.23
2022-01-11,81.22
2022-01-12,82.64
2022-01-13,82.12
2022-01-14,83.82
2022-01-17,84.29
2022-01-18,85.43
2022-01-19,86.96
2022-01-20,85.55
2022-01-21,85.14
2022-01-24,83.31
2022-01-25,85.6
2022-01-26,87.35
2022-01-27,86.61
2022-01-28,86.82
2022-01-31,88.15
2022-02-01,88.2
2022-02-02,88.26
2022-02-03,90.27
2022-02-04,92.31
2022-02-07,91.32
2022-02-08,89.36
2022-02-09,89.66
2022-02-10,89.88
2022-02-11,93.1
2022-02-14,95.46
2022-02-15,92.07
2022-02-16,93.66
2022-02-17,91.76
2022-02-18,91.07
2022-02-21,91.59
2022-02-22,91.91
2022-02-23,92.1
2022-02-24,92.81
2022-02-25,91.59
2022-02-28,95.72
2022-03-01,103.41
2022-03-02,110.6
2022-03-03,107.67
2022-03-04,115.68
2022-03-07,119.4
2022-03-08,123.7
2022-03-09,108.7
2022-03-10,106.02
2022-03-11,109.33
2022-03-14,103.01
2022-03-15,96.44
2022-03-16,95.04
2022-03-17,102.98
2022-03-18,104.7
2022-03-21,112.12
2022-03-22,109.27
2022-03-23,114.93
2022-03-24,112.34
2022-03-25,113.9
2022-03-28,105.96
2022-03-29,104.24
2022-03-30,107.82
2022-03-31,100.28
2022-04-01,99.27
2022-04-04,103.28
2022-04-05,101.96
2022-04-06,96.23
2022-04-07,96.03
2022-04-08,98.26
2022-04-11,94.29
2022-04-12,100.6
2022-04-13,104.25
2022-04-14,106.95
2022-04-18,108.21
2022-04-19,102.56
2022-04-20,102.19
2022-04-21,103.79
2022-04-22,102.07
2022-04-25,98.54
2022-04-26,101.7
2022-04-27,102.02
2022-04-28,105.36
2022-04-29,104.69
2022-05-02,105.17
2022-05-03,102.41
2022-05-04,107.81
2022-05-05,108.26
2022-05-06,109.77
2022-05-09,103.09
2022-05-10,99.76
2022-05-11,105.71
2022-05-12,106.13
2022-05-13,110.49
2022-05-16,114.2
2022-05-17,112.4
2022-05-18,109.59
2022-05-19,112.21
2022-05-20,110.28
2022-05-23,110.29
2022-05-24,109.77
2022-05-25,110.33
2022-05-26,114.09
2022-05-27,115.07
2022-05-30,116.86
2022-05-31,114.67
2022-06-01,115.26
2022-06-02,116.87
2022-06-03,118.87
2022-06-06,118.5
2022-06-07,119.41
2022-06-08,122.11
2022-06-09,121.51
2022-06-10,120.67
2022-06-13,120.93
2022-06-14,118.93
2022-06-15,115.31
2022-06-16,117.59
2022-06-17,109.56
2022-06-21,109.52
2022-06-22,106.19
2022-06-23,104.27
2022-06-24,107.62
2022-06-27,109.57
2022-06-28,111.76
2022-06-29,109.78
2022-06-30,105.76
2022-07-01,108.43
2022-07-04,110.41
2022-07-05,99.5
2022-07-06,98.53
2022-07-07,102.73
2022-07-08,104.79
2022-07-11,104.09
2022-07-12,95.84
2022-07-13,96.3
2022-07-14,95.78
2022-07-15,97.59
2022-07-18,102.6
2022-07-19,104.22
2022-07-20,99.88
2022-07-21,96.35
2022-07-22,94.7
2022-07-25,96.7
2022-07-26,94.98
2022-07-27,97.26
2022-07-28,96.42
2022-07-29,98.62
2022-08-01,93.89
2022-08-02,94.42
2022-08-03,90.66
2022-08-04,88.54
2022-08-05,89.01
2022-08-08,90.76
2022-08-09,90.5
2022-08-10,91.93
2022-08-11,94.34
2022-08-12,92.09
2022-08-15,89.41
2022-08-16,86.53
2022-08-17,88.11
2022-08-18,90.5
2022-08-19,90.77
2022-08-22,90.36
2022-08-23,93.74
2022-08-24,94.89
2022-08-25,92.52
2022-08-26,93.06
2022-08-29,97.01
2022-08-30,91.64
2022-08-31,89.55
2022-09-01,86.61
2022-09-02,86.87
2022-09-05,89.24
2022-09-06,86.88
2022-09-07,81.94
2022-09-08,83.54
2022-09-09,86.79
2022-09-12,87.78
2022-09-13,87.31
2022-09-14,88.48
2022-09-15,85.1
2022-09-16,85.11
2022-09-19,85.73
2022-09-20,83.94
2022-09-21,82.94
2022-09-22,83.49
2022-09-23,78.74
2022-09-26,76.71
2022-09-27,78.5
2022-09-28,82.15
2022-09-29,81.23
2022-09-30,79.49
2022-10-03,83.63
2022-10-04,86.52
2022-10-05,87.76
2022-10-06,88.45
2022-10-07,92.64
2022-10-10,91.13
2022-10-11,89.35
2022-10-12,87.27
2022-10-13,89.11
2022-10-14,85.61
2022-10-17,85.46
2022-10-18,82.82
2022-10-19,85.55
2022-10-20,84.51
2022-10-21,85.05
2022-10-24,84.58
2022-10-25,85.32
2022-10-26,87.91
2022-10-27,89.08
2022-10-28,87.9
2022-10-31,86.53
2022-11-01,88.37
2022-11-02,90.0
2022-11-03,88.17
2022-11-04,92.61
2022-11-07,91.79
2022-11-08,88.91
2022-11-09,85.83
2022-11-10,86.47
2022-11-11,88.96
2022-11-14,85.87
2022-11-15,86.92
2022-11-16,85.59
2022-11-17,81.64
2022-11-18,80.08
2022-11-21,80.04
2022-11-22,80.95
2022-11-23,77.94
2022-11-24,78.08
2022-11-25,76.28
2022-11-28,77.24
2022-11-29,78.2
2022-11-30,80.55
2022-12-01,81.22
2022-12-02,79.98
2022-12-05,76.93
2022-12-06,74.25
2022-12-07,72.01
2022-12-08,71.46
2022-12-09,71.02
2022-12-12,73.17
2022-12-13,75.39
2022-12-14,77.28
2022-12-15,76.11
2022-12-16,74.29
2022-12-19,75.19
2022-12-20,76.23
2022-12-21,78.29
2022-12-22,77.49
2022-12-23,79.56
2022-12-27,79.53
2022-12-28,78.96
2022-12-29,78.4
2022-12-30,80.26
2023-01-03,76.93
2023-01-04,72.84
2023-01-05,73.67
2023-01-06,73.77
2023-01-09,74.63
2023-01-10,75.12
2023-01-11,77.41
2023-01-12,78.39
2023-01-13,79.86
2023-01-16,79.07
2023-01-17,80.18
2023-01-18,79.48
2023-01-19,80.33
2023-01-20,81.64
2023-01-23,81.62
2023-01-24,80.13
2023-01-25,80.15
2023-01-26,81.01
2023-01-27,79.68
2023-01-30,77.9
2023-01-31,78.87
2023-02-01,76.41
2023-02-02,75.88
2023-02-03,73.39
2023-02-06,74.11
2023-02-07,77.14
2023-02-08,78.47
2023-02-09,78.06
2023-02-10,79.72
2023-02-13,80.14
2023-02-14,79.06
2023-02-15,78.59
2023-02-16,78.49
2023-02-17,76.34
2023-02-20,77.48
2023-02-21,76.36
2023-02-22,73.95
2023-02-23,75.39
2023-02-24,76.32
2023-02-27,75.68
2023-02-28,77.05
2023-03-01,77.69
2023-03-02,78.16
2023-03-03,79.68
2023-03-06,80.46
2023-03-07,77.58
2023-03-08,76.66
2023-03-09,75.72
2023-03-10,76.68
2023-03-13,74.8
2023-03-14,71.33
2023-03-15,67.61
2023-03-16,68.35
2023-03-17,66.74
2023-03-20,67.64
2023-03-21,69.67
2023-03-22,70.9
2023-03-23,69.96
2023-03-24,69.26
2023-03-27,72.81
2023-03-28,73.2
2023-03-29,72.97
2023-03-30,74.37
2023-03-31,75.67
2023-04-03,80.42
2023-04-04,80.71
2023-04-05,80.61
2023-04-06,80.7
2023-04-10,79.74
2023-04-11,81.53
2023-04-12,83.26
2023-04-13,82.16
2023-04-14,82.52
2023-04-17,80.83
2023-04-18,80.86
2023-04-19,79.16
2023-04-20,77.37
2023-04-21,77.87
2023-04-24,78.76
2023-04-25,77.07
2023-04-26,74.3
2023-04-27,74.76
2023-04-28,76.78
2023-05-01,75.66
2023-05-02,71.66
2023-05-03,68.6
2023-05-04,68.56
2023-05-05,71.34
2023-05-08,73.16
2023-05-09,73.71
2023-05-10,72.56
2023-05-11,70.87
2023-05-12,70.04
2023-05-15,71.11
2023-05-16,70.86
2023-05-17,72.83
2023-05-18,71.86
2023-05-19,71.55
2023-05-22,72.05
2023-05-23,72.91
2023-05-24,74.34
2023-05-25,71.83
2023-05-26,72.67
2023-05-29,72.96
2023-05-30,69.46
2023-05-31,68.09
2023-06-01,70.1
2023-06-02,71.74
2023-06-05,72.15
2023-06-06,71.74
2023-06-07,72.53
2023-06-08,71.29
2023-06-09,70.17
2023-06-12,67.12
2023-06-13,69.42
2023-06-14,68.27
2023-06-15,70.62
2023-06-16,71.78
2023-06-19,71.31
2023-06-20,71.19
2023-06-21,72.53
2023-06-22,69.51
2023-06-23,69.16
2023-06-26,69.37
2023-06-27,67.7
2023-06-28,69.56
2023-06-29,69.86
2023-06-30,70.64
2023-07-03,69.79
2023-07-04,71.32
2023-07-05,71.79
2023-07-06,71.8
2023-07-07,73.86
2023-07-10,72.99
2023-07-11,74.83
2023-07-12,75.75
2023-07-13,76.89
2023-07-14,75.42
2023-07-17,74.15
2023-07-18,75.75
2023-07-19,75.35
2023-07-20,75.65
2023-07-21,77.07
2023-07-24,78.74
2023-07-25,79.63
2023-07-26,78.78
2023-07-27,80.09
2023-07-28,80.58
2023-07-31,81.8
2023-08-01,81.37
2023-08-02,79.49
2023-08-03,81.55
