指标名称,现货价:原油(中国胜利):环太平洋
2010-01-04,76.01
2010-01-05,78.71
2010-01-06,77.9
2010-01-07,80.36
2010-01-08,79.68
2010-01-11,79.75
2010-01-12,78.51
2010-01-13,75.91
2010-01-14,76.0
2010-01-15,74.73
2010-01-18,73.2
2010-01-19,72.85
2010-01-20,73.02
2010-01-21,72.48
2010-01-22,71.0
2010-01-25,69.32
2010-01-26,69.39
2010-01-27,69.63
2010-01-28,69.26
2010-01-29,68.54
2010-02-01,67.65
2010-02-02,69.16
2010-02-03,72.13
2010-02-04,70.93
2010-02-05,66.77
2010-02-08,65.73
2010-02-09,66.0
2010-02-10,67.13
2010-02-11,68.13
2010-02-12,68.63
2010-02-17,70.65
2010-02-18,69.57
2010-02-19,70.5
2010-02-22,72.02
2010-02-23,72.11
2010-02-24,70.93
2010-02-25,71.48
2010-02-26,69.73
2010-03-01,71.64
2010-03-02,70.4
2010-03-03,71.7
2010-03-04,72.3
2010-03-05,72.46
2010-03-08,73.22
2010-03-09,72.73
2010-03-10,72.35
2010-03-11,72.74
2010-03-12,73.09
2010-03-15,71.98
2010-03-16,70.45
2010-03-17,72.82
2010-03-18,72.43
2010-03-19,72.9
2010-03-22,71.18
2010-03-23,71.75
2010-03-24,71.82
2010-03-25,71.85
2010-03-26,72.51
2010-03-29,74.11
2010-03-30,76.81
2010-03-31,76.75
2010-04-01,77.51
2010-04-05,79.08
2010-04-06,80.96
2010-04-07,80.81
2010-04-08,80.31
2010-04-09,80.52
2010-04-12,80.04
2010-04-13,80.61
2010-04-14,80.77
2010-04-15,82.11
2010-04-16,82.26
2010-04-19,80.51
2010-04-20,81.81
2010-04-21,81.91
2010-04-22,82.51
2010-04-23,81.8
2010-04-26,83.99
2010-04-27,83.4
2010-04-28,81.6
2010-04-29,81.86
2010-04-30,82.53
2010-05-03,83.48
2010-05-04,85.07
2010-05-05,81.69
2010-05-06,78.85
2010-05-07,76.29
2010-05-10,77.93
2010-05-11,76.22
2010-05-12,78.99
2010-05-13,79.14
2010-05-14,77.22
2010-05-17,73.48
2010-05-18,72.9
2010-05-19,70.38
2010-05-20,70.78
2010-05-21,68.34
2010-05-24,69.08
2010-05-25,66.74
2010-05-26,67.84
2010-05-27,69.65
2010-05-31,71.93
2010-06-01,69.7
2010-06-02,68.9
2010-06-03,71.26
2010-06-04,71.76
2010-06-07,66.88
2010-06-08,67.8
2010-06-09,67.81
2010-06-10,69.1
2010-06-11,69.84
2010-06-14,70.38
2010-06-15,69.57
2010-06-16,70.65
2010-06-17,72.96
2010-06-18,73.93
2010-06-21,75.41
2010-06-22,74.31
2010-06-23,74.61
2010-06-24,72.71
2010-06-25,73.01
2010-06-28,74.51
2010-06-29,72.91
2010-06-30,72.51
2010-07-01,70.84
2010-07-02,69.51
2010-07-05,69.06
2010-07-06,68.91
2010-07-07,68.36
2010-07-08,71.01
2010-07-09,72.26
2010-07-12,72.06
2010-07-13,71.16
2010-07-14,73.86
2010-07-15,73.31
2010-07-16,72.81
2010-07-19,72.16
2010-07-20,72.96
2010-07-21,73.46
2010-07-22,72.41
2010-07-23,74.51
2010-07-26,73.81
2010-07-27,73.85
2010-07-28,72.13
2010-07-29,72.04
2010-07-30,72.39
2010-08-02,73.97
2010-08-03,75.41
2010-08-04,75.97
2010-08-05,75.67
2010-08-06,75.14
2010-08-10,73.57
2010-08-11,72.72
2010-08-12,70.87
2010-08-13,69.87
2010-08-16,69.25
2010-08-17,69.52
2010-08-18,70.0
2010-08-19,69.98
2010-08-20,68.54
2010-08-23,67.33
2010-08-24,66.15
2010-08-25,66.16
2010-08-26,67.58
2010-08-27,68.8
2010-08-30,70.15
2010-08-31,69.15
2010-09-01,68.2
2010-09-02,68.96
2010-09-03,69.67
2010-09-06,70.39
2010-09-07,69.89
2010-09-08,70.97
2010-09-09,72.2
2010-09-13,72.15
2010-09-14,72.29
2010-09-15,71.65
2010-09-16,71.65
2010-09-17,71.98
2010-09-20,71.32
2010-09-21,72.31
2010-09-22,71.18
2010-09-23,70.9
2010-09-24,71.46
2010-09-27,72.25
2010-09-28,71.22
2010-09-29,72.02
2010-09-30,72.92
2010-10-01,74.45
2010-10-04,77.11
2010-10-05,79.0
2010-10-06,80.8
2010-10-07,80.98
2010-10-08,78.61
2010-10-11,79.91
2010-10-12,78.71
2010-10-13,80.21
2010-10-14,81.01
2010-10-15,80.11
2010-10-18,77.51
2010-10-19,79.81
2010-10-20,78.01
2010-10-21,79.51
2010-10-22,78.21
2010-10-25,79.84
2010-10-26,79.11
2010-10-27,78.91
2010-10-28,79.31
2010-10-29,78.75
2010-11-01,78.78
2010-11-02,80.22
2010-11-03,80.48
2010-11-04,81.98
2010-11-08,82.29
2010-11-09,82.25
2010-11-10,82.35
2010-11-11,83.14
2010-11-12,82.61
2010-11-15,82.21
2010-11-16,81.21
2010-11-18,78.56
2010-11-19,79.35
2010-11-22,78.73
2010-11-23,77.21
2010-11-24,77.22
2010-11-25,79.12
2010-11-26,79.37
2010-11-29,80.06
2010-11-30,80.93
2010-12-01,80.67
2010-12-02,82.9
2010-12-03,83.87
2010-12-06,85.15
2010-12-07,84.61
2010-12-08,83.73
2010-12-09,83.84
2010-12-10,84.07
2010-12-13,84.13
2010-12-14,84.63
2010-12-15,84.16
2010-12-16,85.5
2010-12-17,85.85
2010-12-20,85.76
2010-12-21,86.6
2010-12-22,87.37
2010-12-23,87.27
2010-12-24,88.48
2010-12-28,87.44
2010-12-29,87.45
2010-12-30,87.34
2010-12-31,85.81
2011-01-04,88.08
2011-01-05,86.28
2011-01-06,89.06
2011-01-07,87.49
2011-01-10,87.39
2011-01-11,89.28
2011-01-12,91.06
2011-01-13,90.98
2011-01-14,90.71
2011-01-17,90.99
2011-01-18,91.05
2011-01-19,91.3
2011-01-20,91.22
2011-01-21,90.9
2011-01-24,91.64
2011-01-25,90.3
2011-01-26,89.72
2011-01-27,90.78
2011-01-28,90.82
2011-01-31,92.12
2011-02-01,93.28
2011-02-02,94.8
2011-02-08,93.38
2011-02-09,93.69
2011-02-10,94.62
2011-02-11,94.72
2011-02-14,94.35
2011-02-15,96.62
2011-02-16,95.44
2011-02-17,96.64
2011-02-18,95.84
2011-02-21,97.02
2011-02-22,100.05
2011-02-23,99.83
2011-02-24,108.09
2011-02-25,104.02
2011-02-28,104.54
2011-03-01,104.0
2011-03-02,106.9
2011-03-03,107.92
2011-03-04,108.3
2011-03-07,108.8
2011-03-08,106.6
2011-03-09,105.89
2011-03-10,107.95
2011-03-11,105.4
2011-03-14,104.0
2011-03-15,104.55
2011-03-16,103.0
2011-03-17,104.33
2011-03-18,108.76
2011-03-21,107.13
2011-03-22,107.14
2011-03-23,108.35
2011-03-24,108.34
2011-03-25,108.58
2011-03-28,107.93
2011-03-29,107.28
2011-03-30,108.27
2011-03-31,110.13
2011-04-01,112.17
2011-04-04,114.58
2011-04-05,115.53
2011-04-06,117.08
2011-04-07,117.28
2011-04-08,119.38
2011-04-11,120.58
2011-04-12,118.87
2011-04-13,116.06
2011-04-14,117.59
2011-04-15,116.51
2011-04-18,117.3
2011-04-19,114.98
2011-04-20,116.3
2011-04-21,118.98
2011-04-25,118.41
2011-04-26,118.13
2011-04-27,118.74
2011-04-28,119.1
2011-04-29,118.2
2011-05-03,118.3
2011-05-04,118.57
2011-05-05,117.27
2011-05-06,103.14
2011-05-09,108.53
2011-05-10,111.97
2011-05-11,113.58
2011-05-12,107.88
2011-05-13,110.33
2011-05-16,108.57
2011-05-18,107.17
2011-05-19,108.24
2011-05-20,107.81
2011-05-23,105.46
2011-05-24,106.92
2011-05-25,107.33
2011-05-26,110.72
2011-05-27,111.32
2011-05-30,110.62
2011-05-31,112.06
2011-06-01,111.27
2011-06-02,107.85
2011-06-03,108.43
2011-06-06,107.83
2011-06-07,108.0
2011-06-08,108.8
2011-06-09,111.05
2011-06-10,112.35
2011-06-13,111.53
2011-06-14,111.58
2011-06-15,111.53
2011-06-16,108.03
2011-06-17,104.96
2011-06-20,105.6
2011-06-21,106.9
2011-06-22,106.15
2011-06-23,107.24
2011-06-24,103.6
2011-06-27,102.36
2011-06-28,103.77
2011-06-29,105.83
2011-06-30,108.02
2011-07-01,110.88
2011-07-04,111.5
2011-07-05,110.76
2011-07-06,112.04
2011-07-07,112.91
2011-07-08,116.63
2011-07-11,114.33
2011-07-12,113.36
2011-07-13,115.6
2011-07-14,115.54
2011-07-15,114.08
2011-07-18,115.53
2011-07-19,115.5
2011-07-20,116.63
2011-07-21,116.16
2011-07-22,116.8
2011-07-25,117.26
2011-07-26,117.67
2011-07-27,117.7
2011-07-28,118.05
2011-07-29,117.0
2011-08-01,119.01
2011-08-02,116.56
2011-08-03,116.0
2011-08-04,113.45
2011-08-05,107.07
2011-08-08,107.16
2011-08-10,105.5
2011-08-11,107.52
2011-08-12,107.37
2011-08-15,108.0
2011-08-16,108.36
2011-08-17,109.33
2011-08-18,109.2
2011-08-19,104.9
2011-08-22,105.16
2011-08-23,107.76
2011-08-24,107.51
2011-08-25,108.47
2011-08-26,108.43
2011-08-29,107.8
2011-08-31,110.3
2011-09-01,110.14
2011-09-02,109.38
2011-09-05,106.07
2011-09-06,105.83
2011-09-07,108.38
2011-09-08,109.17
2011-09-09,108.67
2011-09-12,105.11
2011-09-13,106.37
2011-09-14,105.25
2011-09-15,106.62
2011-09-16,110.21
2011-09-19,108.36
2011-09-20,106.92
2011-09-21,108.13
2011-09-22,106.11
2011-09-23,105.11
2011-09-26,102.05
2011-09-27,103.89
2011-09-28,104.85
2011-09-29,104.32
2011-09-30,104.23
2011-10-03,102.07
2011-10-04,101.03
2011-10-05,101.97
2011-10-06,103.55
2011-10-07,104.86
2011-10-10,105.17
2011-10-11,105.96
2011-10-12,108.02
2011-10-13,107.22
2011-10-14,108.63
2011-10-17,110.67
2011-10-18,107.81
2011-10-19,109.12
2011-10-20,107.36
2011-10-21,109.07
2011-10-24,110.17
2011-10-25,112.02
2011-10-27,111.06
2011-10-28,112.67
2011-10-31,109.98
2011-11-01,110.74
2011-11-02,114.53
2011-11-03,114.26
2011-11-04,116.03
2011-11-08,118.55
2011-11-09,118.38
2011-11-10,117.19
2011-11-11,117.75
2011-11-14,117.88
2011-11-15,116.64
2011-11-16,116.39
2011-11-17,115.42
2011-11-18,112.47
2011-11-21,110.96
2011-11-22,111.12
2011-11-23,111.82
2011-11-24,111.04
2011-11-25,110.88
2011-11-28,111.64
2011-11-29,112.93
2011-11-30,113.53
2011-12-01,113.64
2011-12-02,113.2
2011-12-05,113.84
2011-12-06,112.93
2011-12-07,113.86
2011-12-08,113.17
2011-12-09,110.08
2011-12-12,109.83
2011-12-13,110.06
2011-12-14,111.22
2011-12-15,108.26
2011-12-16,107.46
2011-12-19,107.12
2011-12-20,108.53
2011-12-21,110.89
2011-12-22,111.37
2011-12-23,111.61
2011-12-27,111.11
2011-12-28,112.43
2011-12-29,112.48
2011-12-30,113.45
2012-01-03,114.56
2012-01-04,118.11
2012-01-05,119.74
2012-01-06,119.14
2012-01-09,119.06
2012-01-10,118.25
2012-01-11,118.46
2012-01-12,117.68
2012-01-13,116.6
2012-01-16,116.28
2012-01-17,117.42
2012-01-18,116.76
2012-01-19,116.56
2012-01-20,117.28
2012-01-25,115.8
2012-01-26,116.18
2012-01-27,116.28
2012-01-30,116.0
2012-01-31,116.01
2012-02-01,116.53
2012-02-02,117.26
2012-02-03,116.71
2012-02-06,118.73
2012-02-07,120.23
2012-02-08,121.0
2012-02-09,121.22
2012-02-10,121.56
2012-02-13,121.45
2012-02-14,119.95
2012-02-15,120.81
2012-02-16,120.52
2012-02-17,122.46
2012-02-20,122.28
2012-02-21,121.78
2012-02-22,122.26
2012-02-23,123.5
2012-02-24,124.46
2012-02-27,124.82
2012-02-28,124.01
2012-02-29,122.68
2012-03-01,123.82
2012-03-02,126.19
2012-03-05,124.41
2012-03-06,124.72
2012-03-07,123.56
2012-03-08,125.8
2012-03-09,126.11
2012-03-12,126.03
2012-03-13,126.53
2012-03-14,126.48
2012-03-15,125.58
2012-03-16,124.32
2012-03-19,126.09
2012-03-20,125.41
2012-03-21,125.35
2012-03-22,124.39
2012-03-23,124.68
2012-03-26,126.06
2012-03-27,126.89
2012-03-28,125.94
2012-03-29,126.01
2012-03-30,125.03
2012-04-02,124.93
2012-04-04,126.72
2012-04-05,125.53
2012-04-09,124.84
2012-04-10,125.04
2012-04-11,123.54
2012-04-12,124.61
2012-04-13,125.52
2012-04-16,124.29
2012-04-17,124.19
2012-04-18,123.99
2012-04-19,124.79
2012-04-20,124.91
2012-04-23,124.47
2012-04-24,125.01
2012-04-25,125.0
2012-04-26,125.59
2012-04-27,125.67
2012-04-30,125.38
2012-05-02,125.34
2012-05-03,123.78
2012-05-04,121.12
2012-05-07,118.13
2012-05-08,118.03
2012-05-09,117.58
2012-05-10,117.84
2012-05-11,116.74
2012-05-14,115.69
2012-05-15,116.45
2012-05-16,115.6
2012-05-17,114.82
2012-05-18,112.48
2012-05-21,113.32
2012-05-22,115.27
2012-05-23,114.67
2012-05-24,113.17
2012-05-25,115.17
2012-05-28,114.9
2012-05-29,114.98
2012-05-30,112.32
2012-05-31,110.76
2012-06-01,108.75
2012-06-04,105.07
2012-06-05,105.48
2012-06-06,106.35
2012-06-07,107.18
2012-06-08,103.85
2012-06-11,106.44
2012-06-12,103.1
2012-06-13,104.96
2012-06-14,104.56
2012-06-15,105.37
2012-06-18,104.58
2012-06-19,101.22
2012-06-20,101.31
2012-06-21,97.15
2012-06-22,94.57
2012-06-25,95.26
2012-06-26,96.6
2012-06-27,97.0
2012-06-28,97.25
2012-06-29,97.41
2012-07-02,100.22
2012-07-03,101.12
2012-07-04,102.21
2012-07-05,102.94
2012-07-06,101.86
2012-07-09,100.17
2012-07-10,98.94
2012-07-11,99.02
2012-07-12,99.45
2012-07-13,100.69
2012-07-16,101.01
2012-07-17,103.17
2012-07-18,104.0
2012-07-19,105.84
2012-07-20,106.65
2012-07-23,102.47
2012-07-24,103.29
2012-07-25,103.01
2012-07-26,104.01
2012-07-27,105.79
2012-07-30,105.89
2012-07-31,106.11
2012-08-01,105.72
2012-08-02,106.81
2012-08-03,107.2
2012-08-06,108.86
2012-08-07,108.86
2012-08-08,110.25
2012-08-10,110.82
2012-08-13,110.71
2012-08-14,110.71
2012-08-15,111.31
2012-08-16,113.97
2012-08-17,113.34
2012-08-21,113.67
2012-08-22,113.67
2012-08-23,114.27
2012-08-24,113.04
2012-08-27,113.33
2012-08-28,111.02
2012-08-29,110.53
2012-08-30,111.53
2012-08-31,111.76
2012-09-03,113.18
2012-09-04,114.09
2012-09-05,111.87
2012-09-06,111.67
2012-09-07,111.19
2012-09-10,111.78
2012-09-11,112.06
2012-09-12,112.76
2012-09-13,112.2
2012-09-14,112.2
2012-09-17,113.68
2012-09-18,110.63
2012-09-19,109.7
2012-09-20,104.8
2012-09-21,107.66
2012-09-24,107.61
2012-09-25,107.49
2012-09-26,106.48
2012-09-27,107.07
2012-09-28,109.23
2012-10-01,109.23
2012-10-02,108.98
2012-10-03,107.52
2012-10-04,106.06
2012-10-05,109.25
2012-10-08,107.93
2012-10-09,109.25
2012-10-10,111.37
2012-10-11,111.87
2012-10-12,111.16
2012-10-15,110.87
2012-10-16,112.12
2012-10-17,110.76
2012-10-18,110.31
2012-10-19,109.78
2012-10-22,107.5
2012-10-23,106.05
2012-10-24,105.24
2012-10-25,105.23
2012-10-29,105.28
2012-10-30,105.73
2012-10-31,105.65
2012-11-01,103.93
2012-11-02,103.03
2012-11-05,100.5
2012-11-06,102.48
2012-11-07,105.65
2012-11-08,102.4
2012-11-09,101.94
2012-11-12,103.46
2012-11-14,103.03
2012-11-15,104.55
2012-11-16,103.84
2012-11-19,105.43
2012-11-20,106.68
2012-11-21,105.67
2012-11-22,106.23
2012-11-23,106.09
2012-11-26,106.58
2012-11-27,106.53
2012-11-28,105.29
2012-11-29,105.35
2012-11-30,105.92
2012-12-03,106.75
2012-12-04,106.3
2012-12-05,106.15
2012-12-06,104.83
2012-12-07,103.62
2012-12-10,103.2
2012-12-11,102.9
2012-12-12,103.67
2012-12-13,104.07
2012-12-14,103.14
2012-12-17,104.03
2012-12-18,104.22
2012-12-19,104.94
2012-12-20,106.02
2012-12-21,105.5
2012-12-24,104.89
2012-12-26,105.81
2012-12-27,107.68
2012-12-28,107.52
2012-12-31,106.98
2013-01-02,108.21
2013-01-03,108.58
2013-01-04,108.69
2013-01-07,108.0
2013-01-08,108.2
2013-01-09,108.16
2013-01-10,108.2
2013-01-11,107.26
2013-01-14,105.98
2013-01-15,106.91
2013-01-16,105.89
2013-01-17,106.19
2013-01-18,107.72
2013-01-21,108.34
2013-01-22,108.64
2013-01-23,109.23
2013-01-24,109.33
2013-01-25,109.78
2013-01-28,109.63
2013-01-29,110.56
2013-01-30,111.28
2013-01-31,111.98
2013-02-01,112.94
2013-02-04,114.04
2013-02-05,113.6
2013-02-06,113.6
2013-02-07,115.13
2013-02-08,115.69
2013-02-13,116.01
2013-02-14,116.23
2013-02-15,115.79
2013-02-18,115.98
2013-02-19,115.07
2013-02-20,115.4
2013-02-21,112.44
2013-02-22,112.34
2013-02-25,112.34
2013-02-26,111.4
2013-02-27,111.04
2013-02-28,109.81
2013-03-01,108.68
2013-03-04,107.68
2013-03-05,107.86
2013-03-06,108.49
2013-03-07,108.49
2013-03-08,107.47
2013-03-11,106.2
2013-03-12,105.57
2013-03-13,105.58
2013-03-14,104.5
2013-03-15,105.21
2013-03-18,104.85
2013-03-19,105.26
2013-03-20,103.93
2013-03-21,104.38
2013-03-22,102.97
2013-03-25,103.98
2013-03-26,103.93
2013-03-27,104.87
2013-03-28,105.82
2013-04-01,105.6
2013-04-02,106.66
2013-04-03,105.9
2013-04-04,103.02
2013-04-05,101.93
2013-04-08,100.51
2013-04-09,100.76
2013-04-10,101.47
2013-04-11,100.78
2013-04-12,99.1
2013-04-15,96.65
2013-04-16,94.68
2013-04-17,94.9
2013-04-18,93.39
2013-04-19,93.39
2013-04-22,94.68
2013-04-23,94.35
2013-04-24,94.35
2013-04-25,96.46
2013-04-26,97.96
2013-04-29,97.73
2013-04-30,97.73
2013-05-02,95.02
2013-05-03,96.89
2013-05-06,98.84
2013-05-07,99.24
2013-05-08,98.45
2013-05-09,97.48
2013-05-10,97.42
2013-05-13,96.48
2013-05-14,96.02
2013-05-15,95.54
2013-05-16,96.46
2013-05-17,97.39
2013-05-20,97.79
2013-05-21,97.84
2013-05-22,96.69
2013-05-23,94.91
2013-05-27,95.77
2013-05-28,95.77
2013-05-29,97.41
2013-05-30,95.55
2013-05-31,94.97
2013-06-03,93.72
2013-06-04,95.21
2013-06-05,97.04
2013-06-06,96.56
2013-06-07,97.13
2013-06-10,97.2
2013-06-11,96.78
2013-06-12,96.12
2013-06-13,96.41
2013-06-14,98.58
2013-06-17,99.69
2013-06-18,96.41
2013-06-19,99.72
2013-06-20,97.9
2013-06-21,96.67
2013-06-24,94.03
2013-06-25,95.32
2013-06-26,95.15
2013-06-27,95.85
2013-06-28,96.9
2013-07-01,96.22
2013-07-02,97.03
2013-07-03,97.78
2013-07-04,99.07
2013-07-05,99.5
2013-07-08,100.66
2013-07-09,100.32
2013-07-10,100.98
2013-07-11,101.43
2013-07-12,100.41
2013-07-15,101.24
2013-07-16,101.68
2013-07-17,101.07
2013-07-18,102.07
2013-07-19,102.19
2013-07-22,102.12
2013-07-23,101.5
2013-07-24,101.57
2013-07-25,100.39
2013-07-26,100.41
2013-07-29,100.32
2013-07-30,100.93
2013-07-31,100.34
2013-08-01,101.36
2013-08-02,102.92
2013-08-05,102.34
2013-08-06,101.64
2013-08-07,101.17
2013-08-12,99.91
2013-08-13,101.74
2013-08-14,101.48
2013-08-15,102.88
2013-08-16,102.36
2013-08-19,103.29
2013-08-20,101.8
2013-08-21,102.03
2013-08-22,102.24
2013-08-23,102.28
2013-08-26,102.77
2013-08-27,102.76
2013-08-28,107.03
2013-08-29,107.04
2013-08-30,106.47
2013-09-02,105.05
2013-09-03,106.05
2013-09-04,107.36
2013-09-05,106.72
2013-09-06,106.99
2013-09-09,105.7
2013-09-10,103.42
2013-09-11,102.64
2013-09-12,102.67
2013-09-13,103.36
2013-09-16,103.57
2013-09-17,102.12
2013-09-18,100.88
2013-09-19,103.36
2013-09-20,102.09
2013-09-23,102.04
2013-09-24,101.34
2013-09-25,102.53
2013-09-26,102.29
2013-09-27,103.0
2013-09-30,102.12
2013-10-01,102.45
2013-10-02,102.39
2013-10-03,104.35
2013-10-04,104.91
2013-10-07,104.59
2013-10-08,105.82
2013-10-09,105.23
2013-10-10,105.13
2013-10-11,106.3
2013-10-14,106.07
2013-10-16,104.92
2013-10-17,105.6
2013-10-18,104.67
2013-10-21,105.03
2013-10-22,104.88
2013-10-23,104.08
2013-10-24,102.72
2013-10-25,101.26
2013-10-28,101.97
2013-10-29,103.6
2013-10-30,103.14
2013-10-31,103.44
2013-11-01,103.33
2013-11-04,100.75
2013-11-05,100.75
2013-11-06,100.38
2013-11-07,99.33
2013-11-08,98.13
2013-11-11,99.9
2013-11-12,103.7
2013-11-13,100.91
2013-11-14,102.18
2013-11-15,103.64
2013-11-18,103.11
2013-11-19,103.24
2013-11-20,102.28
2013-11-21,103.26
2013-11-22,105.0
2013-11-25,103.94
2013-11-26,105.63
2013-11-27,106.06
2013-11-28,106.43
2013-11-29,105.92
2013-12-02,105.33
2013-12-03,106.5
2013-12-04,107.55
2013-12-05,106.54
2013-12-06,106.01
2013-12-09,105.86
2013-12-10,104.13
2013-12-11,103.72
2013-12-12,103.94
2013-12-13,102.42
2013-12-16,102.72
2013-12-17,102.84
2013-12-18,102.47
2013-12-19,103.3
2013-12-20,104.29
2013-12-23,105.68
2013-12-24,105.4
2013-12-26,105.3
2013-12-27,105.77
2013-12-30,106.06
2013-12-31,104.98
2014-01-02,104.82
2014-01-03,101.92
2014-01-06,100.93
2014-01-07,101.26
2014-01-08,101.6
2014-01-09,104.08
2014-01-10,100.9
2014-01-13,100.61
2014-01-14,100.42
2014-01-15,99.78
2014-01-16,100.23
2014-01-17,100.4
2014-01-20,100.68
2014-01-21,101.51
2014-01-22,101.68
2014-01-23,102.28
2014-01-24,101.94
2014-01-27,101.73
2014-01-28,101.23
2014-01-29,101.66
2014-01-30,102.02
2014-02-03,100.43
2014-02-04,100.35
2014-02-05,100.36
2014-02-06,100.57
2014-02-07,101.5
2014-02-10,102.55
2014-02-11,102.62
2014-02-12,102.66
2014-02-13,101.97
2014-02-14,102.57
2014-02-17,103.39
2014-02-18,103.4
2014-02-19,104.28
2014-02-20,104.23
2014-02-21,104.25
2014-02-24,104.06
2014-02-25,104.91
2014-02-26,105.36
2014-02-27,106.41
2014-02-28,107.11
2014-03-03,110.36
2014-03-04,108.4
2014-03-05,107.21
2014-03-06,105.48
2014-03-07,105.39
2014-03-10,104.32
2014-03-11,103.92
2014-03-12,102.88
2014-03-13,106.71
2014-03-14,106.1
2014-03-17,106.55
2014-03-18,104.91
2014-03-19,104.52
2014-03-20,103.39
2014-03-21,103.75
2014-03-24,103.28
2014-03-25,103.02
2014-03-26,102.83
2014-03-27,101.91
2014-03-28,102.99
2014-03-31,102.66
2014-04-01,102.65
2014-04-02,100.5
2014-04-03,99.5
2014-04-04,101.39
2014-04-07,100.48
2014-04-08,101.36
2014-04-09,102.26
2014-04-10,102.79
2014-04-11,102.19
2014-04-14,103.06
2014-04-15,103.43
2014-04-16,104.66
2014-04-17,104.3
2014-04-21,103.97
2014-04-22,104.63
2014-04-23,104.2
2014-04-24,104.01
2014-04-25,104.72
2014-04-28,104.85
2014-04-29,103.5
2014-04-30,102.97
2014-05-02,102.93
2014-05-05,103.26
2014-05-06,102.42
2014-05-07,102.1
2014-05-08,102.26
2014-05-09,102.83
2014-05-12,102.31
2014-05-14,103.59
2014-05-15,103.87
2014-05-16,104.14
2014-05-19,105.04
2014-05-20,104.67
2014-05-21,105.05
2014-05-22,105.55
2014-05-23,105.45
2014-05-26,105.14
2014-05-27,105.44
2014-05-28,105.38
2014-05-29,105.18
2014-05-30,105.03
2014-06-02,104.78
2014-06-03,103.73
2014-06-04,104.26
2014-06-05,103.01
2014-06-06,104.09
2014-06-09,103.31
2014-06-10,104.14
2014-06-11,104.33
2014-06-12,105.55
2014-06-13,108.27
2014-06-16,107.83
2014-06-17,107.15
2014-06-18,108.55
2014-06-19,109.04
2014-06-20,109.5
2014-06-23,109.86
2014-06-24,108.27
2014-06-25,108.43
2014-06-26,108.41
2014-06-27,107.92
2014-06-30,107.1
2014-07-01,107.16
2014-07-02,106.68
2014-07-03,104.99
2014-07-04,105.66
2014-07-07,104.87
2014-07-08,104.21
2014-07-09,103.07
2014-07-10,102.55
2014-07-11,103.08
2014-07-14,101.74
2014-07-15,101.71
2014-07-16,101.84
2014-07-17,101.99
2014-07-18,102.8
2014-07-21,101.43
2014-07-22,102.25
2014-07-23,101.49
2014-07-24,102.27
2014-07-25,101.7
2014-07-29,102.12
2014-07-30,102.0
2014-07-31,100.3
2014-08-01,100.43
2014-08-04,99.3
2014-08-05,99.72
2014-08-06,99.02
2014-08-07,98.94
2014-08-08,100.56
2014-08-11,99.74
2014-08-12,98.95
2014-08-13,97.58
2014-08-14,98.93
2014-08-15,96.37
2014-08-18,96.61
2014-08-19,95.93
2014-08-20,96.44
2014-08-21,95.85
2014-08-22,96.76
2014-08-25,96.61
2014-08-26,96.92
2014-08-27,97.21
2014-08-28,96.82
2014-08-29,97.11
2014-09-01,97.0
2014-09-02,96.49
2014-09-03,94.88
2014-09-04,96.16
2014-09-05,96.2
2014-09-08,93.91
2014-09-09,94.61
2014-09-10,93.93
2014-09-11,92.55
2014-09-12,93.53
2014-09-15,91.69
2014-09-16,91.9
2014-09-17,92.92
2014-09-18,92.83
2014-09-19,91.43
2014-09-22,91.79
2014-09-23,91.52
2014-09-24,90.91
2014-09-25,90.93
2014-09-26,90.69
2014-09-29,90.46
2014-09-30,91.42
2014-10-01,89.06
2014-10-02,87.11
2014-10-03,87.83
2014-10-07,86.52
2014-10-08,85.36
2014-10-09,86.31
2014-10-10,83.55
2014-10-13,82.61
2014-10-14,82.9
2014-10-15,78.32
2014-10-16,77.31
2014-10-17,79.78
2014-10-20,79.92
2014-10-21,79.63
2014-10-23,78.59
2014-10-24,79.37
2014-10-27,79.4
2014-10-28,79.21
2014-10-29,79.61
2014-10-30,79.56
2014-10-31,78.5
2014-11-03,77.76
2014-11-04,75.4
2014-11-05,73.72
2014-11-06,74.12
2014-11-07,73.75
2014-11-10,75.58
2014-11-11,73.51
2014-11-12,73.33
2014-11-13,71.94
2014-11-14,68.83
2014-11-17,69.43
2014-11-18,70.44
2014-11-19,69.7
2014-11-20,69.6
2014-11-21,71.12
2014-11-24,71.98
2014-11-25,71.03
2014-11-26,69.83
2014-11-27,67.74
2014-11-28,63.98
2014-12-01,60.07
2014-12-02,64.17
2014-12-03,63.02
2014-12-04,62.01
2014-12-05,61.15
2014-12-08,59.93
2014-12-09,57.86
2014-12-10,58.14
2014-12-11,56.74
2014-12-12,55.25
2014-12-15,54.75
2014-12-16,51.77
2014-12-17,51.29
2014-12-18,53.25
2014-12-19,51.09
2014-12-22,54.63
2014-12-23,51.88
2014-12-24,53.22
2014-12-29,52.0
2014-12-30,48.87
2014-12-31,48.91
2015-01-02,49.71
2015-01-05,47.52
2015-01-06,44.22
2015-01-07,42.04
2015-01-08,43.32
2015-01-09,44.32
2015-01-12,42.2
2015-01-13,39.66
2015-01-14,39.89
2015-01-15,42.13
2015-01-16,42.16
2015-01-19,42.81
2015-01-20,43.91
2015-01-21,44.19
2015-01-22,44.16
2015-01-23,45.1
2015-01-26,43.75
2015-01-27,43.5
2015-01-28,44.8
2015-01-29,44.29
2015-01-30,44.76
2015-02-02,48.66
2015-02-03,52.61
2015-02-04,54.56
2015-02-05,51.27
2015-02-06,54.8
2015-02-09,55.75
2015-02-10,55.43
2015-02-11,54.36
2015-02-12,53.74
2015-02-13,57.01
2015-02-16,57.48
2015-02-17,58.17
2015-02-18,58.86
2015-02-23,55.87
2015-02-24,54.68
2015-02-25,54.67
2015-02-26,57.3
2015-02-27,57.27
2015-03-02,57.57
2015-03-03,55.52
2015-03-04,55.77
2015-03-05,55.31
2015-03-06,55.55
2015-03-09,54.3
2015-03-10,53.13
2015-03-11,51.52
2015-03-12,52.82
2015-03-13,51.51
2015-03-16,48.84
2015-03-17,48.05
2015-03-18,47.91
2015-03-19,49.45
2015-03-20,48.78
2015-03-23,49.03
2015-03-24,50.4
2015-03-25,49.7
2015-03-26,53.89
2015-03-27,52.67
2015-03-30,51.02
2015-03-31,49.79
2015-04-01,49.79
2015-04-02,51.47
2015-04-06,50.76
2015-04-07,51.77
2015-04-08,52.84
2015-04-09,52.38
2015-04-10,52.29
2015-04-13,54.85
2015-04-14,54.08
2015-04-15,54.89
2015-04-16,56.76
2015-04-17,57.4
2015-04-20,57.55
2015-04-21,56.76
2015-04-22,55.44
2015-04-23,56.43
2015-04-24,59.28
2015-04-27,59.25
2015-04-28,58.18
2015-04-29,58.08
2015-04-30,60.08
2015-05-04,60.85
2015-05-05,61.16
2015-05-06,63.39
2015-05-07,63.12
2015-05-08,61.04
2015-05-11,61.53
2015-05-12,61.31
2015-05-13,63.28
2015-05-14,62.26
2015-05-15,61.84
2015-05-18,62.43
2015-05-19,60.75
2015-05-20,60.12
2015-05-21,60.44
2015-05-22,61.48
2015-05-25,59.84
2015-05-26,60.18
2015-05-27,59.65
2015-05-28,57.98
2015-05-29,58.2
2015-06-02,60.69
2015-06-03,60.06
2015-06-04,58.08
2015-06-05,56.35
2015-06-08,57.27
2015-06-09,57.65
2015-06-10,60.18
2015-06-11,59.72
2015-06-12,58.36
2015-06-15,57.47
2015-06-16,57.06
2015-06-17,57.26
2015-06-18,57.51
2015-06-19,57.36
2015-06-22,56.35
2015-06-23,56.06
2015-06-24,57.43
2015-06-25,56.18
2015-06-26,55.92
2015-06-29,54.78
2015-06-30,55.07
2015-07-01,55.45
2015-07-02,54.66
2015-07-03,53.91
2015-07-06,51.54
2015-07-07,49.7
2015-07-08,48.41
2015-07-09,50.36
2015-07-10,51.19
2015-07-13,50.11
2015-07-14,49.32
2015-07-15,50.29
2015-07-16,49.37
2015-07-20,49.2
2015-07-21,48.55
2015-07-22,48.54
2015-07-23,48.3
2015-07-24,47.54
2015-07-27,46.91
2015-07-28,45.76
2015-07-29,45.39
2015-07-30,46.58
2015-07-31,45.6
2015-08-03,44.22
2015-08-04,43.92
2015-08-05,44.01
2015-08-06,43.38
2015-08-11,44.2
2015-08-12,42.89
2015-08-13,43.62
2015-08-14,42.42
2015-08-17,41.78
2015-08-18,41.42
2015-08-19,41.76
2015-08-20,39.51
2015-08-21,38.64
2015-08-24,36.54
2015-08-25,35.35
2015-08-26,35.03
2015-08-27,36.29
2015-08-28,38.41
2015-08-31,40.42
2015-09-01,43.61
2015-09-02,40.25
2015-09-03,41.74
2015-09-04,41.96
2015-09-07,40.69
2015-09-08,39.61
2015-09-09,41.78
2015-09-10,39.48
2015-09-14,39.14
2015-09-15,38.26
2015-09-16,39.17
2015-09-17,40.15
2015-09-18,39.34
2015-09-21,37.43
2015-09-22,37.06
2015-09-23,38.28
2015-09-25,37.34
2015-09-28,37.44
2015-09-29,36.87
2015-09-30,37.15
2015-10-01,37.34
2015-10-02,36.97
2015-10-05,37.58
2015-10-06,38.09
2015-10-07,41.68
2015-10-08,40.74
2015-10-09,42.52
2015-10-12,41.72
2015-10-13,39.13
2015-10-14,38.07
2015-10-15,37.89
2015-10-16,38.65
2015-10-19,38.24
2015-10-20,36.75
2015-10-21,36.79
2015-10-22,36.79
2015-10-23,36.52
2015-10-26,36.52
2015-10-27,35.8
2015-10-28,35.87
2015-10-29,37.23
2015-10-30,37.27
2015-11-02,38.02
2015-11-03,37.29
2015-11-04,38.76
2015-11-05,37.45
2015-11-06,36.87
2015-11-09,37.04
2015-11-11,36.53
2015-11-12,35.37
2015-11-13,34.6
2015-11-16,34.19
2015-11-17,34.66
2015-11-18,33.88
2015-11-19,34.23
2015-11-20,33.78
2015-11-23,33.45
2015-11-24,34.82
2015-11-25,35.31
2015-11-26,34.95
2015-11-27,34.13
2015-11-30,33.85
2015-12-01,34.02
2015-12-02,33.58
2015-12-03,32.29
2015-12-04,32.88
2015-12-07,32.11
2015-12-08,30.46
2015-12-09,30.79
2015-12-10,30.52
2015-12-11,30.32
2015-12-14,28.5
2015-12-15,28.26
2015-12-16,28.58
2015-12-17,27.54
2015-12-18,27.49
2015-12-21,26.54
2015-12-22,26.92
2015-12-23,26.84
2015-12-24,28.12
2015-12-28,27.65
2015-12-29,27.2
2015-12-30,27.61
2015-12-31,27.01
2016-01-04,27.62
2016-01-05,27.53
2016-01-06,26.32
2016-01-07,23.52
2016-01-08,25.28
2016-01-11,23.92
2016-01-12,22.47
2016-01-13,22.44
2016-01-14,21.29
2016-01-15,21.35
2016-01-18,20.01
2016-01-19,20.64
2016-01-20,19.7
2016-01-21,19.79
2016-01-22,22.6
2016-01-25,23.15
2016-01-26,21.47
2016-01-27,23.12
2016-01-28,24.83
2016-01-29,26.3
2016-02-01,26.12
2016-02-02,24.6
2016-02-03,24.17
2016-02-04,25.98
2016-02-10,22.78
2016-02-11,22.82
2016-02-12,23.28
2016-02-15,25.14
2016-02-16,26.5
2016-02-17,23.58
2016-02-18,25.68
2016-02-19,24.63
2016-02-22,24.59
2016-02-23,24.53
2016-02-24,23.7
2016-02-25,24.05
2016-02-26,25.17
2016-02-29,24.49
2016-03-01,25.35
2016-03-02,24.89
2016-03-03,24.29
2016-03-04,24.62
2016-03-07,26.14
2016-03-08,27.09
2016-03-09,26.88
2016-03-10,28.44
2016-03-11,28.41
2016-03-14,28.11
2016-03-15,26.29
2016-03-16,26.02
2016-03-17,28.11
2016-03-18,27.99
2016-03-21,27.6
2016-03-22,28.13
2016-03-23,28.08
2016-03-24,27.61
2016-03-28,28.01
2016-03-29,27.27
2016-03-30,27.63
2016-03-31,26.78
2016-04-01,27.42
2016-04-04,26.34
2016-04-05,25.37
2016-04-06,26.08
2016-04-07,27.26
2016-04-08,27.62
2016-04-11,29.16
2016-04-12,30.15
2016-04-13,30.39
2016-04-14,30.03
2016-04-15,29.93
2016-04-18,28.08
2016-04-19,29.74
2016-04-20,29.77
2016-04-21,31.89
2016-04-22,31.28
2016-04-25,30.87
2016-04-26,31.46
2016-04-27,33.41
2016-04-28,33.77
2016-04-29,34.74
2016-05-03,33.03
2016-05-04,32.5
2016-05-05,33.55
2016-05-06,32.55
2016-05-09,33.66
2016-05-10,32.16
2016-05-11,33.07
2016-05-12,35.32
2016-05-13,35.2
2016-05-16,36.21
2016-05-17,36.07
2016-05-18,35.53
2016-05-19,34.49
2016-05-20,35.61
2016-05-23,35.25
2016-05-24,34.86
2016-05-25,35.76
2016-05-26,35.98
2016-05-27,35.31
2016-05-30,35.53
2016-05-31,36.2
2016-06-01,35.72
2016-06-02,35.97
2016-06-03,36.39
2016-06-06,36.35
2016-06-07,36.83
2016-06-08,37.96
2016-06-09,38.58
2016-06-10,38.11
2016-06-13,37.17
2016-06-14,36.4
2016-06-15,36.44
2016-06-16,35.81
2016-06-17,35.68
2016-06-20,37.68
2016-06-21,38.11
2016-06-22,39.31
2016-06-23,39.05
2016-06-24,38.19
2016-06-27,38.35
2016-06-28,37.99
2016-06-29,39.26
2016-06-30,40.13
2016-07-01,38.96
2016-07-04,39.61
2016-07-05,38.31
2016-07-07,38.47
2016-07-08,36.58
2016-07-11,36.8
2016-07-12,37.56
2016-07-13,38.53
2016-07-14,37.67
2016-07-15,37.69
2016-07-18,38.55
2016-07-19,37.62
2016-07-20,37.57
2016-07-21,38.34
2016-07-22,37.03
2016-07-25,36.67
2016-07-26,35.54
2016-07-27,36.33
2016-07-28,35.52
2016-07-29,34.66
2016-08-01,34.98
2016-08-02,33.77
2016-08-03,33.63
2016-08-04,34.83
2016-08-05,35.58
2016-08-08,36.38
2016-08-10,36.47
2016-08-11,35.3
2016-08-12,37.54
2016-08-15,38.77
2016-08-16,39.74
2016-08-17,40.01
2016-08-18,40.92
2016-08-19,41.15
2016-08-22,40.91
2016-08-23,39.39
2016-08-24,39.78
2016-08-25,39.2
2016-08-26,39.63
2016-08-29,39.49
2016-08-30,39.97
2016-08-31,38.72
2016-09-01,37.38
2016-09-02,36.37
2016-09-05,39.23
2016-09-06,38.37
2016-09-07,38.71
2016-09-08,39.84
2016-09-09,40.87
2016-09-13,39.0
2016-09-14,39.02
2016-09-15,37.57
2016-09-16,38.11
2016-09-19,38.43
2016-09-20,38.1
2016-09-21,39.23
2016-09-22,39.46
2016-09-23,39.35
2016-09-26,38.23
2016-09-27,38.83
2016-09-28,38.05
2016-09-29,39.82
2016-09-30,40.13
2016-10-03,41.21
2016-10-04,40.93
2016-10-05,42.11
2016-10-06,41.92
2016-10-07,43.14
2016-10-10,43.0
2016-10-11,43.89
2016-10-12,44.01
2016-10-13,42.92
2016-10-14,43.68
2016-10-17,43.14
2016-10-18,43.22
2016-10-19,43.69
2016-10-20,43.78
2016-10-21,43.21
2016-10-24,43.84
2016-10-25,43.86
2016-10-26,42.53
2016-10-27,42.62
2016-10-28,42.66
2016-10-31,41.93
2016-11-01,41.39
2016-11-02,39.81
2016-11-03,39.63
2016-11-04,39.07
2016-11-07,39.0
2016-11-08,39.27
2016-11-09,38.64
2016-11-10,39.81
2016-11-11,38.71
2016-11-14,37.99
2016-11-15,38.15
2016-11-16,39.77
2016-11-17,40.11
2016-11-18,39.53
2016-11-21,41.93
2016-11-22,43.84
2016-11-23,44.38
2016-11-24,44.61
2016-11-25,44.63
2016-11-28,42.78
2016-11-29,44.05
2016-11-30,43.51
2016-12-01,48.27
2016-12-02,49.74
2016-12-05,50.51
2016-12-06,50.26
2016-12-07,49.43
2016-12-08,48.89
2016-12-09,50.03
2016-12-12,52.74
2016-12-13,51.36
2016-12-14,50.91
2016-12-15,49.91
2016-12-16,49.7
2016-12-19,51.27
2016-12-20,50.63
2016-12-21,51.47
2016-12-22,50.32
2016-12-23,50.55
2016-12-27,50.99
2016-12-28,51.98
2016-12-29,52.11
2016-12-30,51.86
2017-01-03,52.69
2017-01-04,51.67
2017-01-05,51.87
2017-01-06,52.42
2017-01-09,52.39
2017-01-10,50.75
2017-01-11,49.45
2017-01-12,50.95
2017-01-13,51.44
2017-01-16,50.75
2017-01-17,51.27
2017-01-18,51.24
2017-01-19,50.13
2017-01-20,49.8
2017-01-23,50.53
2017-01-24,50.79
2017-01-25,50.19
2017-01-26,50.63
2017-01-27,51.25
2017-01-31,49.68
2017-02-01,50.13
2017-02-02,51.25
2017-02-03,51.42
2017-02-06,51.12
2017-02-07,49.54
2017-02-08,48.29
2017-02-09,49.07
2017-02-10,49.25
2017-02-13,50.07
2017-02-14,49.21
2017-02-15,49.09
2017-02-16,49.31
2017-02-17,49.12
2017-02-20,49.51
2017-02-21,49.74
2017-02-22,49.75
2017-02-23,49.76
2017-02-24,49.58
2017-02-27,49.96
2017-02-28,49.25
2017-03-01,49.84
2017-03-02,49.45
2017-03-03,48.67
2017-03-06,48.54
2017-03-07,48.99
2017-03-08,48.52
2017-03-09,46.59
2017-03-10,45.05
2017-03-13,44.05
2017-03-14,44.13
2017-03-15,44.25
2017-03-16,45.12
2017-03-17,44.38
2017-03-20,44.25
2017-03-21,44.58
2017-03-22,43.32
2017-03-23,43.38
2017-03-24,43.14
2017-03-27,42.91
2017-03-28,43.49
2017-03-29,44.15
2017-03-30,44.75
2017-03-31,45.0
2017-04-03,45.58
2017-04-04,44.96
2017-04-05,46.84
2017-04-06,46.44
2017-04-07,47.71
2017-04-10,47.61
2017-04-11,47.86
2017-04-12,48.4
2017-04-13,47.78
2017-04-17,47.17
2017-04-18,46.75
2017-04-19,46.63
2017-04-20,44.84
2017-04-21,44.59
2017-04-24,44.1
2017-04-25,43.36
2017-04-26,43.83
2017-04-27,43.13
2017-04-28,43.72
2017-05-02,43.8
2017-05-03,42.97
2017-05-04,42.53
2017-05-05,41.11
2017-05-08,41.85
2017-05-09,41.94
2017-05-11,43.43
2017-05-12,43.44
2017-05-15,44.83
2017-05-16,44.89
2017-05-17,44.27
2017-05-18,44.98
2017-05-19,46.09
2017-05-22,46.87
2017-05-23,46.16
2017-05-24,47.19
2017-05-25,47.0
2017-05-26,44.48
2017-05-29,44.67
2017-05-30,44.63
2017-05-31,44.41
2017-06-01,44.51
2017-06-02,42.91
2017-06-05,43.64
2017-06-06,42.82
2017-06-07,43.37
2017-06-08,42.29
2017-06-09,41.85
2017-06-12,42.45
2017-06-13,42.68
2017-06-14,42.24
2017-06-15,41.15
2017-06-16,41.57
2017-06-19,41.62
2017-06-20,41.55
2017-06-21,40.3
2017-06-22,39.45
2017-06-23,40.14
2017-06-27,41.03
2017-06-28,41.13
2017-06-29,42.26
2017-06-30,42.28
2017-07-03,43.49
2017-07-04,43.99
2017-07-05,44.12
2017-07-06,43.0
2017-07-07,41.82
2017-07-10,41.3
2017-07-11,41.26
2017-07-12,42.87
2017-07-13,41.81
2017-07-14,42.84
2017-07-17,43.6
2017-07-18,43.07
2017-07-19,43.38
2017-07-20,44.35
2017-07-21,44.18
2017-07-24,42.42
2017-07-25,43.4
2017-07-26,45.22
2017-07-27,45.57
2017-07-28,46.13
2017-07-31,47.02
2017-08-01,47.26
2017-08-02,45.82
2017-08-03,46.36
2017-08-04,45.85
2017-08-07,46.28
2017-08-08,46.72
2017-08-10,47.21
2017-08-11,45.51
2017-08-14,46.09
2017-08-15,44.94
2017-08-16,45.51
2017-08-17,44.76
2017-08-18,45.7
2017-08-21,47.09
2017-08-22,46.69
2017-08-23,46.36
2017-08-24,47.17
2017-08-25,47.39
2017-08-28,47.42
2017-08-29,47.07
2017-08-30,46.71
2017-08-31,45.91
2017-09-04,47.16
2017-09-05,47.42
2017-09-06,48.54
2017-09-07,49.61
2017-09-08,49.81
2017-09-11,48.65
2017-09-12,48.68
2017-09-13,49.51
2017-09-14,50.31
2017-09-15,50.29
2017-09-18,50.89
2017-09-19,50.63
2017-09-20,50.49
2017-09-21,51.15
2017-09-22,51.24
2017-09-25,51.74
2017-09-26,53.27
2017-09-27,52.84
2017-09-28,52.32
2017-09-29,52.27
2017-10-02,51.35
2017-10-03,50.87
2017-10-04,50.29
2017-10-05,50.9
2017-10-06,51.97
2017-10-09,50.39
2017-10-10,50.88
2017-10-11,51.53
2017-10-12,51.61
2017-10-13,52.17
2017-10-16,52.81
2017-10-17,53.17
2017-10-19,52.48
2017-10-20,52.25
2017-10-23,52.59
2017-10-24,51.85
2017-10-25,52.9
2017-10-26,52.74
2017-10-27,53.67
2017-10-30,55.13
2017-10-31,55.08
2017-11-01,55.95
2017-11-02,54.79
2017-11-03,55.27
2017-11-06,57.09
2017-11-07,58.93
2017-11-08,57.87
2017-11-09,57.63
2017-11-10,58.12
2017-11-13,57.49
2017-11-14,57.04
2017-11-15,55.75
2017-11-16,56.28
2017-11-17,55.55
2017-11-20,56.6
2017-11-21,56.51
2017-11-22,57.2
2017-11-23,57.05
2017-11-24,57.58
2017-11-27,57.52
2017-11-28,57.49
2017-11-29,57.05
2017-11-30,57.23
2017-12-01,56.87
2017-12-04,57.2
2017-12-05,56.1
2017-12-06,56.5
2017-12-07,55.07
2017-12-08,55.96
2017-12-11,56.7
2017-12-12,59.0
2017-12-13,57.59
2017-12-14,56.52
2017-12-15,57.37
2017-12-18,57.52
2017-12-19,57.62
2017-12-20,57.86
2017-12-21,58.39
2017-12-22,58.58
2017-12-26,58.86
2017-12-27,60.28
2017-12-28,59.95
2017-12-29,60.22
2018-01-02,60.08
2018-01-03,59.9
2018-01-04,61.02
2018-01-05,60.92
2018-01-08,60.61
2018-01-09,60.95
2018-01-10,61.9
2018-01-11,61.81
2018-01-12,61.7
2018-01-15,62.43
2018-01-16,62.29
2018-01-17,61.62
2018-01-18,61.72
2018-01-19,61.12
2018-01-22,61.46
2018-01-23,61.82
2018-01-24,62.1
2018-01-25,63.62
2018-01-26,62.71
2018-01-29,62.76
2018-01-30,61.21
2018-01-31,61.16
2018-02-01,61.8
2018-02-02,62.69
2018-02-05,60.67
2018-02-06,60.23
2018-02-07,60.42
2018-02-08,58.56
2018-02-09,57.73
2018-02-12,57.17
2018-02-13,56.48
2018-02-14,56.02
2018-02-15,58.37
2018-02-19,58.73
2018-02-20,58.9
2018-02-21,57.95
2018-02-22,58.24
2018-02-23,59.49
2018-02-26,60.5
2018-02-27,60.45
2018-02-28,59.45
2018-03-01,57.87
2018-03-02,56.83
2018-03-05,57.9
2018-03-06,58.35
2018-03-07,58.09
2018-03-08,57.34
2018-03-09,56.74
2018-03-12,58.26
2018-03-13,58.02
2018-03-14,57.72
2018-03-15,57.95
2018-03-16,58.19
2018-03-19,58.81
2018-03-20,59.45
2018-03-21,60.68
2018-03-22,61.91
2018-03-23,61.99
2018-03-26,62.76
2018-03-27,62.77
2018-03-28,62.04
2018-03-29,62.11
2018-04-02,61.95
2018-04-03,60.23
2018-04-04,59.56
2018-04-05,60.17
2018-04-06,60.03
2018-04-09,59.68
2018-04-10,61.61
2018-04-11,62.71
2018-04-12,63.88
2018-04-13,64.33
2018-04-16,63.29
2018-04-17,63.09
2018-04-18,63.81
2018-04-19,65.97
2018-04-20,65.21
2018-04-23,65.08
2018-04-24,66.27
2018-04-25,65.25
2018-04-26,65.44
2018-04-27,65.71
2018-04-30,64.78
2018-05-02,64.42
2018-05-03,64.38
2018-05-04,64.13
2018-05-07,66.17
2018-05-08,66.08
2018-05-09,67.63
2018-05-10,68.25
2018-05-11,68.1
2018-05-14,67.53
2018-05-15,69.32
2018-05-16,68.76
2018-05-17,70.46
2018-05-18,70.82
2018-05-21,70.13
2018-05-22,71.15
2018-05-23,70.39
2018-05-24,70.69
2018-05-25,69.22
2018-05-28,66.71
2018-05-30,66.85
2018-05-31,68.73
2018-06-01,68.98
2018-06-04,68.02
2018-06-05,66.83
2018-06-06,67.15
2018-06-07,67.1
2018-06-08,68.16
2018-06-11,67.66
2018-06-12,68.09
2018-06-13,66.61
2018-06-14,67.53
2018-06-18,64.21
2018-06-19,65.78
2018-06-20,66.78
2018-06-21,64.84
2018-06-22,65.29
2018-06-25,66.07
2018-06-26,66.27
2018-06-27,67.57
2018-06-28,68.56
2018-06-29,69.29
2018-07-02,69.44
2018-07-03,68.58
2018-07-04,68.75
2018-07-05,68.68
2018-07-06,68.1
2018-07-09,68.55
2018-07-10,69.67
2018-07-11,68.14
2018-07-12,65.71
2018-07-13,64.53
2018-07-16,66.3
2018-07-17,63.39
2018-07-18,62.44
2018-07-19,63.68
2018-07-20,64.84
2018-07-23,64.89
2018-07-24,64.61
2018-07-25,65.55
2018-07-26,66.06
2018-07-27,65.89
2018-07-30,66.19
2018-07-31,66.3
2018-08-01,65.73
2018-08-02,64.15
2018-08-03,64.83
2018-08-06,65.11
2018-08-07,65.54
2018-08-08,66.07
2018-08-10,62.2
2018-08-13,65.16
2018-08-14,65.6
2018-08-15,63.19
2018-08-16,62.08
2018-08-17,63.01
2018-08-20,63.57
2018-08-21,63.66
2018-08-23,65.49
2018-08-24,66.1
2018-08-27,66.29
2018-08-28,67.18
2018-08-29,66.39
2018-08-30,67.99
2018-08-31,67.84
2018-09-03,68.3
2018-09-04,69.07
2018-09-05,67.8
2018-09-06,67.4
2018-09-07,67.0
2018-09-10,68.01
2018-09-11,68.38
2018-09-12,69.51
2018-09-13,69.29
2018-09-14,68.51
2018-09-17,68.6
2018-09-18,67.67
2018-09-19,68.9
2018-09-20,69.33
2018-09-21,69.17
2018-09-24,70.54
2018-09-25,73.2
2018-09-26,71.13
2018-09-27,73.12
2018-09-28,71.17
2018-10-01,72.88
2018-10-02,74.89
2018-10-03,76.26
2018-10-04,78.08
2018-10-05,76.33
2018-10-08,74.08
2018-10-09,76.32
2018-10-10,77.28
2018-10-11,75.42
2018-10-12,73.44
2018-10-15,73.91
2018-10-16,72.71
2018-10-17,74.63
2018-10-18,72.45
2018-10-19,71.32
2018-10-22,72.88
2018-10-23,71.2
2018-10-24,68.02
2018-10-25,69.01
2018-10-26,69.68
2018-10-29,70.66
2018-10-30,70.38
2018-10-31,69.79
2018-11-01,66.88
2018-11-02,64.66
2018-11-05,63.85
2018-11-07,63.2
2018-11-08,64.66
2018-11-09,63.56
2018-11-12,64.3
2018-11-13,62.49
2018-11-14,57.8
2018-11-15,58.82
2018-11-16,59.78
2018-11-19,59.25
2018-11-20,58.35
2018-11-21,55.3
2018-11-22,55.15
2018-11-23,54.2
2018-11-26,52.42
2018-11-27,52.44
2018-11-28,53.6
2018-11-29,51.3
2018-11-30,50.89
2018-12-03,53.55
2018-12-04,54.05
2018-12-05,52.72
2018-12-06,52.73
2018-12-07,51.2
2018-12-10,53.57
2018-12-11,51.7
2018-12-12,52.37
2018-12-13,51.72
2018-12-14,52.73
2018-12-17,51.87
2018-12-18,49.81
2018-12-19,48.04
2018-12-20,46.91
2018-12-21,46.1
2018-12-26,41.76
2018-12-27,45.42
2018-12-28,45.05
2019-01-02,44.06
2019-01-03,45.5
2019-01-04,48.02
2019-01-07,49.99
2019-01-08,48.9
2019-01-09,50.74
2019-01-10,52.03
2019-01-11,53.72
2019-01-14,51.33
2019-01-15,50.8
2019-01-16,52.17
2019-01-17,52.33
2019-01-18,52.89
2019-01-21,53.85
2019-01-22,53.65
2019-01-23,53.43
2019-01-24,53.43
2019-01-25,53.49
2019-01-28,52.79
2019-01-29,51.94
2019-01-30,53.46
2019-01-31,54.38
2019-02-01,53.38
2019-02-04,55.4
2019-02-07,55.05
2019-02-08,54.4
2019-02-11,54.96
2019-02-12,54.97
2019-02-13,55.83
2019-02-14,57.42
2019-02-15,57.82
2019-02-18,59.92
2019-02-19,59.59
2019-02-20,59.16
2019-02-21,59.9
2019-02-22,60.0
2019-02-25,59.78
2019-02-26,57.67
2019-02-27,58.76
2019-02-28,59.58
2019-03-01,60.08
2019-03-04,58.23
2019-03-05,58.3
2019-03-06,58.08
2019-03-07,58.66
2019-03-08,58.03
2019-03-11,58.79
2019-03-12,59.33
2019-03-13,59.26
2019-03-14,60.67
2019-03-15,60.21
2019-03-18,59.61
2019-03-19,60.1
2019-03-20,60.24
2019-03-21,60.93
2019-03-22,59.9
2019-03-25,58.78
2019-03-26,59.85
2019-03-27,60.1
2019-03-28,59.41
2019-03-29,60.25
2019-04-01,61.48
2019-04-02,61.91
2019-04-03,62.51
2019-04-04,61.55
2019-04-05,61.42
2019-04-08,63.16
2019-04-09,63.38
2019-04-10,63.06
2019-04-11,63.8
2019-04-12,63.52
2019-04-15,63.64
2019-04-16,62.91
2019-04-17,64.04
2019-04-18,63.58
2019-04-22,65.85
2019-04-23,65.97
2019-04-24,66.25
2019-04-25,66.93
2019-04-26,66.15
2019-04-29,63.86
2019-04-30,64.43
2019-05-02,64.1
2019-05-03,62.75
2019-05-06,62.22
2019-05-07,63.28
2019-05-08,62.35
2019-05-09,61.58
2019-05-10,62.23
2019-05-13,63.06
2019-05-14,61.89
2019-05-15,63.05
2019-05-16,64.47
2019-05-17,65.11
2019-05-21,64.55
2019-05-22,64.32
2019-05-23,63.12
2019-05-24,61.24
2019-05-27,61.25
2019-05-28,62.89
2019-05-29,62.18
2019-05-30,62.49
2019-05-31,58.99
2019-06-03,55.22
2019-06-04,55.36
2019-06-06,55.17
2019-06-07,57.34
2019-06-10,56.72
2019-06-11,55.84
2019-06-12,54.43
2019-06-13,54.78
2019-06-14,54.36
2019-06-17,55.03
2019-06-18,53.84
2019-06-19,55.2
2019-06-20,56.5
2019-06-21,57.82
2019-06-24,58.51
2019-06-25,57.8
2019-06-26,58.71
2019-06-27,58.87
2019-06-28,59.21
2019-07-01,60.34
2019-07-02,58.62
2019-07-03,55.87
2019-07-04,56.87
2019-07-05,56.81
2019-07-08,58.27
2019-07-09,57.44
2019-07-10,58.79
2019-07-11,60.88
2019-07-12,60.52
2019-07-15,59.94
2019-07-16,59.42
2019-07-17,57.97
2019-07-18,56.98
2019-07-19,56.1
2019-07-22,57.44
2019-07-23,56.92
2019-07-24,57.65
2019-07-25,56.97
2019-07-26,57.12
2019-07-29,56.6
2019-07-30,57.94
2019-07-31,58.89
2019-08-01,58.26
2019-08-02,55.55
2019-08-05,54.85
2019-08-06,54.02
2019-08-07,52.79
2019-08-08,51.06
2019-08-13,51.8
2019-08-14,53.87
2019-08-15,52.26
2019-08-16,52.03
2019-08-19,52.26
2019-08-20,53.01
2019-08-21,53.91
2019-08-22,54.54
2019-08-23,55.43
2019-08-26,56.39
2019-08-27,57.38
2019-08-28,59.91
2019-08-29,61.82
2019-08-30,63.31
2019-09-02,61.85
2019-09-03,60.99
2019-09-04,61.39
2019-09-05,63.48
2019-09-06,64.1
2019-09-09,63.88
2019-09-10,64.8
2019-09-11,64.91
2019-09-12,63.41
2019-09-13,62.31
2019-09-16,66.88
2019-09-17,70.42
2019-09-18,66.75
2019-09-19,66.12
2019-09-20,67.15
2019-09-23,66.72
2019-09-24,66.58
2019-09-25,64.95
2019-09-26,65.13
2019-09-27,65.63
2019-09-30,64.36
2019-10-01,63.77
2019-10-02,62.95
2019-10-03,61.58
2019-10-04,61.81
2019-10-07,62.47
2019-10-08,62.41
2019-10-09,61.21
2019-10-10,61.58
2019-10-11,63.68
2019-10-14,63.04
2019-10-15,62.72
2019-10-16,62.31
2019-10-17,62.57
2019-10-18,63.22
2019-10-21,62.79
2019-10-22,62.48
2019-10-23,63.15
2019-10-24,64.48
2019-10-25,64.93
2019-10-29,64.78
2019-10-30,65.09
2019-10-31,64.86
2019-11-01,63.95
2019-11-04,65.81
2019-11-05,66.85
2019-11-06,66.91
2019-11-07,66.17
2019-11-08,66.18
2019-11-11,65.13
2019-11-12,65.83
2019-11-13,65.2
2019-11-14,66.09
2019-11-15,65.82
2019-11-18,66.71
2019-11-19,65.65
2019-11-20,64.08
2019-11-21,65.48
2019-11-22,66.91
2019-11-25,66.99
2019-11-26,66.83
2019-11-27,67.68
2019-11-28,67.33
2019-11-29,67.42
2019-12-02,65.76
2019-12-03,65.75
2019-12-04,65.86
2019-12-05,67.65
2019-12-06,68.31
2019-12-09,67.75
2019-12-10,68.1
2019-12-11,67.82
2019-12-12,68.06
2019-12-13,68.84
2019-12-16,69.37
2019-12-17,69.91
2019-12-18,70.0
2019-12-19,70.42
2019-12-20,70.86
2019-12-23,70.37
2019-12-24,71.24
2019-12-26,72.11
2019-12-27,73.05
2019-12-30,72.99
2019-12-31,72.84
2020-01-02,72.39
2020-01-03,74.49
2020-01-06,76.14
2020-01-07,74.6
2020-01-08,75.43
2020-01-09,71.36
2020-01-10,70.89
2020-01-13,70.63
2020-01-14,69.54
2020-01-15,69.71
2020-01-16,69.51
2020-01-17,69.8
2020-01-20,70.36
2020-01-21,69.7
2020-01-22,69.51
2020-01-23,67.92
2020-01-24,67.87
2020-01-28,64.67
2020-01-29,65.72
2020-01-30,64.43
2020-01-31,64.41
2020-02-03,62.21
2020-02-04,61.03
2020-02-05,60.39
2020-02-06,61.98
2020-02-07,60.92
2020-02-10,60.27
2020-02-11,59.85
2020-02-12,60.84
2020-02-13,61.19
2020-02-14,61.66
2020-02-17,62.27
2020-02-18,61.64
2020-02-19,62.87
2020-02-20,63.53
2020-02-21,63.04
2020-02-24,61.02
2020-02-25,60.66
2020-02-26,58.81
2020-02-27,57.02
2020-02-28,54.8
2020-03-02,56.0
2020-03-03,57.16
2020-03-04,56.14
2020-03-05,55.68
2020-03-06,53.49
2020-03-09,40.85
2020-03-10,41.07
2020-03-11,41.69
2020-03-12,39.66
2020-03-13,39.94
2020-03-16,37.05
2020-03-17,35.96
2020-03-18,33.47
2020-03-19,31.82
2020-03-20,35.14
2020-03-23,31.33
2020-03-24,33.04
2020-03-25,33.41
2020-03-26,31.89
2020-03-27,30.82
2020-03-30,29.0
2020-03-31,28.92
2020-04-01,26.7
2020-04-02,27.66
2020-04-03,31.06
2020-04-06,34.2
2020-04-07,34.41
2020-04-08,33.15
2020-04-09,35.67
2020-04-13,35.06
2020-04-14,36.27
2020-04-15,32.19
2020-04-16,30.75
2020-04-17,30.59
2020-04-20,29.55
2020-04-21,25.7
2020-04-22,19.67
2020-04-23,23.65
2020-04-24,22.4
2020-04-27,21.69
2020-04-28,19.9
2020-04-29,20.74
2020-04-30,24.46
2020-05-04,24.37
2020-05-05,27.45
2020-05-06,30.28
2020-05-08,28.78
2020-05-11,30.34
2020-05-12,29.86
2020-05-13,29.17
2020-05-14,29.52
2020-05-15,31.93
2020-05-18,33.43
2020-05-19,35.13
2020-05-20,34.88
2020-05-21,36.33
2020-05-22,34.46
2020-05-26,36.52
2020-05-27,36.45
2020-05-28,34.45
2020-05-29,35.02
2020-06-01,37.34
2020-06-02,38.39
2020-06-03,39.61
2020-06-04,39.04
2020-06-05,40.12
2020-06-08,42.33
2020-06-09,40.57
2020-06-10,40.97
2020-06-11,40.79
2020-06-12,38.65
2020-06-15,38.57
2020-06-16,40.85
2020-06-17,41.88
2020-06-18,41.16
2020-06-19,43.13
2020-06-22,42.71
2020-06-23,43.98
2020-06-24,42.93
2020-06-25,40.89
2020-06-26,42.02
2020-06-29,40.87
2020-06-30,42.35
2020-07-01,43.03
2020-07-02,43.39
2020-07-03,43.91
2020-07-06,44.93
2020-07-07,43.9
2020-07-08,44.62
2020-07-09,44.82
2020-07-13,44.33
2020-07-14,43.67
2020-07-15,44.91
2020-07-16,44.98
2020-07-17,44.78
2020-07-20,44.69
2020-07-21,45.59
2020-07-22,45.76
2020-07-23,46.36
2020-07-24,45.67
2020-07-27,46.05
2020-07-28,46.14
2020-07-29,46.34
2020-07-30,46.13
2020-08-03,45.6
2020-08-04,45.66
2020-08-05,46.68
2020-08-06,46.88
2020-08-07,46.82
2020-08-11,47.47
2020-08-12,47.25
2020-08-13,47.58
2020-08-14,46.98
2020-08-17,47.28
2020-08-18,47.71
2020-08-19,47.06
2020-08-20,47.15
2020-08-21,46.94
2020-08-24,46.9
2020-08-25,47.51
2020-08-26,48.18
2020-08-27,47.84
2020-08-28,46.69
2020-08-31,47.63
2020-09-01,46.95
2020-09-02,47.17
2020-09-03,45.17
2020-09-04,45.15
2020-09-07,43.13
2020-09-08,42.48
2020-09-09,41.49
2020-09-10,42.04
2020-09-11,41.41
2020-09-14,41.14
2020-09-15,41.18
2020-09-16,42.94
2020-09-17,43.41
2020-09-18,42.78
2020-09-21,41.56
2020-09-22,41.0
2020-09-23,40.88
2020-09-24,40.9
2020-09-25,41.6
2020-09-28,41.07
2020-09-29,41.73
2020-09-30,40.44
2020-10-01,40.98
2020-10-02,38.71
2020-10-05,39.44
2020-10-06,40.6
2020-10-07,41.12
2020-10-08,41.51
2020-10-09,42.63
2020-10-12,41.78
2020-10-13,41.66
2020-10-14,41.83
2020-10-15,42.37
2020-10-16,42.5
2020-10-19,42.36
2020-10-20,42.21
2020-10-21,42.2
2020-10-22,41.77
2020-10-23,42.24
2020-10-26,40.73
2020-10-27,41.13
2020-10-28,40.48
2020-10-29,39.66
2020-10-30,38.46
2020-11-02,36.72
2020-11-03,39.8
2020-11-04,39.93
2020-11-05,41.25
2020-11-06,40.63
2020-11-09,41.09
2020-11-10,43.41
2020-11-11,45.1
2020-11-12,44.55
2020-11-13,43.61
2020-11-16,44.24
2020-11-17,44.75
2020-11-18,44.65
2020-11-19,45.17
2020-11-20,45.04
2020-11-23,46.85
2020-11-24,47.17
2020-11-25,49.28
2020-11-26,48.87
2020-11-27,48.48
2020-11-30,48.44
2020-12-01,48.77
2020-12-02,48.2
2020-12-03,49.22
2020-12-04,50.59
2020-12-07,49.61
2020-12-08,49.4
2020-12-09,50.25
2020-12-10,49.94
2020-12-11,51.49
2020-12-14,51.79
2020-12-15,51.11
2020-12-16,51.86
2020-12-17,52.94
2020-12-18,52.56
2020-12-21,51.97
2020-12-22,51.35
2020-12-23,51.27
2020-12-24,53.06
2020-12-28,52.66
2020-12-29,52.81
2020-12-30,52.83
2020-12-31,52.72
2021-01-04,54.13
2021-01-05,52.19
2021-01-06,55.08
2021-01-07,56.07
2021-01-08,56.08
2021-01-11,56.84
2021-01-12,57.39
2021-01-13,58.24
2021-01-14,57.78
2021-01-15,57.22
2021-01-18,56.18
2021-01-19,56.85
2021-01-20,57.74
2021-01-21,57.16
2021-01-22,56.56
2021-01-25,56.91
2021-01-26,56.89
2021-01-27,57.42
2021-01-28,56.73
2021-01-29,56.56
2021-02-01,56.88
2021-02-02,58.5
2021-02-03,59.49
2021-02-04,60.27
2021-02-05,61.0
2021-02-08,61.63
2021-02-09,62.71
2021-02-10,62.64
2021-02-11,62.77
2021-02-15,64.86
2021-02-16,64.75
2021-02-17,65.15
2021-02-18,66.04
2021-02-19,63.97
2021-02-22,64.93
2021-02-23,67.87
2021-02-24,66.97
2021-02-25,69.08
2021-02-26,67.93
2021-03-01,67.81
2021-03-02,65.11
2021-03-03,65.38
2021-03-04,66.72
2021-03-05,69.75
2021-03-08,72.16
2021-03-09,69.82
2021-03-10,68.82
2021-03-11,70.14
2021-03-12,71.24
2021-03-15,71.39
2021-03-16,69.69
2021-03-17,69.96
2021-03-18,68.49
2021-03-19,65.15
2021-03-22,65.74
2021-03-23,65.45
2021-03-24,63.31
2021-03-25,64.61
2021-03-26,64.74
2021-03-29,65.35
2021-03-30,66.05
2021-03-31,65.47
2021-04-01,64.01
2021-04-05,64.97
2021-04-06,64.58
2021-04-07,63.57
2021-04-08,63.77
2021-04-09,63.61
2021-04-12,63.92
2021-04-13,64.19
2021-04-14,65.02
2021-04-15,66.59
2021-04-16,67.5
2021-04-19,67.16
2021-04-20,67.86
2021-04-21,66.34
2021-04-22,64.96
2021-04-23,65.55
2021-04-26,65.35
2021-04-27,66.38
2021-04-28,66.56
2021-04-29,67.8
2021-04-30,68.28
2021-05-03,67.49
2021-05-04,69.03
2021-05-05,70.16
2021-05-06,69.47
2021-05-07,68.43
2021-05-10,68.91
2021-05-11,67.78
2021-05-12,68.76
2021-05-14,67.04
2021-05-17,68.5
2021-05-18,69.73
2021-05-19,67.71
2021-05-20,66.7
2021-05-21,64.78
2021-05-24,67.76
2021-05-25,68.64
2021-05-26,68.88
2021-05-27,68.25
2021-05-28,69.35
2021-05-31,69.85
2021-06-01,70.13
2021-06-02,70.29
2021-06-03,71.14
2021-06-04,71.34
2021-06-07,71.16
2021-06-08,70.67
2021-06-09,71.78
2021-06-10,71.24
2021-06-11,71.48
2021-06-14,72.25
2021-06-15,72.04
2021-06-16,73.08
2021-06-17,72.93
2021-06-18,71.64
2021-06-21,72.47
2021-06-22,73.39
2021-06-23,74.5
2021-06-24,74.86
2021-06-25,74.67
2021-06-28,74.79
2021-06-29,73.89
2021-06-30,74.08
2021-07-01,75.33
2021-07-02,75.63
2021-07-05,76.23
2021-07-06,77.68
2021-07-07,75.07
2021-07-08,72.46
2021-07-09,73.56
2021-07-12,74.28
2021-07-13,74.98
2021-07-14,75.29
2021-07-15,73.18
2021-07-16,73.12
2021-07-19,72.79
2021-07-21,69.44
2021-07-22,71.96
2021-07-23,72.61
2021-07-26,71.71
2021-07-27,73.12
2021-07-28,72.68
2021-07-29,73.73
2021-07-30,74.2
2021-08-02,74.16
2021-08-03,73.01
2021-08-04,72.19
2021-08-05,69.77
2021-08-06,71.44
2021-08-10,68.96
2021-08-11,70.06
2021-08-12,70.44
2021-08-13,70.02
2021-08-16,68.6
2021-08-17,68.15
2021-08-18,68.16
2021-08-19,65.19
2021-08-20,65.43
2021-08-23,65.77
2021-08-24,68.46
2021-08-25,69.34
2021-08-26,69.87
2021-08-27,70.53
2021-08-30,70.87
2021-08-31,70.71
2021-09-01,71.61
2021-09-02,71.0
2021-09-03,72.68
2021-09-06,71.6
2021-09-07,72.21
2021-09-08,71.4
2021-09-09,71.41
2021-09-10,71.77
2021-09-13,72.67
2021-09-14,73.28
2021-09-15,73.35
2021-09-16,74.59
2021-09-17,74.6
2021-09-20,73.49
2021-09-21,74.01
2021-09-22,74.66
2021-09-23,75.62
2021-09-24,76.71
2021-09-27,79.11
2021-09-28,80.0
2021-09-29,78.4
2021-09-30,79.15
2021-10-01,78.36
2021-10-04,79.61
2021-10-05,82.22
2021-10-06,83.12
2021-10-07,79.95
2021-10-08,83.49
2021-10-11,83.08
2021-10-12,82.7
2021-10-13,81.84
2021-10-14,82.77
2021-10-15,83.36
2021-10-18,84.36
2021-10-19,83.72
2021-10-20,83.47
2021-10-21,84.07
2021-10-22,83.67
2021-10-25,84.89
2021-10-26,85.11
2021-10-27,85.1
2021-10-28,83.52
2021-10-29,84.28
2021-11-01,84.07
2021-11-02,85.37
2021-11-03,84.7
2021-11-05,81.75
2021-11-08,84.01
2021-11-09,83.14
2021-11-10,84.37
2021-11-11,82.4
2021-11-12,81.89
2021-11-15,81.12
2021-11-16,82.25
2021-11-17,81.25
2021-11-18,79.1
2021-11-19,81.2
2021-11-22,78.36
2021-11-23,78.39
2021-11-24,81.46
2021-11-25,81.01
2021-11-26,77.04
2021-11-29,74.72
2021-11-30,71.78
2021-12-01,71.13
2021-12-02,69.47
2021-12-03,71.31
2021-12-06,70.66
2021-12-07,73.59
2021-12-08,74.5
2021-12-09,74.9
2021-12-10,74.06
2021-12-13,75.41
2021-12-14,74.59
2021-12-15,73.01
2021-12-16,74.39
2021-12-17,74.22
2021-12-20,71.28
2021-12-21,71.89
2021-12-22,74.02
2021-12-23,75.58
2021-12-24,76.68
2021-12-28,79.57
2021-12-29,79.97
2021-12-30,80.11
2021-12-31,79.73
2022-01-03,79.84
2022-01-04,80.03
2022-01-05,81.08
2022-01-06,81.56
2022-01-07,83.3
2022-01-10,82.62
2022-01-11,82.26
2022-01-12,84.6
2022-01-13,85.33
2022-01-14,85.52
2022-01-17,86.82
2022-01-18,88.44
2022-01-19,88.34
2022-01-20,88.65
2022-01-21,87.69
2022-01-24,89.12
2022-01-25,87.33
2022-01-26,89.05
2022-01-27,90.14
2022-01-28,90.01
2022-01-31,91.29
2022-02-03,91.08
2022-02-04,93.58
2022-02-07,94.96
2022-02-08,94.35
2022-02-09,91.37
2022-02-10,92.22
2022-02-11,91.88
2022-02-14,94.41
2022-02-15,94.64
2022-02-16,94.05
2022-02-17,94.6
2022-02-18,92.29
2022-02-21,93.64
2022-02-22,98.11
2022-02-23,96.38
2022-02-24,101.55
2022-02-25,100.29
2022-02-28,100.4
2022-03-01,102.11
2022-03-02,113.25
2022-03-03,121.25
2022-03-04,115.02
2022-03-07,129.49
2022-03-08,129.24
2022-03-09,130.14
2022-03-10,117.08
2022-03-11,112.3
2022-03-14,110.59
2022-03-15,101.27
2022-03-16,103.23
2022-03-17,101.2
2022-03-18,107.72
2022-03-21,111.16
2022-03-22,113.43
2022-03-23,115.03
2022-03-24,119.89
2022-03-25,115.11
2022-03-28,114.93
2022-03-29,112.27
2022-03-30,111.35
2022-03-31,109.91
2022-04-01,105.6
2022-04-04,108.02
2022-04-05,110.97
2022-04-06,110.07
2022-04-07,103.86
2022-04-08,103.72
2022-04-11,102.36
2022-04-12,102.9
2022-04-13,106.6
2022-04-14,109.94
2022-04-18,112.27
2022-04-19,112.96
2022-04-20,109.9
2022-04-21,110.02
2022-04-22,109.12
2022-04-25,103.92
2022-04-26,104.17
2022-04-27,107.05
2022-04-28,106.47
2022-04-29,109.9
2022-05-04,110.96
2022-05-05,112.81
2022-05-06,114.2
2022-05-09,112.81
2022-05-10,107.69
2022-05-11,106.33
2022-05-12,106.68
2022-05-13,110.36
2022-05-17,114.53
2022-05-18,113.97
2022-05-19,109.45
2022-05-20,111.64
2022-05-23,113.43
2022-05-24,112.91
2022-05-25,114.15
2022-05-26,114.13
2022-05-27,117.05
2022-05-30,119.1
2022-05-31,122.55
2022-06-01,120.37
2022-06-02,116.95
2022-06-03,120.86
2022-06-06,124.11
2022-06-07,123.91
2022-06-08,125.14
2022-06-09,124.61
2022-06-10,124.76
2022-06-13,121.29
2022-06-14,124.51
2022-06-15,122.75
2022-06-16,121.33
2022-06-17,121.85
2022-06-20,114.78
2022-06-21,117.92
2022-06-22,112.27
2022-06-23,111.9
2022-06-24,112.23
2022-06-27,114.91
2022-06-28,118.77
2022-06-29,119.86
2022-06-30,119.58
2022-07-01,116.05
2022-07-04,118.06
2022-07-05,122.14
2022-07-06,112.42
2022-07-07,109.08
2022-07-08,114.33
2022-07-12,108.13
2022-07-13,104.65
2022-07-14,102.45
2022-07-15,101.82
2022-07-18,106.33
2022-07-19,108.83
2022-07-20,108.45
2022-07-21,106.39
2022-07-22,106.26
2022-07-25,104.09
2022-07-26,108.77
2022-07-27,107.75
2022-07-28,110.7
2022-07-29,110.36
2022-08-01,109.76
2022-08-02,106.89
2022-08-03,106.15
2022-08-04,103.04
2022-08-05,99.64
2022-08-08,100.73
2022-08-10,99.48
2022-08-11,101.26
2022-08-12,103.52
2022-08-15,100.12
2022-08-16,97.78
2022-08-17,95.08
2022-08-18,95.57
2022-08-19,96.29
2022-08-22,95.99
2022-08-23,98.17
2022-08-24,101.24
2022-08-25,101.92
2022-08-26,100.44
2022-08-29,101.43
2022-08-30,103.52
2022-08-31,98.24
2022-09-01,95.62
2022-09-02,95.93
2022-09-05,96.75
2022-09-06,96.41
2022-09-07,93.51
2022-09-08,88.66
2022-09-09,90.13
2022-09-12,92.86
2022-09-13,95.18
2022-09-14,93.32
2022-09-15,93.72
2022-09-16,90.44
2022-09-19,90.38
2022-09-20,92.65
2022-09-21,92.97
2022-09-22,91.31
2022-09-23,88.99
2022-09-26,85.16
2022-09-27,85.23
2022-09-28,85.48
2022-09-29,88.36
2022-09-30,89.19
2022-10-03,89.6
2022-10-04,90.17
2022-10-05,92.63
2022-10-06,94.76
2022-10-07,95.8
2022-10-10,96.86
2022-10-11,94.48
2022-10-12,94.58
2022-10-13,92.92
2022-10-14,94.11
2022-10-17,92.41
2022-10-18,92.42
2022-10-19,89.89
2022-10-20,92.93
2022-10-21,92.84
2022-10-25,92.63
2022-10-26,92.89
2022-10-27,95.6
2022-10-28,96.23
2022-10-31,94.2
2022-11-01,96.02
2022-11-02,96.8
2022-11-03,96.64
2022-11-04,98.07
2022-11-07,99.36
2022-11-08,99.61
2022-11-09,94.94
2022-11-10,92.5
2022-11-11,95.9
2022-11-14,96.09
2022-11-15,93.52
2022-11-16,94.21
2022-11-17,92.68
2022-11-18,90.9
2022-11-21,88.06
2022-11-22,88.85
2022-11-23,89.53
2022-11-24,85.84
2022-11-25,86.61
2022-11-28,82.12
2022-11-29,86.52
2022-11-30,86.16
2022-12-01,87.83
2022-12-02,87.48
2022-12-05,87.37
2022-12-06,84.01
2022-12-07,80.4
2022-12-08,78.31
2022-12-09,77.04
2022-12-12,76.25
2022-12-13,79.28
2022-12-14,80.59
2022-12-15,81.94
2022-12-16,80.31
2022-12-19,79.08
2022-12-20,79.37
2022-12-21,80.44
2022-12-22,82.33
2022-12-23,81.21
2022-12-27,83.71
2022-12-28,83.3
2022-12-29,81.66
2022-12-30,82.38
2023-01-03,84.73
2023-01-04,79.69
2023-01-05,77.28
2023-01-06,77.9
2023-01-09,79.4
2023-01-10,78.47
2023-01-11,78.71
2023-01-12,81.4
2023-01-13,83.04
2023-01-16,83.32
2023-01-17,84.03
2023-01-18,85.85
2023-01-19,83.54
2023-01-20,85.68
2023-01-25,85.44
2023-01-26,85.25
2023-01-27,87.3
2023-01-30,85.2
2023-01-31,83.52
2023-02-01,85.46
2023-02-02,82.57
2023-02-03,81.56
2023-02-06,80.07
2023-02-07,82.0
2023-02-08,83.49
2023-02-09,84.77
2023-02-10,84.68
2023-02-13,85.44
2023-02-14,85.82
2023-02-15,84.29
2023-02-16,85.26
2023-02-17,83.36
2023-02-20,83.21
2023-02-21,83.31
2023-02-22,81.78
2023-02-23,80.33
2023-02-24,82.55
2023-02-27,82.41
2023-02-28,82.24
2023-03-01,83.29
2023-03-02,83.34
2023-03-03,83.81
2023-03-06,84.89
2023-03-07,85.48
2023-03-08,82.74
2023-03-09,82.28
2023-03-10,80.09
2023-03-13,81.92
2023-03-14,78.67
2023-03-15,77.54
2023-03-16,73.64
2023-03-17,74.69
2023-03-20,70.08
2023-03-21,73.52
2023-03-22,74.33
2023-03-23,75.65
2023-03-24,74.84
2023-03-27,74.59
2023-03-28,77.56
2023-03-29,77.86
2023-03-30,77.62
2023-03-31,77.6
2023-04-03,83.23
2023-04-04,84.78
2023-04-05,84.59
2023-04-06,84.26
2023-04-10,84.18
2023-04-11,84.06
2023-04-12,84.77
2023-04-13,86.44
2023-04-14,85.31
2023-04-17,85.17
2023-04-18,84.23
2023-04-19,83.0
2023-04-20,81.28
2023-04-21,80.55
2023-04-24,80.88
2023-04-25,82.54
2023-04-26,80.49
2023-04-27,77.85
2023-04-28,78.45
2023-05-02,78.57
2023-05-03,73.81
2023-05-04,72.71
2023-05-05,72.84
2023-05-08,75.9
2023-05-09,75.63
2023-05-10,75.76
2023-05-11,76.36
2023-05-12,74.1
2023-05-15,73.96
2023-05-16,75.05
2023-05-17,74.21
2023-05-18,76.47
2023-05-19,76.02
2023-05-22,74.87
2023-05-23,75.47
2023-05-24,77.2
2023-05-25,77.42
2023-05-26,76.0
2023-05-29,77.24
2023-05-30,75.86
2023-05-31,73.35
2023-06-01,72.62
2023-06-05,77.22
2023-06-06,74.75
2023-06-07,75.66
2023-06-08,76.79
2023-06-09,75.81
2023-06-12,73.05
2023-06-13,72.63
2023-06-14,75.02
2023-06-15,73.59
2023-06-16,75.77
2023-06-19,76.15
2023-06-20,76.5
2023-06-21,75.92
2023-06-22,76.85
2023-06-23,73.54
2023-06-26,74.05
2023-06-27,74.86
2023-06-28,73.28
2023-06-30,74.96
2023-07-03,75.02
2023-07-04,74.84
2023-07-05,75.1
2023-07-06,76.38
2023-07-07,76.29
2023-07-10,77.39
2023-07-11,77.93
2023-07-12,78.88
2023-07-13,79.91
2023-07-14,80.67
2023-07-17,78.25
2023-07-18,78.25
2023-07-19,79.52
2023-07-20,79.33
2023-07-21,79.89
2023-07-24,80.67
2023-07-25,82.19
2023-07-26,82.45
2023-07-27,83.01
2023-07-28,83.52
2023-07-31,84.41
2023-08-01,84.62
2023-08-02,84.92
2023-08-03,82.49
