指标名称,现货价:原油(中国大庆):环太平洋
2010-01-04,78.42
2010-01-05,80.32
2010-01-06,80.34
2010-01-07,80.84
2010-01-08,80.7
2010-01-11,80.9
2010-01-12,79.51
2010-01-13,77.45
2010-01-14,77.64
2010-01-15,76.51
2010-01-18,75.39
2010-01-19,74.98
2010-01-20,75.06
2010-01-21,74.39
2010-01-22,72.98
2010-01-25,71.0
2010-01-26,71.07
2010-01-27,71.01
2010-01-28,70.79
2010-01-29,70.07
2010-02-01,69.18
2010-02-02,71.04
2010-02-03,74.21
2010-02-04,73.01
2010-02-05,68.85
2010-02-08,68.48
2010-02-09,68.91
2010-02-10,70.13
2010-02-11,71.23
2010-02-12,71.93
2010-02-17,74.44
2010-02-18,73.62
2010-02-19,74.74
2010-02-22,76.45
2010-02-23,76.49
2010-02-24,75.3
2010-02-25,75.85
2010-02-26,74.25
2010-03-01,75.99
2010-03-02,74.66
2010-03-03,75.73
2010-03-04,76.05
2010-03-05,76.1
2010-03-08,77.31
2010-03-09,76.65
2010-03-10,76.32
2010-03-11,76.66
2010-03-12,76.88
2010-03-15,75.73
2010-03-16,74.09
2010-03-17,76.46
2010-03-18,76.23
2010-03-19,77.79
2010-03-22,77.48
2010-03-23,78.24
2010-03-24,77.81
2010-03-25,77.81
2010-03-26,78.22
2010-03-29,78.55
2010-03-30,80.31
2010-03-31,80.28
2010-04-01,81.43
2010-04-05,83.79
2010-04-06,84.9
2010-04-07,85.14
2010-04-08,84.36
2010-04-09,84.73
2010-04-12,84.89
2010-04-13,84.02
2010-04-14,84.35
2010-04-15,85.16
2010-04-16,85.68
2010-04-19,82.87
2010-04-20,83.62
2010-04-21,83.99
2010-04-22,84.42
2010-04-23,84.15
2010-04-26,85.92
2010-04-27,85.13
2010-04-28,83.68
2010-04-29,84.84
2010-04-30,85.74
2010-05-03,85.72
2010-05-04,87.04
2010-05-05,83.66
2010-05-06,80.83
2010-05-07,78.4
2010-05-10,81.18
2010-05-11,79.58
2010-05-12,80.9
2010-05-13,81.02
2010-05-14,78.94
2010-05-17,75.6
2010-05-18,74.8
2010-05-19,72.21
2010-05-20,72.24
2010-05-21,69.44
2010-05-24,70.09
2010-05-25,68.15
2010-05-26,69.41
2010-05-27,71.25
2010-05-31,73.74
2010-06-01,71.68
2010-06-02,70.41
2010-06-03,73.1
2010-06-04,73.7
2010-06-07,69.63
2010-06-08,70.62
2010-06-09,70.7
2010-06-10,71.97
2010-06-11,73.14
2010-06-14,73.81
2010-06-15,73.43
2010-06-16,74.69
2010-06-17,76.29
2010-06-18,76.4
2010-06-21,77.37
2010-06-22,76.49
2010-06-23,76.3
2010-06-24,74.37
2010-06-25,74.57
2010-06-28,76.11
2010-06-29,73.88
2010-06-30,73.43
2010-07-01,71.85
2010-07-02,70.42
2010-07-05,70.05
2010-07-06,70.06
2010-07-07,69.09
2010-07-08,71.7
2010-07-09,72.89
2010-07-12,72.59
2010-07-13,71.67
2010-07-14,74.22
2010-07-15,73.8
2010-07-16,73.52
2010-07-19,73.09
2010-07-20,72.73
2010-07-21,73.47
2010-07-22,72.19
2010-07-23,74.94
2010-07-26,74.29
2010-07-27,74.91
2010-07-28,73.49
2010-07-29,73.91
2010-07-30,74.31
2010-08-02,75.96
2010-08-03,77.7
2010-08-04,78.21
2010-08-05,78.38
2010-08-06,78.29
2010-08-10,77.13
2010-08-11,77.36
2010-08-12,75.54
2010-08-13,74.49
2010-08-16,73.8
2010-08-17,74.57
2010-08-18,74.8
2010-08-19,75.12
2010-08-20,73.93
2010-08-23,72.71
2010-08-24,71.28
2010-08-25,71.33
2010-08-26,72.39
2010-08-27,73.13
2010-08-30,74.68
2010-08-31,74.02
2010-09-01,73.09
2010-09-02,73.89
2010-09-03,74.65
2010-09-06,74.71
2010-09-07,74.33
2010-09-08,75.29
2010-09-09,76.22
2010-09-13,76.47
2010-09-14,77.35
2010-09-15,77.2
2010-09-16,77.28
2010-09-17,77.41
2010-09-20,77.02
2010-09-21,77.88
2010-09-22,77.05
2010-09-23,76.56
2010-09-24,77.04
2010-09-27,77.88
2010-09-28,76.67
2010-09-29,77.77
2010-09-30,79.22
2010-10-01,81.09
2010-10-04,81.66
2010-10-05,81.79
2010-10-06,83.16
2010-10-07,83.44
2010-10-08,80.81
2010-10-11,81.94
2010-10-12,80.71
2010-10-13,81.92
2010-10-14,82.49
2010-10-15,81.4
2010-10-18,78.7
2010-10-19,80.67
2010-10-20,78.96
2010-10-21,80.46
2010-10-22,79.04
2010-10-25,80.79
2010-10-26,80.06
2010-10-27,79.99
2010-10-28,80.4
2010-10-29,80.2
2010-11-01,80.43
2010-11-02,82.07
2010-11-03,82.62
2010-11-04,84.52
2010-11-08,85.39
2010-11-09,85.56
2010-11-10,85.96
2010-11-11,87.29
2010-11-12,85.09
2010-11-15,84.87
2010-11-16,84.34
2010-11-18,82.13
2010-11-19,83.26
2010-11-22,82.86
2010-11-23,81.79
2010-11-24,82.1
2010-11-25,84.05
2010-11-26,84.25
2010-11-29,84.77
2010-11-30,85.41
2010-12-01,85.25
2010-12-02,87.99
2010-12-03,89.27
2010-12-06,90.86
2010-12-07,90.62
2010-12-08,89.92
2010-12-09,90.26
2010-12-10,90.52
2010-12-13,90.55
2010-12-14,90.95
2010-12-15,90.27
2010-12-16,91.44
2010-12-17,91.61
2010-12-20,91.3
2010-12-21,92.34
2010-12-22,93.22
2010-12-23,93.22
2010-12-24,94.27
2010-12-28,93.41
2010-12-29,93.62
2010-12-30,93.66
2010-12-31,91.98
2011-01-04,94.1
2011-01-05,92.45
2011-01-06,94.92
2011-01-07,93.26
2011-01-10,93.06
2011-01-11,94.9
2011-01-12,96.78
2011-01-13,97.38
2011-01-14,97.01
2011-01-17,97.24
2011-01-18,97.26
2011-01-19,97.09
2011-01-20,96.56
2011-01-21,95.88
2011-01-24,96.9
2011-01-25,95.46
2011-01-26,94.94
2011-01-27,96.25
2011-01-28,96.34
2011-01-31,97.49
2011-02-01,98.5
2011-02-02,100.02
2011-02-08,98.43
2011-02-09,98.59
2011-02-10,99.29
2011-02-11,99.35
2011-02-14,98.66
2011-02-15,100.85
2011-02-16,99.67
2011-02-17,100.89
2011-02-18,100.07
2011-02-21,101.1
2011-02-22,104.16
2011-02-23,103.91
2011-02-24,112.21
2011-02-25,108.11
2011-02-28,108.53
2011-03-01,107.76
2011-03-02,110.55
2011-03-03,111.9
2011-03-04,112.4
2011-03-07,112.9
2011-03-08,110.3
2011-03-09,109.56
2011-03-10,111.7
2011-03-11,109.1
2011-03-14,107.69
2011-03-15,108.01
2011-03-16,106.41
2011-03-17,107.74
2011-03-18,112.34
2011-03-21,110.71
2011-03-22,110.84
2011-03-23,112.06
2011-03-24,111.67
2011-03-25,111.97
2011-03-28,111.14
2011-03-29,110.53
2011-03-30,111.51
2011-03-31,114.24
2011-04-01,116.5
2011-04-04,118.5
2011-04-05,119.54
2011-04-06,121.08
2011-04-07,120.26
2011-04-08,123.19
2011-04-11,124.18
2011-04-12,122.36
2011-04-13,119.76
2011-04-14,121.71
2011-04-15,120.81
2011-04-18,121.75
2011-04-19,119.59
2011-04-20,121.09
2011-04-21,123.14
2011-04-25,123.45
2011-04-26,123.09
2011-04-27,123.44
2011-04-28,124.19
2011-04-29,123.04
2011-05-03,122.73
2011-05-04,122.13
2011-05-05,120.71
2011-05-06,107.1
2011-05-09,112.07
2011-05-10,115.4
2011-05-11,116.64
2011-05-12,110.82
2011-05-13,113.28
2011-05-16,111.64
2011-05-18,110.65
2011-05-19,111.51
2011-05-20,111.01
2011-05-23,108.64
2011-05-24,110.08
2011-05-25,110.46
2011-05-26,113.81
2011-05-27,114.22
2011-05-30,113.69
2011-05-31,115.13
2011-06-01,115.28
2011-06-02,112.54
2011-06-03,112.88
2011-06-06,112.46
2011-06-07,112.28
2011-06-08,112.36
2011-06-09,115.58
2011-06-10,116.7
2011-06-13,116.45
2011-06-14,116.53
2011-06-15,117.15
2011-06-16,112.77
2011-06-17,109.55
2011-06-20,109.53
2011-06-21,110.3
2011-06-22,111.28
2011-06-23,109.3
2011-06-24,104.8
2011-06-27,102.46
2011-06-28,103.99
2011-06-29,106.21
2011-06-30,108.4
2011-07-01,112.23
2011-07-04,112.5
2011-07-05,111.58
2011-07-06,112.88
2011-07-07,113.76
2011-07-08,117.37
2011-07-11,115.68
2011-07-12,114.9
2011-07-13,117.15
2011-07-14,117.09
2011-07-15,115.43
2011-07-18,116.87
2011-07-19,117.96
2011-07-20,119.02
2011-07-21,118.5
2011-07-22,119.1
2011-07-25,119.2
2011-07-26,119.4
2011-07-27,119.47
2011-07-28,119.96
2011-07-29,118.86
2011-08-01,120.92
2011-08-02,118.38
2011-08-03,117.7
2011-08-04,115.13
2011-08-05,108.6
2011-08-08,108.9
2011-08-10,107.23
2011-08-11,108.9
2011-08-12,109.18
2011-08-15,110.0
2011-08-16,110.34
2011-08-17,111.72
2011-08-18,111.65
2011-08-19,107.46
2011-08-22,107.85
2011-08-23,110.43
2011-08-24,110.56
2011-08-25,112.05
2011-08-26,111.63
2011-08-29,112.47
2011-08-31,115.71
2011-09-01,115.42
2011-09-02,114.52
2011-09-05,110.5
2011-09-06,109.72
2011-09-07,112.27
2011-09-08,112.71
2011-09-09,111.92
2011-09-12,107.86
2011-09-13,109.13
2011-09-14,107.76
2011-09-15,108.41
2011-09-16,111.98
2011-09-19,110.15
2011-09-20,108.71
2011-09-21,109.87
2011-09-22,107.76
2011-09-23,106.65
2011-09-26,103.18
2011-09-27,105.01
2011-09-28,106.08
2011-09-29,105.55
2011-09-30,105.35
2011-10-03,102.84
2011-10-04,101.85
2011-10-05,102.56
2011-10-06,104.06
2011-10-07,103.98
2011-10-10,103.57
2011-10-11,104.76
2011-10-12,107.57
2011-10-13,107.77
2011-10-14,109.08
2011-10-17,111.32
2011-10-18,107.93
2011-10-19,108.82
2011-10-20,106.67
2011-10-21,108.06
2011-10-24,108.89
2011-10-25,110.61
2011-10-27,109.58
2011-10-28,110.75
2011-10-31,109.79
2011-11-01,109.62
2011-11-02,112.57
2011-11-03,109.12
2011-11-04,113.31
2011-11-08,117.88
2011-11-09,116.62
2011-11-10,115.56
2011-11-11,117.42
2011-11-14,117.44
2011-11-15,116.48
2011-11-16,116.09
2011-11-17,115.98
2011-11-18,113.07
2011-11-21,111.57
2011-11-22,111.91
2011-11-23,112.46
2011-11-24,111.68
2011-11-25,111.44
2011-11-28,112.68
2011-11-29,113.6
2011-11-30,114.11
2011-12-01,113.75
2011-12-02,113.13
2011-12-05,114.22
2011-12-06,113.34
2011-12-07,114.39
2011-12-08,113.56
2011-12-09,110.45
2011-12-12,110.22
2011-12-13,110.45
2011-12-14,111.59
2011-12-15,108.64
2011-12-16,107.53
2011-12-19,106.76
2011-12-20,107.89
2011-12-21,110.4
2011-12-22,111.04
2011-12-23,111.38
2011-12-27,111.1
2011-12-28,112.52
2011-12-29,112.46
2011-12-30,112.83
2012-01-03,114.01
2012-01-04,117.56
2012-01-05,119.97
2012-01-06,119.28
2012-01-09,119.76
2012-01-10,119.2
2012-01-11,119.22
2012-01-12,118.41
2012-01-13,117.32
2012-01-16,116.85
2012-01-17,117.84
2012-01-18,116.86
2012-01-19,116.65
2012-01-20,117.19
2012-01-25,115.7
2012-01-26,116.16
2012-01-27,116.35
2012-01-30,117.0
2012-01-31,117.35
2012-02-01,116.86
2012-02-02,117.83
2012-02-03,117.18
2012-02-06,119.37
2012-02-07,120.68
2012-02-08,121.81
2012-02-09,122.11
2012-02-10,122.56
2012-02-13,122.68
2012-02-14,121.28
2012-02-15,122.31
2012-02-16,122.23
2012-02-17,124.26
2012-02-20,124.12
2012-02-21,123.54
2012-02-22,125.41
2012-02-23,126.45
2012-02-24,127.34
2012-02-27,127.7
2012-02-28,126.67
2012-02-29,125.64
2012-03-01,127.44
2012-03-02,129.82
2012-03-05,128.28
2012-03-06,128.68
2012-03-07,127.52
2012-03-08,129.88
2012-03-09,129.94
2012-03-12,129.76
2012-03-13,130.32
2012-03-14,130.34
2012-03-15,129.57
2012-03-16,128.06
2012-03-19,130.12
2012-03-20,129.56
2012-03-21,129.44
2012-03-22,128.45
2012-03-23,128.75
2012-03-26,130.01
2012-03-27,130.79
2012-03-28,129.55
2012-03-29,129.64
2012-03-30,128.02
2012-04-02,127.89
2012-04-04,129.7
2012-04-05,128.46
2012-04-09,127.23
2012-04-10,127.05
2012-04-11,124.73
2012-04-12,125.79
2012-04-13,126.7
2012-04-16,125.48
2012-04-17,124.58
2012-04-18,124.45
2012-04-19,125.0
2012-04-20,124.76
2012-04-23,124.45
2012-04-24,125.17
2012-04-25,125.1
2012-04-26,125.89
2012-04-27,125.98
2012-04-30,125.84
2012-05-02,125.89
2012-05-03,124.43
2012-05-04,121.75
2012-05-07,118.83
2012-05-08,118.73
2012-05-09,118.39
2012-05-10,118.64
2012-05-11,117.58
2012-05-14,116.58
2012-05-15,117.29
2012-05-16,116.46
2012-05-17,115.7
2012-05-18,113.29
2012-05-21,114.18
2012-05-22,115.12
2012-05-23,114.28
2012-05-24,112.83
2012-05-25,114.97
2012-05-28,114.84
2012-05-29,114.41
2012-05-30,112.04
2012-05-31,109.34
2012-06-01,106.49
2012-06-04,102.07
2012-06-05,103.93
2012-06-06,105.22
2012-06-07,105.72
2012-06-08,102.78
2012-06-11,105.71
2012-06-12,102.82
2012-06-13,103.7
2012-06-14,103.17
2012-06-15,104.03
2012-06-18,103.49
2012-06-19,100.09
2012-06-20,100.22
2012-06-21,96.21
2012-06-22,93.62
2012-06-25,94.46
2012-06-26,96.86
2012-06-27,97.01
2012-06-28,97.14
2012-06-29,97.25
2012-07-02,100.06
2012-07-03,101.07
2012-07-04,102.05
2012-07-05,102.0
2012-07-06,100.78
2012-07-09,99.23
2012-07-10,98.24
2012-07-11,99.22
2012-07-12,99.71
2012-07-13,101.1
2012-07-16,101.35
2012-07-17,104.75
2012-07-18,105.03
2012-07-19,106.93
2012-07-20,107.65
2012-07-23,103.57
2012-07-24,104.05
2012-07-25,103.66
2012-07-26,104.03
2012-07-27,105.8
2012-07-30,105.93
2012-07-31,105.96
2012-08-01,105.38
2012-08-02,106.62
2012-08-03,107.21
2012-08-06,108.87
2012-08-07,110.22
2012-08-08,110.86
2012-08-10,111.63
2012-08-13,111.53
2012-08-14,112.22
2012-08-15,112.13
2012-08-16,114.54
2012-08-17,113.95
2012-08-21,114.11
2012-08-22,114.23
2012-08-23,114.71
2012-08-24,113.46
2012-08-27,113.82
2012-08-28,111.52
2012-08-29,110.63
2012-08-30,111.41
2012-08-31,111.56
2012-09-03,112.83
2012-09-04,113.33
2012-09-05,111.1
2012-09-06,111.18
2012-09-07,110.76
2012-09-10,111.34
2012-09-11,111.63
2012-09-12,112.67
2012-09-13,112.21
2012-09-14,114.43
2012-09-17,113.7
2012-09-18,110.7
2012-09-19,110.06
2012-09-20,104.86
2012-09-21,107.71
2012-09-24,107.82
2012-09-25,107.77
2012-09-26,107.15
2012-09-27,107.83
2012-09-28,110.0
2012-10-01,109.26
2012-10-02,109.53
2012-10-03,108.25
2012-10-04,106.54
2012-10-05,109.72
2012-10-08,108.33
2012-10-09,109.8
2012-10-10,111.85
2012-10-11,112.39
2012-10-12,111.78
2012-10-15,111.58
2012-10-16,112.79
2012-10-17,111.45
2012-10-18,110.93
2012-10-19,110.3
2012-10-22,107.91
2012-10-23,106.65
2012-10-24,105.86
2012-10-25,105.85
2012-10-29,106.06
2012-10-30,106.7
2012-10-31,106.62
2012-11-01,105.35
2012-11-02,104.41
2012-11-05,103.94
2012-11-06,106.92
2012-11-07,109.85
2012-11-08,106.29
2012-11-09,105.88
2012-11-12,108.28
2012-11-14,107.42
2012-11-15,108.67
2012-11-16,107.46
2012-11-19,108.92
2012-11-20,109.98
2012-11-21,108.72
2012-11-22,108.96
2012-11-23,108.55
2012-11-26,108.71
2012-11-27,108.41
2012-11-28,106.91
2012-11-29,106.76
2012-11-30,107.18
2012-12-03,107.89
2012-12-04,107.43
2012-12-05,107.25
2012-12-06,105.93
2012-12-07,105.13
2012-12-10,104.68
2012-12-11,104.36
2012-12-12,105.12
2012-12-13,105.58
2012-12-14,104.74
2012-12-17,105.64
2012-12-18,105.84
2012-12-19,106.59
2012-12-20,107.67
2012-12-21,107.15
2012-12-24,106.37
2012-12-26,106.99
2012-12-27,108.86
2012-12-28,108.71
2012-12-31,108.18
2013-01-02,109.43
2013-01-03,109.75
2013-01-04,109.51
2013-01-07,110.82
2013-01-08,111.69
2013-01-09,111.75
2013-01-10,111.97
2013-01-11,111.41
2013-01-14,110.42
2013-01-15,111.38
2013-01-16,110.28
2013-01-17,110.17
2013-01-18,111.7
2013-01-21,112.34
2013-01-22,112.2
2013-01-23,112.61
2013-01-24,112.86
2013-01-25,113.49
2013-01-28,113.06
2013-01-29,113.79
2013-01-30,114.59
2013-01-31,115.15
2013-02-01,115.85
2013-02-04,116.44
2013-02-05,115.61
2013-02-06,115.67
2013-02-07,116.06
2013-02-08,116.77
2013-02-13,117.31
2013-02-14,117.52
2013-02-15,117.09
2013-02-18,117.28
2013-02-19,116.47
2013-02-20,116.71
2013-02-21,113.74
2013-02-22,113.61
2013-02-25,113.7
2013-02-26,112.65
2013-02-27,112.3
2013-02-28,111.03
2013-03-01,109.66
2013-03-04,108.59
2013-03-05,108.75
2013-03-06,109.36
2013-03-07,108.45
2013-03-08,108.34
2013-03-11,106.98
2013-03-12,106.32
2013-03-13,106.38
2013-03-14,105.3
2013-03-15,105.85
2013-03-18,105.5
2013-03-19,105.95
2013-03-20,104.63
2013-03-21,105.03
2013-03-22,103.63
2013-03-25,104.64
2013-03-26,104.58
2013-03-27,105.51
2013-03-28,106.42
2013-04-01,106.2
2013-04-02,107.26
2013-04-03,106.51
2013-04-04,103.62
2013-04-05,102.53
2013-04-08,100.15
2013-04-09,100.36
2013-04-10,101.18
2013-04-11,100.38
2013-04-12,98.43
2013-04-15,95.87
2013-04-16,93.91
2013-04-17,94.13
2013-04-18,92.62
2013-04-19,94.35
2013-04-22,93.98
2013-04-23,93.6
2013-04-24,94.69
2013-04-25,95.71
2013-04-26,97.22
2013-04-29,96.93
2013-04-30,97.48
2013-05-02,94.13
2013-05-03,95.99
2013-05-06,97.95
2013-05-07,98.35
2013-05-08,97.55
2013-05-09,96.6
2013-05-10,96.51
2013-05-13,95.57
2013-05-14,95.22
2013-05-15,94.69
2013-05-16,95.61
2013-05-17,96.54
2013-05-20,96.89
2013-05-21,96.95
2013-05-22,95.8
2013-05-23,94.01
2013-05-27,94.87
2013-05-28,95.91
2013-05-29,96.51
2013-05-30,94.7
2013-05-31,94.11
2013-06-03,92.87
2013-06-04,95.31
2013-06-05,97.9
2013-06-06,97.81
2013-06-07,98.38
2013-06-10,98.77
2013-06-11,98.31
2013-06-12,97.67
2013-06-13,97.93
2013-06-14,100.07
2013-06-17,101.34
2013-06-18,97.93
2013-06-19,101.46
2013-06-20,99.64
2013-06-21,98.09
2013-06-24,95.26
2013-06-25,96.34
2013-06-26,95.94
2013-06-27,96.38
2013-06-28,97.19
2013-07-01,96.27
2013-07-02,97.09
2013-07-03,98.83
2013-07-04,99.16
2013-07-05,99.61
2013-07-08,99.67
2013-07-09,99.32
2013-07-10,99.99
2013-07-11,100.43
2013-07-12,99.41
2013-07-15,100.24
2013-07-16,100.67
2013-07-17,100.06
2013-07-18,101.08
2013-07-19,101.21
2013-07-22,101.12
2013-07-23,100.5
2013-07-24,100.57
2013-07-25,99.35
2013-07-26,99.36
2013-07-29,99.22
2013-07-30,99.83
2013-07-31,99.24
2013-08-01,100.36
2013-08-02,101.92
2013-08-05,101.33
2013-08-06,100.64
2013-08-07,100.16
2013-08-12,98.91
2013-08-13,100.75
2013-08-14,100.48
2013-08-15,101.87
2013-08-16,101.46
2013-08-19,102.4
2013-08-20,101.0
2013-08-21,102.72
2013-08-22,104.54
2013-08-23,104.46
2013-08-26,106.19
2013-08-27,106.24
2013-08-28,110.57
2013-08-29,110.58
2013-08-30,110.03
2013-09-02,109.61
2013-09-03,111.63
2013-09-04,113.59
2013-09-05,113.21
2013-09-06,113.66
2013-09-09,112.96
2013-09-10,110.09
2013-09-11,108.97
2013-09-12,108.64
2013-09-13,108.73
2013-09-16,110.86
2013-09-17,110.56
2013-09-18,109.36
2013-09-19,111.76
2013-09-20,110.56
2013-09-23,110.31
2013-09-24,109.21
2013-09-25,109.6
2013-09-26,108.66
2013-09-27,108.62
2013-09-30,107.04
2013-10-01,105.71
2013-10-02,105.18
2013-10-03,106.39
2013-10-04,105.95
2013-10-07,104.53
2013-10-08,105.36
2013-10-09,104.52
2013-10-10,104.22
2013-10-11,105.2
2013-10-14,105.07
2013-10-16,104.63
2013-10-17,105.79
2013-10-18,105.42
2013-10-21,106.08
2013-10-22,105.78
2013-10-23,105.27
2013-10-24,103.66
2013-10-25,102.1
2013-10-28,102.92
2013-10-29,104.52
2013-10-30,104.38
2013-10-31,104.98
2013-11-01,104.57
2013-11-04,102.21
2013-11-05,101.86
2013-11-06,101.14
2013-11-07,99.79
2013-11-08,99.23
2013-11-11,100.58
2013-11-12,101.13
2013-11-13,100.84
2013-11-14,101.86
2013-11-15,102.82
2013-11-18,101.94
2013-11-19,101.77
2013-11-20,100.58
2013-11-21,101.56
2013-11-22,103.2
2013-11-25,102.14
2013-11-26,103.83
2013-11-27,104.26
2013-11-28,104.63
2013-11-29,104.12
2013-12-02,103.53
2013-12-03,104.7
2013-12-04,105.75
2013-12-05,104.74
2013-12-06,104.21
2013-12-09,104.01
2013-12-10,102.28
2013-12-11,102.07
2013-12-12,102.59
2013-12-13,101.17
2013-12-16,101.57
2013-12-17,101.69
2013-12-18,101.32
2013-12-19,102.15
2013-12-20,103.14
2013-12-23,104.63
2013-12-24,104.45
2013-12-26,104.35
2013-12-27,104.85
2013-12-30,105.14
2013-12-31,104.16
2014-01-02,104.0
2014-01-03,101.32
2014-01-06,102.77
2014-01-07,104.06
2014-01-08,104.28
2014-01-09,104.08
2014-01-10,103.81
2014-01-13,103.76
2014-01-14,103.52
2014-01-15,102.9
2014-01-16,103.37
2014-01-17,103.3
2014-01-20,103.8
2014-01-21,104.56
2014-01-22,104.85
2014-01-23,105.57
2014-01-24,105.04
2014-01-27,104.73
2014-01-28,104.72
2014-01-29,104.81
2014-01-30,105.27
2014-02-03,102.06
2014-02-04,101.42
2014-02-05,100.93
2014-02-06,100.86
2014-02-07,104.56
2014-02-10,103.47
2014-02-11,104.17
2014-02-12,103.96
2014-02-13,103.02
2014-02-14,103.37
2014-02-17,103.94
2014-02-18,103.7
2014-02-19,104.43
2014-02-20,104.13
2014-02-21,103.9
2014-02-24,103.51
2014-02-25,103.52
2014-02-26,102.91
2014-02-27,102.99
2014-02-28,102.47
2014-03-03,109.81
2014-03-04,110.31
2014-03-05,109.71
2014-03-06,108.25
2014-03-07,108.45
2014-03-10,108.96
2014-03-11,109.01
2014-03-12,108.39
2014-03-13,108.44
2014-03-14,107.84
2014-03-17,108.42
2014-03-18,106.88
2014-03-19,106.56
2014-03-20,105.68
2014-03-21,106.26
2014-03-24,106.02
2014-03-25,106.04
2014-03-26,106.07
2014-03-27,105.16
2014-03-28,105.99
2014-03-31,105.31
2014-04-01,102.87
2014-04-02,100.48
2014-04-03,99.23
2014-04-04,100.87
2014-04-07,99.71
2014-04-08,100.36
2014-04-09,101.24
2014-04-10,104.5
2014-04-11,105.45
2014-04-14,106.47
2014-04-15,106.93
2014-04-16,108.06
2014-04-17,107.4
2014-04-21,106.82
2014-04-22,107.9
2014-04-23,107.23
2014-04-24,106.79
2014-04-25,107.3
2014-04-28,107.18
2014-04-29,105.58
2014-04-30,104.85
2014-05-02,103.71
2014-05-05,103.79
2014-05-06,102.7
2014-05-07,102.13
2014-05-08,102.04
2014-05-09,102.36
2014-05-12,101.59
2014-05-14,102.62
2014-05-15,102.55
2014-05-16,102.79
2014-05-19,103.69
2014-05-20,103.32
2014-05-21,103.7
2014-05-22,104.2
2014-05-23,104.1
2014-05-26,103.79
2014-05-27,104.09
2014-05-28,104.03
2014-05-29,103.83
2014-05-30,103.68
2014-06-02,103.43
2014-06-03,104.12
2014-06-04,105.94
2014-06-05,105.71
2014-06-06,106.62
2014-06-09,105.61
2014-06-10,106.19
2014-06-11,106.13
2014-06-12,107.1
2014-06-13,109.57
2014-06-16,108.57
2014-06-17,107.69
2014-06-18,108.86
2014-06-19,109.13
2014-06-20,109.39
2014-06-23,109.57
2014-06-24,107.73
2014-06-25,107.64
2014-06-26,107.39
2014-06-27,106.9
2014-06-30,105.98
2014-07-01,106.01
2014-07-02,105.48
2014-07-03,103.79
2014-07-04,104.41
2014-07-07,103.6
2014-07-08,102.91
2014-07-09,101.77
2014-07-10,101.25
2014-07-11,101.78
2014-07-14,100.44
2014-07-15,100.41
2014-07-16,100.54
2014-07-17,100.69
2014-07-18,101.5
2014-07-21,100.13
2014-07-22,100.95
2014-07-23,100.19
2014-07-24,100.97
2014-07-25,100.4
2014-07-29,100.82
2014-07-30,100.7
2014-07-31,99.0
2014-08-01,99.13
2014-08-04,98.0
2014-08-05,98.42
2014-08-06,97.72
2014-08-07,97.64
2014-08-08,99.21
2014-08-11,98.39
2014-08-12,97.6
2014-08-13,96.23
2014-08-14,97.58
2014-08-15,95.02
2014-08-18,95.26
2014-08-19,94.58
2014-08-20,95.09
2014-08-21,94.5
2014-08-22,95.41
2014-08-25,95.26
2014-08-26,95.57
2014-08-27,95.86
2014-08-28,95.47
2014-08-29,95.76
2014-09-01,95.65
2014-09-02,95.14
2014-09-03,93.53
2014-09-04,94.81
2014-09-05,94.85
2014-09-08,92.46
2014-09-09,93.16
2014-09-10,92.48
2014-09-11,91.1
2014-09-12,92.08
2014-09-15,90.24
2014-09-16,90.45
2014-09-17,91.47
2014-09-18,91.38
2014-09-19,89.98
2014-09-22,90.34
2014-09-23,90.07
2014-09-24,89.46
2014-09-25,89.48
2014-09-26,89.24
2014-09-29,89.01
2014-09-30,89.97
2014-10-01,87.61
2014-10-02,85.66
2014-10-03,86.38
2014-10-07,85.07
2014-10-08,83.91
2014-10-09,84.86
2014-10-10,82.1
2014-10-13,81.26
2014-10-14,81.7
2014-10-15,77.12
2014-10-16,76.11
2014-10-17,78.58
2014-10-20,78.77
2014-10-21,78.63
2014-10-23,77.59
2014-10-24,78.42
2014-10-27,78.5
2014-10-28,78.31
2014-10-29,78.91
2014-10-30,79.11
2014-10-31,78.05
2014-11-03,77.51
2014-11-04,75.5
2014-11-05,74.02
2014-11-06,74.52
2014-11-07,74.45
2014-11-10,76.28
2014-11-11,74.21
2014-11-12,74.03
2014-11-13,72.64
2014-11-14,69.53
2014-11-17,70.23
2014-11-18,71.24
2014-11-19,70.5
2014-11-20,70.4
2014-11-21,71.92
2014-11-24,72.78
2014-11-25,71.83
2014-11-26,70.58
2014-11-27,68.49
2014-11-28,64.73
2014-12-01,60.82
2014-12-02,64.92
2014-12-03,63.77
2014-12-04,62.76
2014-12-05,61.9
2014-12-08,60.68
2014-12-09,58.61
2014-12-10,58.89
2014-12-11,57.49
2014-12-12,56.0
2014-12-15,55.5
2014-12-16,52.52
2014-12-17,52.04
2014-12-18,54.0
2014-12-19,51.84
2014-12-22,55.38
2014-12-23,52.63
2014-12-24,53.97
2014-12-29,52.75
2014-12-30,49.62
2014-12-31,49.66
2015-01-02,50.46
2015-01-05,48.27
2015-01-06,44.97
2015-01-07,42.79
2015-01-08,44.07
2015-01-09,45.07
2015-01-12,42.98
2015-01-13,40.29
2015-01-14,40.27
2015-01-15,42.11
2015-01-16,42.14
2015-01-19,42.79
2015-01-20,41.76
2015-01-21,42.04
2015-01-22,42.01
2015-01-23,42.95
2015-01-26,41.63
2015-01-27,41.38
2015-01-28,42.68
2015-01-29,42.17
2015-01-30,42.64
2015-02-02,45.33
2015-02-03,49.29
2015-02-04,50.94
2015-02-05,47.85
2015-02-06,51.48
2015-02-09,52.73
2015-02-10,52.71
2015-02-11,51.84
2015-02-12,51.22
2015-02-13,54.64
2015-02-16,55.21
2015-02-17,55.9
2015-02-18,56.64
2015-02-23,53.95
2015-02-24,52.76
2015-02-25,53.0
2015-02-26,55.68
2015-02-27,55.65
2015-03-02,56.1
2015-03-03,54.2
2015-03-04,54.65
2015-03-05,54.49
2015-03-06,54.78
2015-03-09,53.68
2015-03-10,52.51
2015-03-11,50.9
2015-03-12,52.2
2015-03-13,50.89
2015-03-16,48.22
2015-03-17,47.43
2015-03-18,47.29
2015-03-19,48.83
2015-03-20,48.16
2015-03-23,48.41
2015-03-24,49.78
2015-03-25,49.03
2015-03-26,53.22
2015-03-27,52.0
2015-03-30,50.35
2015-03-31,49.12
2015-04-01,49.12
2015-04-02,50.8
2015-04-06,50.09
2015-04-07,51.12
2015-04-08,52.19
2015-04-09,51.73
2015-04-10,51.64
2015-04-13,54.2
2015-04-14,53.76
2015-04-15,54.83
2015-04-16,57.14
2015-04-17,58.03
2015-04-20,58.13
2015-04-21,57.09
2015-04-22,56.0
2015-04-23,56.95
2015-04-24,60.05
2015-04-27,60.08
2015-04-28,58.81
2015-04-29,58.56
2015-04-30,60.31
2015-05-04,60.78
2015-05-05,60.59
2015-05-06,62.44
2015-05-07,62.17
2015-05-08,59.89
2015-05-11,60.31
2015-05-12,60.04
2015-05-13,62.01
2015-05-14,60.99
2015-05-15,60.57
2015-05-18,61.16
2015-05-19,59.48
2015-05-20,58.85
2015-05-21,59.17
2015-05-22,60.16
2015-05-25,58.52
2015-05-26,58.81
2015-05-27,58.28
2015-05-28,56.41
2015-05-29,56.78
2015-06-02,59.37
2015-06-03,58.89
2015-06-04,56.96
2015-06-05,55.28
2015-06-08,56.4
2015-06-09,57.28
2015-06-10,60.21
2015-06-11,59.75
2015-06-12,58.54
2015-06-15,57.65
2015-06-16,57.19
2015-06-17,57.39
2015-06-18,57.64
2015-06-19,57.44
2015-06-22,56.43
2015-06-23,56.14
2015-06-24,57.51
2015-06-25,56.26
2015-06-26,56.0
2015-06-29,54.71
2015-06-30,55.0
2015-07-01,55.38
2015-07-02,54.69
2015-07-03,54.09
2015-07-06,51.72
2015-07-07,49.88
2015-07-08,48.49
2015-07-09,50.44
2015-07-10,51.27
2015-07-13,50.19
2015-07-14,49.4
2015-07-15,50.37
2015-07-16,49.4
2015-07-20,49.23
2015-07-21,48.53
2015-07-22,48.47
2015-07-23,48.23
2015-07-24,47.17
2015-07-27,46.31
2015-07-28,44.64
2015-07-29,44.52
2015-07-30,45.56
2015-07-31,44.53
2015-08-03,42.75
2015-08-04,42.1
2015-08-05,42.04
2015-08-06,41.46
2015-08-11,42.73
2015-08-12,41.42
2015-08-13,42.2
2015-08-14,41.0
2015-08-17,40.26
2015-08-18,40.0
2015-08-19,40.59
2015-08-20,38.39
2015-08-21,37.62
2015-08-24,35.62
2015-08-25,34.78
2015-08-26,34.66
2015-08-27,35.92
2015-08-28,38.04
2015-08-31,40.05
2015-09-01,43.24
2015-09-02,39.88
2015-09-03,41.37
2015-09-04,41.64
2015-09-07,40.37
2015-09-08,39.29
2015-09-09,41.91
2015-09-10,39.38
2015-09-14,39.04
2015-09-15,38.16
2015-09-16,39.07
2015-09-17,40.15
2015-09-18,37.94
2015-09-21,38.38
2015-09-22,38.71
2015-09-23,39.98
2015-09-25,38.74
2015-09-28,38.84
2015-09-29,38.27
2015-09-30,38.7
2015-10-01,39.29
2015-10-02,38.47
2015-10-05,39.08
2015-10-06,39.59
2015-10-07,43.18
2015-10-08,42.29
2015-10-09,44.07
2015-10-12,43.77
2015-10-13,41.18
2015-10-14,40.12
2015-10-15,39.94
2015-10-16,40.7
2015-10-19,40.29
2015-10-20,38.8
2015-10-21,38.89
2015-10-22,38.94
2015-10-23,38.67
2015-10-26,38.67
2015-10-27,37.8
2015-10-28,37.52
2015-10-29,39.13
2015-10-30,39.17
2015-11-02,39.92
2015-11-03,39.19
2015-11-04,40.66
2015-11-05,39.35
2015-11-06,38.77
2015-11-09,39.98
2015-11-11,39.51
2015-11-12,38.1
2015-11-13,36.8
2015-11-16,35.87
2015-11-17,35.94
2015-11-18,35.38
2015-11-19,36.22
2015-11-20,35.63
2015-11-23,35.15
2015-11-24,36.52
2015-11-25,36.86
2015-11-26,36.65
2015-11-27,35.83
2015-11-30,35.55
2015-12-01,35.72
2015-12-02,35.28
2015-12-03,33.99
2015-12-04,34.78
2015-12-07,33.91
2015-12-08,32.16
2015-12-09,32.34
2015-12-10,32.07
2015-12-11,31.37
2015-12-14,29.55
2015-12-15,29.16
2015-12-16,29.28
2015-12-17,28.34
2015-12-18,28.39
2015-12-21,27.44
2015-12-22,27.87
2015-12-23,27.79
2015-12-24,29.02
2015-12-28,28.55
2015-12-29,28.1
2015-12-30,28.51
2015-12-31,27.91
2016-01-04,28.52
2016-01-05,28.38
2016-01-06,27.12
2016-01-07,24.3
2016-01-08,25.98
2016-01-11,24.72
2016-01-12,23.1
2016-01-13,23.07
2016-01-14,21.89
2016-01-15,21.95
2016-01-18,20.49
2016-01-19,21.12
2016-01-20,20.13
2016-01-21,20.02
2016-01-22,22.83
2016-01-25,23.38
2016-01-26,21.7
2016-01-27,23.32
2016-01-28,25.03
2016-01-29,26.5
2016-02-01,26.32
2016-02-02,24.98
2016-02-03,24.42
2016-02-04,26.58
2016-02-10,23.56
2016-02-11,23.07
2016-02-12,23.53
2016-02-15,25.89
2016-02-16,27.75
2016-02-17,24.73
2016-02-18,27.23
2016-02-19,26.63
2016-02-22,26.19
2016-02-23,26.48
2016-02-24,25.25
2016-02-25,26.05
2016-02-26,27.62
2016-02-29,27.34
2016-03-01,28.1
2016-03-02,27.89
2016-03-03,27.74
2016-03-04,28.07
2016-03-07,30.09
2016-03-08,31.49
2016-03-09,31.08
2016-03-10,31.94
2016-03-11,31.96
2016-03-14,31.36
2016-03-15,29.94
2016-03-16,30.12
2016-03-17,32.21
2016-03-18,32.59
2016-03-21,31.85
2016-03-22,32.38
2016-03-23,32.38
2016-03-24,31.41
2016-03-28,31.61
2016-03-29,30.82
2016-03-30,30.78
2016-03-31,29.98
2016-04-01,30.47
2016-04-04,28.94
2016-04-05,28.07
2016-04-06,29.28
2016-04-07,30.66
2016-04-08,31.22
2016-04-11,33.16
2016-04-12,34.6
2016-04-13,35.29
2016-04-14,34.73
2016-04-15,34.68
2016-04-18,32.43
2016-04-19,34.49
2016-04-20,34.17
2016-04-21,36.64
2016-04-22,35.78
2016-04-25,35.37
2016-04-26,35.26
2016-04-27,37.11
2016-04-28,37.57
2016-04-29,38.79
2016-05-03,39.06
2016-05-04,38.85
2016-05-05,39.45
2016-05-06,39.8
2016-05-09,41.21
2016-05-10,39.75
2016-05-11,40.64
2016-05-12,43.39
2016-05-13,43.33
2016-05-16,44.34
2016-05-17,44.67
2016-05-18,44.62
2016-05-19,43.5
2016-05-20,44.57
2016-05-23,43.46
2016-05-24,43.46
2016-05-25,44.8
2016-05-26,45.64
2016-05-27,44.73
2016-05-30,44.4
2016-05-31,44.58
2016-06-01,44.93
2016-06-02,45.13
2016-06-03,45.27
2016-06-06,43.37
2016-06-07,43.6
2016-06-08,44.43
2016-06-09,44.71
2016-06-10,43.54
2016-06-13,42.15
2016-06-14,41.33
2016-06-15,40.92
2016-06-16,39.54
2016-06-17,38.86
2016-06-20,40.91
2016-06-21,40.94
2016-06-22,41.79
2016-06-23,41.13
2016-06-24,39.77
2016-06-27,39.48
2016-06-28,39.12
2016-06-29,40.24
2016-06-30,40.91
2016-07-01,39.69
2016-07-04,40.34
2016-07-05,38.84
2016-07-07,39.0
2016-07-08,36.71
2016-07-11,36.73
2016-07-12,37.49
2016-07-13,38.26
2016-07-14,37.2
2016-07-15,37.42
2016-07-18,38.33
2016-07-19,37.4
2016-07-20,37.4
2016-07-21,38.22
2016-07-22,36.96
2016-07-25,36.6
2016-07-26,35.57
2016-07-27,36.26
2016-07-28,35.4
2016-07-29,34.49
2016-08-01,34.76
2016-08-02,33.55
2016-08-03,33.36
2016-08-04,34.56
2016-08-05,35.41
2016-08-08,36.21
2016-08-10,36.57
2016-08-11,35.7
2016-08-12,38.17
2016-08-15,39.5
2016-08-16,40.47
2016-08-17,40.74
2016-08-18,41.85
2016-08-19,42.3
2016-08-22,42.16
2016-08-23,40.79
2016-08-24,41.33
2016-08-25,40.95
2016-08-26,41.38
2016-08-29,41.24
2016-08-30,41.72
2016-08-31,40.37
2016-09-01,38.83
2016-09-02,37.62
2016-09-05,40.48
2016-09-06,39.42
2016-09-07,39.76
2016-09-08,40.89
2016-09-09,41.92
2016-09-13,40.05
2016-09-14,40.07
2016-09-15,38.47
2016-09-16,38.86
2016-09-19,39.18
2016-09-20,38.6
2016-09-21,39.73
2016-09-22,40.21
2016-09-23,40.1
2016-09-26,38.78
2016-09-27,39.78
2016-09-28,39.05
2016-09-29,40.92
2016-09-30,41.33
2016-10-03,42.41
2016-10-04,42.13
2016-10-05,43.31
2016-10-06,43.12
2016-10-07,44.34
2016-10-10,44.2
2016-10-11,45.09
2016-10-12,45.21
2016-10-13,44.07
2016-10-14,44.83
2016-10-17,44.24
2016-10-18,44.32
2016-10-19,44.79
2016-10-20,44.71
2016-10-21,43.96
2016-10-24,44.47
2016-10-25,44.39
2016-10-26,43.01
2016-10-27,43.1
2016-10-28,43.14
2016-10-31,42.41
2016-11-01,41.87
2016-11-02,40.29
2016-11-03,39.91
2016-11-04,39.25
2016-11-07,39.13
2016-11-08,39.35
2016-11-09,38.72
2016-11-10,39.89
2016-11-11,38.79
2016-11-14,38.07
2016-11-15,38.23
2016-11-16,39.85
2016-11-17,40.09
2016-11-18,39.43
2016-11-21,41.73
2016-11-22,43.49
2016-11-23,43.83
2016-11-24,43.96
2016-11-25,43.78
2016-11-28,41.81
2016-11-29,43.08
2016-11-30,42.54
2016-12-01,47.3
2016-12-02,48.77
2016-12-05,49.54
2016-12-06,49.29
2016-12-07,48.46
2016-12-08,47.92
2016-12-09,49.06
2016-12-12,51.77
2016-12-13,50.39
2016-12-14,49.94
2016-12-15,48.94
2016-12-16,48.73
2016-12-19,50.3
2016-12-20,49.66
2016-12-21,50.5
2016-12-22,49.35
2016-12-23,49.58
2016-12-27,50.02
2016-12-28,51.01
2016-12-29,51.14
2016-12-30,50.89
2017-01-03,51.72
2017-01-04,50.7
2017-01-05,50.9
2017-01-06,51.45
2017-01-09,51.42
2017-01-10,49.78
2017-01-11,48.48
2017-01-12,49.98
2017-01-13,50.47
2017-01-16,49.78
2017-01-17,50.3
2017-01-18,50.27
2017-01-19,49.16
2017-01-20,48.83
2017-01-23,49.56
2017-01-24,49.82
2017-01-25,49.22
2017-01-26,49.66
2017-01-27,50.28
2017-01-31,48.83
2017-02-01,49.28
2017-02-02,50.75
2017-02-03,51.02
2017-02-06,50.97
2017-02-07,49.89
2017-02-08,48.89
2017-02-09,49.67
2017-02-10,49.85
2017-02-13,50.67
2017-02-14,50.01
2017-02-15,49.89
2017-02-16,50.11
2017-02-17,49.92
2017-02-20,50.31
2017-02-21,50.64
2017-02-22,50.65
2017-02-23,50.66
2017-02-24,50.48
2017-02-27,50.84
2017-02-28,50.13
2017-03-01,50.72
2017-03-02,50.33
2017-03-03,49.55
2017-03-06,49.42
2017-03-07,49.87
2017-03-08,49.4
2017-03-09,47.47
2017-03-10,45.93
2017-03-13,44.93
2017-03-14,45.01
2017-03-15,45.13
2017-03-16,46.0
2017-03-17,45.26
2017-03-20,45.13
2017-03-21,45.46
2017-03-22,44.2
2017-03-23,44.26
2017-03-24,44.02
2017-03-27,43.79
2017-03-28,44.37
2017-03-29,45.03
2017-03-30,45.63
2017-03-31,45.88
2017-04-03,46.46
2017-04-04,45.84
2017-04-05,47.72
2017-04-06,47.32
2017-04-07,48.59
2017-04-10,48.49
2017-04-11,48.74
2017-04-12,49.28
2017-04-13,48.66
2017-04-17,48.05
2017-04-18,47.63
2017-04-19,47.51
2017-04-20,45.72
2017-04-21,45.47
2017-04-24,44.98
2017-04-25,44.24
2017-04-26,44.71
2017-04-27,44.01
2017-04-28,44.6
2017-05-02,44.68
2017-05-03,43.85
2017-05-04,43.41
2017-05-05,41.99
2017-05-08,42.73
2017-05-09,42.82
2017-05-11,44.31
2017-05-12,44.32
2017-05-15,45.71
2017-05-16,45.77
2017-05-17,45.15
2017-05-18,45.86
2017-05-19,46.97
2017-05-22,47.75
2017-05-23,47.04
2017-05-24,48.07
2017-05-25,47.88
2017-05-26,45.36
2017-05-29,45.55
2017-05-30,45.41
2017-05-31,44.99
2017-06-01,45.09
2017-06-02,43.49
2017-06-05,44.17
2017-06-06,43.25
2017-06-07,43.8
2017-06-08,42.62
2017-06-09,42.13
2017-06-12,42.73
2017-06-13,42.96
2017-06-14,42.52
2017-06-15,41.43
2017-06-16,41.8
2017-06-19,41.7
2017-06-20,41.63
2017-06-21,40.28
2017-06-22,39.38
2017-06-23,40.07
2017-06-27,40.96
2017-06-28,41.06
2017-06-29,42.19
2017-06-30,42.21
2017-07-03,43.42
2017-07-04,43.92
2017-07-05,44.05
2017-07-06,42.93
2017-07-07,41.75
2017-07-10,41.23
2017-07-11,41.19
2017-07-12,42.8
2017-07-13,41.74
2017-07-14,42.77
2017-07-17,43.53
2017-07-18,43.0
2017-07-19,43.31
2017-07-20,44.28
2017-07-21,44.11
2017-07-24,42.35
2017-07-25,43.33
2017-07-26,45.15
2017-07-27,45.5
2017-07-28,46.06
2017-07-31,46.95
2017-08-01,47.19
2017-08-02,45.75
2017-08-03,46.29
2017-08-04,45.78
2017-08-07,46.21
2017-08-08,46.65
2017-08-10,47.14
2017-08-11,45.44
2017-08-14,46.02
2017-08-15,44.87
2017-08-16,45.44
2017-08-17,44.69
2017-08-18,45.63
2017-08-21,47.02
2017-08-22,46.62
2017-08-23,46.29
2017-08-24,47.1
2017-08-25,47.32
2017-08-28,47.35
2017-08-29,47.0
2017-08-30,46.64
2017-08-31,45.84
2017-09-04,47.09
2017-09-05,47.35
2017-09-06,48.47
2017-09-07,49.54
2017-09-08,49.74
2017-09-11,48.58
2017-09-12,48.61
2017-09-13,49.44
2017-09-14,50.24
2017-09-15,50.22
2017-09-18,50.82
2017-09-19,50.56
2017-09-20,50.42
2017-09-21,51.08
2017-09-22,51.17
2017-09-25,51.67
2017-09-26,53.2
2017-09-27,52.77
2017-09-28,52.25
2017-09-29,52.2
2017-10-02,51.28
2017-10-03,50.8
2017-10-04,50.22
2017-10-05,50.83
2017-10-06,51.87
2017-10-09,50.29
2017-10-10,50.78
2017-10-11,51.43
2017-10-12,51.51
2017-10-13,52.07
2017-10-16,52.71
2017-10-17,53.07
2017-10-19,52.38
2017-10-20,52.15
2017-10-23,52.49
2017-10-24,51.55
2017-10-25,52.6
2017-10-26,52.44
2017-10-27,53.37
2017-10-30,54.83
2017-10-31,54.78
2017-11-01,55.65
2017-11-02,54.49
2017-11-03,54.97
2017-11-06,56.79
2017-11-07,58.63
2017-11-08,57.57
2017-11-09,57.33
2017-11-10,57.82
2017-11-13,57.19
2017-11-14,56.74
2017-11-15,55.45
2017-11-16,55.98
2017-11-17,55.25
2017-11-20,56.3
2017-11-21,56.21
2017-11-22,56.9
2017-11-23,56.75
2017-11-24,57.28
2017-11-27,57.22
2017-11-28,57.19
2017-11-29,56.75
2017-11-30,56.93
2017-12-01,56.57
2017-12-04,56.9
2017-12-05,55.8
2017-12-06,56.2
2017-12-07,54.77
2017-12-08,55.66
2017-12-11,56.4
2017-12-12,58.7
2017-12-13,57.29
2017-12-14,56.22
2017-12-15,57.07
2017-12-18,57.22
2017-12-19,57.32
2017-12-20,57.56
2017-12-21,58.09
2017-12-22,58.28
2017-12-26,58.56
2017-12-27,60.03
2017-12-28,59.7
2017-12-29,59.97
2018-01-02,59.83
2018-01-03,59.65
2018-01-04,60.82
2018-01-05,60.72
2018-01-08,60.41
2018-01-09,60.75
2018-01-10,61.7
2018-01-11,61.61
2018-01-12,61.5
2018-01-15,62.23
2018-01-16,62.14
2018-01-17,61.47
2018-01-18,61.57
2018-01-19,60.97
2018-01-22,61.31
2018-01-23,61.67
2018-01-24,61.95
2018-01-25,63.47
2018-01-26,62.56
2018-01-29,62.61
2018-01-30,61.06
2018-01-31,61.01
2018-02-01,61.65
2018-02-02,62.54
2018-02-05,60.52
2018-02-06,60.08
2018-02-07,60.27
2018-02-08,58.41
2018-02-09,57.58
2018-02-12,57.02
2018-02-13,56.43
2018-02-14,56.02
2018-02-15,58.37
2018-02-19,58.73
2018-02-20,58.9
2018-02-21,57.95
2018-02-22,58.24
2018-02-23,59.49
2018-02-26,60.5
2018-02-27,60.45
2018-02-28,59.45
2018-03-01,57.87
2018-03-02,56.83
2018-03-05,57.9
2018-03-06,58.35
2018-03-07,58.09
2018-03-08,57.34
2018-03-09,56.74
2018-03-12,58.26
2018-03-13,58.02
2018-03-14,57.72
2018-03-15,58.1
2018-03-16,58.44
2018-03-19,59.06
2018-03-20,59.75
2018-03-21,60.68
2018-03-22,62.26
2018-03-23,62.34
2018-03-26,63.11
2018-03-27,63.12
2018-03-28,62.39
2018-03-29,62.46
2018-04-02,62.3
2018-04-03,60.58
2018-04-04,59.91
2018-04-05,60.52
2018-04-06,60.38
2018-04-09,60.03
2018-04-10,61.96
2018-04-11,63.06
2018-04-12,64.23
2018-04-13,64.68
2018-04-16,63.64
2018-04-17,63.44
2018-04-18,64.16
2018-04-19,66.32
2018-04-20,65.56
2018-04-23,65.43
2018-04-24,66.62
2018-04-25,65.6
2018-04-26,65.79
2018-04-27,66.06
2018-04-30,65.13
2018-05-02,64.77
2018-05-03,64.73
2018-05-04,64.48
2018-05-07,66.52
2018-05-08,66.43
2018-05-09,67.98
2018-05-10,68.6
2018-05-11,68.45
2018-05-14,67.88
2018-05-15,69.67
2018-05-16,69.11
2018-05-17,70.81
2018-05-18,71.17
2018-05-21,70.48
2018-05-22,71.5
2018-05-23,70.74
2018-05-24,71.04
2018-05-25,69.57
2018-05-28,67.06
2018-05-30,67.2
2018-05-31,68.98
2018-06-01,71.26
2018-06-04,71.63
2018-06-05,70.74
2018-06-06,71.3
2018-06-07,71.17
2018-06-08,72.01
2018-06-11,71.26
2018-06-12,72.01
2018-06-13,70.3
2018-06-14,71.37
2018-06-18,68.17
2018-06-19,69.71
2018-06-20,70.6
2018-06-21,68.73
2018-06-22,69.18
2018-06-25,69.96
2018-06-26,70.15
2018-06-27,71.53
2018-06-28,72.27
2018-06-29,72.75
2018-07-02,71.75
2018-07-03,70.68
2018-07-04,70.26
2018-07-05,69.94
2018-07-06,69.09
2018-07-09,69.29
2018-07-10,70.18
2018-07-11,68.54
2018-07-12,66.06
2018-07-13,64.78
2018-07-16,66.55
2018-07-17,63.64
2018-07-18,62.69
2018-07-19,63.93
2018-07-20,65.04
2018-07-23,65.09
2018-07-24,64.81
2018-07-25,65.75
2018-07-26,66.26
2018-07-27,66.09
2018-07-30,66.39
2018-07-31,66.5
2018-08-01,65.93
2018-08-02,64.35
2018-08-03,65.03
2018-08-06,65.31
2018-08-07,65.74
2018-08-08,66.27
2018-08-10,62.39
2018-08-13,65.33
2018-08-14,65.81
2018-08-15,63.4
2018-08-16,62.37
2018-08-17,63.2
2018-08-20,63.81
2018-08-21,63.84
2018-08-23,65.72
2018-08-24,66.49
2018-08-27,66.5
2018-08-28,67.46
2018-08-29,67.44
2018-08-30,68.25
2018-08-31,68.1
2018-09-03,68.62
2018-09-04,69.29
2018-09-05,68.01
2018-09-06,67.65
2018-09-07,67.24
2018-09-10,68.28
2018-09-11,68.6
2018-09-12,69.78
2018-09-13,69.3
2018-09-14,68.78
2018-09-17,68.87
2018-09-18,67.91
2018-09-19,69.11
2018-09-20,69.59
2018-09-21,69.44
2018-09-24,70.81
2018-09-25,73.11
2018-09-26,71.77
2018-09-27,73.1
2018-09-28,71.35
2018-10-01,72.93
2018-10-02,74.98
2018-10-03,76.22
2018-10-04,78.16
2018-10-05,76.5
2018-10-08,74.37
2018-10-09,76.63
2018-10-10,77.4
2018-10-11,75.83
2018-10-12,73.67
2018-10-15,73.93
2018-10-16,72.82
2018-10-17,74.74
2018-10-18,72.33
2018-10-19,71.45
2018-10-22,73.01
2018-10-23,71.22
2018-10-24,68.02
2018-10-25,69.03
2018-10-26,69.73
2018-10-29,70.73
2018-10-30,70.45
2018-10-31,70.12
2018-11-01,66.97
2018-11-02,64.72
2018-11-05,63.88
2018-11-07,63.22
2018-11-08,64.69
2018-11-09,63.13
2018-11-12,64.33
2018-11-13,62.52
2018-11-14,57.78
2018-11-15,58.77
2018-11-16,59.8
2018-11-19,59.31
2018-11-20,58.43
2018-11-21,55.38
2018-11-22,55.18
2018-11-23,54.25
2018-11-26,52.45
2018-11-27,52.44
2018-11-28,53.63
2018-11-29,51.33
2018-11-30,51.02
2018-12-03,53.68
2018-12-04,54.2
2018-12-05,52.89
2018-12-06,52.9
2018-12-07,51.57
2018-12-10,53.7
2018-12-11,51.8
2018-12-12,52.52
2018-12-13,52.06
2018-12-14,52.66
2018-12-17,51.84
2018-12-18,50.1
2018-12-19,48.14
2018-12-20,47.08
2018-12-21,46.19
2018-12-26,41.82
2018-12-27,45.53
2018-12-28,45.14
2019-01-02,44.17
2019-01-03,45.72
2019-01-04,48.25
2019-01-07,50.08
2019-01-08,49.22
2019-01-09,50.74
2019-01-10,52.16
2019-01-11,53.57
2019-01-14,51.22
2019-01-15,50.98
2019-01-16,52.43
2019-01-17,52.6
2019-01-18,53.19
2019-01-21,54.02
2019-01-22,53.86
2019-01-23,53.76
2019-01-24,52.9
2019-01-25,53.85
2019-01-28,52.93
2019-01-29,52.4
2019-01-30,53.97
2019-01-31,54.58
2019-02-01,53.56
2019-02-04,55.56
2019-02-07,55.24
2019-02-08,54.33
2019-02-11,54.91
2019-02-12,55.03
2019-02-13,56.03
2019-02-14,57.65
2019-02-15,57.98
2019-02-18,60.0
2019-02-19,59.54
2019-02-20,59.19
2019-02-21,59.79
2019-02-22,60.14
2019-02-25,59.75
2019-02-26,57.84
2019-02-27,59.05
2019-02-28,59.61
2019-03-01,60.23
2019-03-04,58.39
2019-03-05,58.38
2019-03-06,58.27
2019-03-07,58.97
2019-03-08,58.14
2019-03-11,58.85
2019-03-12,59.53
2019-03-13,59.42
2019-03-14,60.77
2019-03-15,60.32
2019-03-18,59.76
2019-03-19,60.28
2019-03-20,60.36
2019-03-21,60.95
2019-03-22,60.02
2019-03-25,58.92
2019-03-26,59.77
2019-03-27,60.18
2019-03-28,59.51
2019-03-29,60.29
2019-04-01,61.37
2019-04-02,61.9
2019-04-03,62.61
2019-04-04,61.72
2019-04-05,61.7
2019-04-08,63.26
2019-04-09,63.4
2019-04-10,63.28
2019-04-11,63.8
2019-04-12,63.6
2019-04-15,63.73
2019-04-16,63.04
2019-04-17,64.12
2019-04-18,63.88
2019-04-22,65.78
2019-04-23,66.05
2019-04-24,66.3
2019-04-25,67.21
2019-04-26,66.04
2019-04-29,64.0
2019-04-30,64.38
2019-05-02,64.12
2019-05-03,62.8
2019-05-06,62.25
2019-05-07,63.63
2019-05-08,62.75
2019-05-09,61.59
2019-05-10,62.23
2019-05-13,63.38
2019-05-14,62.08
2019-05-15,62.68
2019-05-16,64.13
2019-05-17,64.55
2019-05-21,63.98
2019-05-22,63.72
2019-05-23,62.59
2019-05-24,60.54
2019-05-27,60.82
2019-05-28,62.19
2019-05-29,61.34
2019-05-30,61.54
2019-05-31,58.19
2019-06-03,54.3
2019-06-04,54.54
2019-06-06,54.19
2019-06-07,56.35
2019-06-10,55.95
2019-06-11,55.02
2019-06-12,53.44
2019-06-13,53.78
2019-06-14,53.29
2019-06-17,54.04
2019-06-18,53.05
2019-06-19,54.23
2019-06-20,55.56
2019-06-21,56.79
2019-06-24,57.46
2019-06-25,56.77
2019-06-26,57.69
2019-06-27,57.83
2019-06-28,58.09
2019-07-01,59.47
2019-07-02,57.79
2019-07-03,55.1
2019-07-04,56.14
2019-07-05,55.77
2019-07-08,57.24
2019-07-09,56.61
2019-07-10,57.92
2019-07-11,59.92
2019-07-12,59.77
2019-07-15,59.03
2019-07-16,58.64
2019-07-17,57.02
2019-07-18,56.09
2019-07-19,55.16
2019-07-22,56.55
2019-07-23,55.98
2019-07-24,56.64
2019-07-25,56.22
2019-07-26,56.1
2019-07-29,55.71
2019-07-30,57.1
2019-07-31,58.17
2019-08-01,57.37
2019-08-02,54.88
2019-08-05,53.93
2019-08-06,53.15
2019-08-07,51.69
2019-08-08,50.23
2019-08-13,51.08
2019-08-14,52.81
2019-08-15,51.5
2019-08-16,51.19
2019-08-19,51.41
2019-08-20,52.25
2019-08-21,52.7
2019-08-22,53.04
2019-08-23,52.3
2019-08-26,51.76
2019-08-27,51.27
2019-08-28,52.24
2019-08-29,52.55
2019-08-30,52.81
2019-09-02,51.54
2019-09-03,50.7
2019-09-04,51.49
2019-09-05,53.37
2019-09-06,54.02
2019-09-09,53.76
2019-09-10,55.09
2019-09-11,55.23
2019-09-12,53.54
2019-09-13,52.45
2019-09-16,57.17
2019-09-17,60.69
2019-09-18,57.07
2019-09-19,56.27
2019-09-20,57.4
2019-09-23,56.74
2019-09-24,56.93
2019-09-25,55.07
2019-09-26,55.52
2019-09-27,55.56
2019-09-30,54.51
2019-10-01,53.75
2019-10-02,53.19
2019-10-03,51.91
2019-10-04,52.47
2019-10-07,52.98
2019-10-08,53.38
2019-10-09,52.48
2019-10-10,52.86
2019-10-11,54.87
2019-10-14,54.64
2019-10-15,54.37
2019-10-16,53.91
2019-10-17,54.23
2019-10-18,55.24
2019-10-21,54.84
2019-10-22,54.35
2019-10-23,54.99
2019-10-24,56.26
2019-10-25,56.93
2019-10-29,56.86
2019-10-30,57.24
2019-10-31,56.95
2019-11-01,56.05
2019-11-04,58.03
2019-11-05,59.24
2019-11-06,59.13
2019-11-07,58.61
2019-11-08,58.53
2019-11-11,57.72
2019-11-12,58.48
2019-11-13,57.76
2019-11-14,58.58
2019-11-15,58.39
2019-11-18,59.26
2019-11-19,58.47
2019-11-20,56.82
2019-11-21,58.51
2019-11-22,59.76
2019-11-25,59.91
2019-11-26,60.08
2019-11-27,60.79
2019-11-28,60.31
2019-11-29,60.59
2019-12-02,59.06
2019-12-03,58.85
2019-12-04,59.24
2019-12-05,61.09
2019-12-06,61.66
2019-12-09,61.2
2019-12-10,61.48
2019-12-11,61.12
2019-12-12,61.05
2019-12-13,61.97
2019-12-16,62.58
2019-12-17,62.9
2019-12-18,63.12
2019-12-19,63.46
2019-12-20,64.05
2019-12-23,63.47
2019-12-24,64.28
2019-12-26,65.17
2019-12-27,66.01
2019-12-30,66.16
2019-12-31,65.91
2020-01-02,65.61
2020-01-03,67.58
2020-01-06,69.27
2020-01-07,67.8
2020-01-08,68.51
2020-01-09,64.28
2020-01-10,64.16
2020-01-13,63.82
2020-01-14,62.89
2020-01-15,63.0
2020-01-16,62.38
2020-01-17,62.87
2020-01-20,63.54
2020-01-21,62.81
2020-01-22,62.62
2020-01-23,60.94
2020-01-24,60.9
2020-01-28,57.68
2020-01-29,58.67
2020-01-30,57.31
2020-01-31,57.05
2020-02-03,55.03
2020-02-04,53.72
2020-02-05,53.13
2020-02-06,54.92
2020-02-07,53.7
2020-02-10,53.14
2020-02-11,52.76
2020-02-12,53.71
2020-02-13,54.15
2020-02-14,54.73
2020-02-17,55.69
2020-02-18,54.95
2020-02-19,56.41
2020-02-20,56.94
2020-02-21,56.72
2020-02-24,54.94
2020-02-25,54.61
2020-02-26,52.5
2020-02-27,50.75
2020-02-28,48.99
2020-03-02,49.97
2020-03-03,51.12
2020-03-04,50.33
2020-03-05,49.74
2020-03-06,47.43
2020-03-09,34.67
2020-03-10,34.97
2020-03-11,35.59
2020-03-12,33.23
2020-03-13,33.18
2020-03-16,30.25
2020-03-17,29.26
2020-03-18,26.83
2020-03-19,25.23
2020-03-20,28.77
2020-03-23,25.14
2020-03-24,26.57
2020-03-25,26.94
2020-03-26,25.45
2020-03-27,24.49
2020-03-30,22.45
2020-03-31,22.52
2020-04-01,20.08
2020-04-02,21.48
2020-04-03,24.79
2020-04-06,27.88
2020-04-07,28.28
2020-04-08,26.93
2020-04-09,29.4
2020-04-13,28.99
2020-04-14,30.0
2020-04-15,25.94
2020-04-16,24.49
2020-04-17,24.31
2020-04-20,23.26
2020-04-21,18.91
2020-04-22,13.17
2020-04-23,17.0
2020-04-24,15.4
2020-04-27,14.61
2020-04-28,12.56
2020-04-29,12.87
2020-04-30,15.94
2020-05-04,15.81
2020-05-05,18.72
2020-05-06,21.42
2020-05-08,20.14
2020-05-11,21.53
2020-05-12,21.25
2020-05-13,20.42
2020-05-14,20.98
2020-05-15,23.23
2020-05-18,24.92
2020-05-19,26.36
2020-05-20,26.24
2020-05-21,27.4
2020-05-22,25.94
2020-05-26,27.79
2020-05-27,27.74
2020-05-28,26.02
2020-05-29,26.92
2020-06-01,29.32
2020-06-02,30.64
2020-06-03,31.84
2020-06-04,31.25
2020-06-05,32.34
2020-06-08,34.66
2020-06-09,32.66
2020-06-10,33.1
2020-06-11,33.03
2020-06-12,30.89
2020-06-15,30.91
2020-06-16,33.07
2020-06-17,34.15
2020-06-18,33.36
2020-06-19,35.27
2020-06-22,34.89
2020-06-23,36.11
2020-06-24,35.12
2020-06-25,33.11
2020-06-26,34.18
2020-06-29,33.36
2020-06-30,34.47
2020-07-01,35.21
2020-07-02,35.67
2020-07-03,35.82
2020-07-06,36.9
2020-07-07,36.12
2020-07-08,36.41
2020-07-09,37.23
2020-07-13,36.78
2020-07-14,36.29
2020-07-15,37.62
2020-07-16,37.47
2020-07-17,37.1
2020-07-20,36.98
2020-07-21,37.64
2020-07-22,38.07
2020-07-23,38.6
2020-07-24,37.39
2020-07-27,37.27
2020-07-28,37.38
2020-07-29,37.63
2020-07-30,37.36
2020-08-03,36.86
2020-08-04,37.22
2020-08-05,38.13
2020-08-06,38.37
2020-08-07,38.12
2020-08-11,38.92
2020-08-12,38.63
2020-08-13,39.01
2020-08-14,38.34
2020-08-17,38.65
2020-08-18,39.24
2020-08-19,38.75
2020-08-20,38.63
2020-08-21,38.76
2020-08-24,38.66
2020-08-25,39.13
2020-08-26,39.79
2020-08-27,39.39
2020-08-28,38.48
2020-08-31,39.35
2020-09-01,38.62
2020-09-02,39.05
2020-09-03,37.12
2020-09-04,37.24
2020-09-07,35.18
2020-09-08,34.46
2020-09-09,33.72
2020-09-10,34.08
2020-09-11,33.47
2020-09-14,33.29
2020-09-15,33.4
2020-09-16,35.11
2020-09-17,35.84
2020-09-18,37.16
2020-09-21,35.76
2020-09-22,35.28
2020-09-23,35.06
2020-09-24,35.03
2020-09-25,35.5
2020-09-28,34.99
2020-09-29,35.68
2020-09-30,34.44
2020-10-01,35.18
2020-10-02,32.87
2020-10-05,33.28
2020-10-06,34.61
2020-10-07,35.16
2020-10-08,35.48
2020-10-09,36.93
2020-10-12,36.2
2020-10-13,35.88
2020-10-14,36.26
2020-10-15,36.9
2020-10-16,36.79
2020-10-19,36.73
2020-10-20,36.61
2020-10-21,36.8
2020-10-22,36.43
2020-10-23,36.6
2020-10-26,34.99
2020-10-27,35.02
2020-10-28,34.53
2020-10-29,33.45
2020-10-30,32.21
2020-11-02,30.8
2020-11-03,33.7
2020-11-04,33.87
2020-11-05,35.24
2020-11-06,34.71
2020-11-09,34.98
2020-11-10,37.22
2020-11-11,38.99
2020-11-12,38.55
2020-11-13,37.59
2020-11-16,38.18
2020-11-17,38.79
2020-11-18,38.93
2020-11-19,39.15
2020-11-20,39.3
2020-11-23,40.79
2020-11-24,41.26
2020-11-25,43.11
2020-11-26,42.86
2020-11-27,42.6
2020-11-30,42.43
2020-12-01,42.88
2020-12-02,42.61
2020-12-03,43.37
2020-12-04,44.58
2020-12-07,43.8
2020-12-08,43.7
2020-12-09,44.31
2020-12-10,44.07
2020-12-11,45.67
2020-12-14,45.79
2020-12-15,45.36
2020-12-16,46.14
2020-12-17,47.04
2020-12-18,46.85
2020-12-21,46.03
2020-12-22,45.45
2020-12-23,45.26
2020-12-24,47.07
2020-12-28,46.68
2020-12-29,46.64
2020-12-30,46.82
2020-12-31,46.85
2021-01-04,48.19
2021-01-05,46.2
2021-01-06,48.86
2021-01-07,49.86
2021-01-08,49.75
2021-01-11,50.64
2021-01-12,51.08
2021-01-13,52.23
2021-01-14,51.45
2021-01-15,51.0
2021-01-18,49.66
2021-01-19,50.46
2021-01-20,51.6
2021-01-21,51.02
2021-01-22,50.51
2021-01-25,50.82
2021-01-26,50.71
2021-01-27,51.33
2021-01-28,50.32
2021-01-29,50.36
2021-02-01,50.96
2021-02-02,52.56
2021-02-03,53.33
2021-02-04,54.31
2021-02-05,54.84
2021-02-08,55.58
2021-02-09,56.52
2021-02-10,56.6
2021-02-11,56.78
2021-02-15,58.77
2021-02-16,58.49
2021-02-17,58.98
2021-02-18,59.77
2021-02-19,57.92
2021-02-22,58.78
2021-02-23,61.65
2021-02-24,60.8
2021-02-25,63.03
2021-02-26,61.85
2021-03-01,61.6
2021-03-02,58.99
2021-03-03,58.98
2021-03-04,60.64
2021-03-05,63.75
2021-03-08,66.13
2021-03-09,63.52
2021-03-10,62.55
2021-03-11,63.98
2021-03-12,64.8
2021-03-15,65.19
2021-03-16,63.85
2021-03-17,63.88
2021-03-18,62.55
2021-03-19,59.22
2021-03-22,59.75
2021-03-23,59.49
2021-03-24,57.24
2021-03-25,58.69
2021-03-26,58.77
2021-03-29,59.43
2021-03-30,59.91
2021-03-31,59.7
2021-04-01,58.16
2021-04-05,58.88
2021-04-06,58.37
2021-04-07,57.67
2021-04-08,57.91
2021-04-09,57.65
2021-04-12,57.84
2021-04-13,58.23
2021-04-14,59.14
2021-04-15,60.7
2021-04-16,61.29
2021-04-19,61.02
2021-04-20,62.18
2021-04-21,60.23
2021-04-22,58.94
2021-04-23,59.74
2021-04-26,59.34
2021-04-27,60.47
2021-04-28,60.6
2021-04-29,61.96
2021-04-30,62.33
2021-05-03,61.52
2021-05-04,62.96
2021-05-05,64.78
2021-05-06,64.83
2021-05-07,63.64
2021-05-10,64.02
2021-05-11,62.92
2021-05-12,63.86
2021-05-14,62.32
2021-05-17,63.73
2021-05-18,64.8
2021-05-19,62.68
2021-05-20,61.88
2021-05-21,60.12
2021-05-24,62.97
2021-05-25,64.05
2021-05-26,63.95
2021-05-27,63.47
2021-05-28,64.59
2021-05-31,65.15
2021-06-01,65.97
2021-06-02,66.0
2021-06-03,66.76
2021-06-04,67.01
2021-06-07,66.96
2021-06-08,66.41
2021-06-09,67.44
2021-06-10,66.96
2021-06-11,67.41
2021-06-14,68.01
2021-06-15,67.77
2021-06-16,68.96
2021-06-17,68.62
2021-06-18,67.32
2021-06-21,68.21
2021-06-22,69.26
2021-06-23,70.18
2021-06-24,70.35
2021-06-25,70.49
2021-06-28,70.44
2021-06-29,69.61
2021-06-30,69.55
2021-07-01,70.84
2021-07-02,71.01
2021-07-05,71.76
2021-07-06,72.89
2021-07-07,70.41
2021-07-08,67.66
2021-07-09,68.94
2021-07-12,69.67
2021-07-13,70.45
2021-07-14,70.84
2021-07-15,68.49
2021-07-16,68.61
2021-07-19,68.07
2021-07-21,64.98
2021-07-22,67.52
2021-07-23,68.08
2021-07-26,67.38
2021-07-27,68.25
2021-07-28,67.77
2021-07-29,68.61
2021-07-30,68.8
2021-08-02,68.48
2021-08-03,67.23
2021-08-04,66.63
2021-08-05,63.94
2021-08-06,65.72
2021-08-10,63.54
2021-08-11,64.43
2021-08-12,64.76
2021-08-13,64.43
2021-08-16,63.17
2021-08-17,62.4
2021-08-18,62.62
2021-08-19,59.72
2021-08-20,59.68
2021-08-23,59.92
2021-08-24,62.47
2021-08-25,63.59
2021-08-26,64.02
2021-08-27,64.7
2021-08-30,64.78
2021-08-31,64.72
2021-09-01,65.37
2021-09-02,64.69
2021-09-03,66.53
2021-09-06,65.53
2021-09-07,65.81
2021-09-08,65.19
2021-09-09,65.37
2021-09-10,65.36
2021-09-13,66.36
2021-09-14,67.11
2021-09-15,67.08
2021-09-16,68.34
2021-09-17,68.32
2021-09-20,67.29
2021-09-21,67.96
2021-09-22,68.39
2021-09-23,69.45
2021-09-24,70.47
2021-09-27,73.22
2021-09-28,74.5
2021-09-29,72.82
2021-09-30,73.68
2021-10-01,72.7
2021-10-04,74.05
2021-10-05,76.72
2021-10-06,77.5
2021-10-07,74.37
2021-10-08,77.99
2021-10-11,77.63
2021-10-12,77.0
2021-10-13,76.35
2021-10-14,77.22
2021-10-15,78.07
2021-10-18,79.34
2021-10-19,78.89
2021-10-20,78.32
2021-10-21,79.08
2021-10-22,78.68
2021-10-25,79.74
2021-10-26,80.07
2021-10-27,80.02
2021-10-28,78.62
2021-10-29,79.09
2021-11-01,78.87
2021-11-02,80.3
2021-11-03,79.57
2021-11-05,76.62
2021-11-08,79.14
2021-11-09,77.96
2021-11-10,79.48
2021-11-11,77.24
2021-11-12,76.7
2021-11-15,76.2
2021-11-16,77.22
2021-11-17,76.33
2021-11-18,74.11
2021-11-19,76.13
2021-11-22,73.31
2021-11-23,73.41
2021-11-24,76.39
2021-11-25,76.48
2021-11-26,73.07
2021-11-29,70.68
2021-11-30,68.05
2021-12-01,67.3
2021-12-02,65.62
2021-12-03,67.51
2021-12-06,66.76
2021-12-07,70.05
2021-12-08,70.59
2021-12-09,71.36
2021-12-10,70.12
2021-12-13,71.73
2021-12-14,70.88
2021-12-15,69.35
2021-12-16,70.47
2021-12-17,70.59
2021-12-20,67.68
2021-12-21,67.97
2021-12-22,70.11
2021-12-23,71.93
2021-12-24,72.91
2021-12-28,75.6
2021-12-29,76.01
2021-12-30,76.2
2021-12-31,75.74
2022-01-03,75.72
2022-01-04,75.87
2022-01-05,77.0
2022-01-06,77.51
2022-01-07,79.43
2022-01-10,78.85
2022-01-11,78.51
2022-01-12,80.76
2022-01-13,81.36
2022-01-14,81.73
2022-01-17,82.8
2022-01-18,84.53
2022-01-19,84.19
2022-01-20,84.36
2022-01-21,83.39
2022-01-24,85.18
2022-01-25,83.14
2022-01-26,85.12
2022-01-27,86.42
2022-01-28,86.01
2022-01-31,87.15
2022-02-03,87.22
2022-02-04,89.43
2022-02-07,90.85
2022-02-08,90.2
2022-02-09,87.2
2022-02-10,88.03
2022-02-11,87.83
2022-02-14,90.39
2022-02-15,90.64
2022-02-16,90.07
2022-02-17,90.76
2022-02-18,88.58
2022-02-21,90.17
2022-02-22,94.48
2022-02-23,92.94
2022-02-24,97.84
2022-02-25,96.41
2022-02-28,96.04
2022-03-01,97.67
2022-03-02,108.13
2022-03-03,115.77
2022-03-04,109.73
2022-03-07,124.06
2022-03-08,123.7
2022-03-09,124.18
2022-03-10,111.26
2022-03-11,106.43
2022-03-14,104.72
2022-03-15,95.75
2022-03-16,98.17
2022-03-17,96.31
2022-03-18,102.93
2022-03-21,106.65
2022-03-22,108.75
2022-03-23,110.32
2022-03-24,116.21
2022-03-25,111.12
2022-03-28,110.88
2022-03-29,108.23
2022-03-30,107.43
2022-03-31,105.86
2022-04-01,101.38
2022-04-04,102.25
2022-04-05,104.85
2022-04-06,104.04
2022-04-07,98.04
2022-04-08,97.7
2022-04-11,96.38
2022-04-12,96.7
2022-04-13,100.69
2022-04-14,103.98
2022-04-18,106.27
2022-04-19,106.98
2022-04-20,104.25
2022-04-21,104.75
2022-04-22,103.83
2022-04-25,98.68
2022-04-26,98.9
2022-04-27,102.04
2022-04-28,101.64
2022-04-29,104.87
2022-05-04,106.09
2022-05-05,107.93
2022-05-06,109.4
2022-05-09,108.09
2022-05-10,102.73
2022-05-11,101.59
2022-05-12,101.67
2022-05-13,105.7
2022-05-17,109.7
2022-05-18,109.26
2022-05-19,104.83
2022-05-20,106.85
2022-05-23,108.78
2022-05-24,108.41
2022-05-25,109.5
2022-05-26,109.47
2022-05-27,112.41
2022-05-30,114.4
2022-05-31,117.71
2022-06-01,114.93
2022-06-02,111.79
2022-06-03,115.44
2022-06-06,118.31
2022-06-07,117.92
2022-06-08,118.6
2022-06-09,118.13
2022-06-10,118.02
2022-06-13,114.66
2022-06-14,117.87
2022-06-15,116.28
2022-06-16,114.63
2022-06-17,115.36
2022-06-20,108.11
2022-06-21,111.11
2022-06-22,105.67
2022-06-23,105.83
2022-06-24,105.94
2022-06-27,108.83
2022-06-28,112.32
2022-06-29,113.59
2022-06-30,113.0
2022-07-01,109.53
2022-07-04,111.63
2022-07-05,114.72
2022-07-06,104.97
2022-07-07,101.48
2022-07-08,106.89
2022-07-12,100.72
2022-07-13,97.07
2022-07-14,95.19
2022-07-15,94.26
2022-07-18,99.01
2022-07-19,101.6
2022-07-20,102.12
2022-07-21,100.39
2022-07-22,100.2
2022-07-25,98.2
2022-07-26,102.65
2022-07-27,101.47
2022-07-28,104.28
2022-07-29,103.97
2022-08-01,103.64
2022-08-02,100.51
2022-08-03,100.13
2022-08-04,97.16
2022-08-05,93.86
2022-08-08,94.77
2022-08-10,93.61
2022-08-11,95.45
2022-08-12,97.67
2022-08-15,94.16
2022-08-16,91.39
2022-08-17,88.42
2022-08-18,88.67
2022-08-19,89.17
2022-08-22,88.61
2022-08-23,91.02
2022-08-24,94.11
2022-08-25,94.71
2022-08-26,93.5
2022-08-29,94.19
2022-08-30,96.5
2022-08-31,91.08
2022-09-01,88.35
2022-09-02,88.98
2022-09-05,89.68
2022-09-06,89.5
2022-09-07,86.24
2022-09-08,81.56
2022-09-09,83.11
2022-09-12,85.94
2022-09-13,87.92
2022-09-14,86.19
2022-09-15,86.41
2022-09-16,83.06
2022-09-19,83.11
2022-09-20,85.55
2022-09-21,86.28
2022-09-22,84.68
2022-09-23,82.77
2022-09-26,79.14
2022-09-27,79.85
2022-09-28,80.06
2022-09-29,82.81
2022-09-30,83.85
2022-10-03,84.34
2022-10-04,85.11
2022-10-05,87.41
2022-10-06,89.35
2022-10-07,90.66
2022-10-10,91.65
2022-10-11,88.94
2022-10-12,89.21
2022-10-13,88.02
2022-10-14,89.21
2022-10-17,87.68
2022-10-18,88.02
2022-10-19,85.2
2022-10-20,88.21
2022-10-21,88.25
2022-10-25,88.06
2022-10-26,88.64
2022-10-27,91.22
2022-10-28,91.66
2022-10-31,89.89
2022-11-01,91.72
2022-11-02,92.42
2022-11-03,92.32
2022-11-04,94.17
2022-11-07,95.4
2022-11-08,95.55
2022-11-09,91.07
2022-11-10,88.76
2022-11-11,92.08
2022-11-14,92.45
2022-11-15,89.38
2022-11-16,90.14
2022-11-17,88.81
2022-11-18,86.97
2022-11-21,84.21
2022-11-22,85.04
2022-11-23,85.65
2022-11-24,81.84
2022-11-25,82.43
2022-11-28,78.24
2022-11-29,82.49
2022-11-30,81.95
2022-12-01,83.53
2022-12-02,83.57
2022-12-05,83.22
2022-12-06,79.7
2022-12-07,76.21
2022-12-08,74.08
2022-12-09,72.72
2022-12-12,72.26
2022-12-13,75.15
2022-12-14,76.4
2022-12-15,77.83
2022-12-16,76.45
2022-12-19,75.08
2022-12-20,75.24
2022-12-21,75.91
2022-12-22,77.79
2022-12-23,77.0
2022-12-27,79.63
2022-12-28,79.32
2022-12-29,77.95
2022-12-30,78.51
2023-01-03,81.08
2023-01-04,75.91
2023-01-05,73.71
2023-01-06,74.17
2023-01-09,75.73
2023-01-10,74.59
2023-01-11,75.22
2023-01-12,77.71
2023-01-13,79.39
2023-01-16,79.83
2023-01-17,80.26
2023-01-18,81.9
2023-01-19,79.75
2023-01-20,81.88
2023-01-25,81.64
2023-01-26,81.65
2023-01-27,83.4
2023-01-30,81.25
2023-01-31,79.48
2023-02-01,81.47
2023-02-02,78.59
2023-02-03,77.43
2023-02-06,76.04
2023-02-07,78.09
2023-02-08,79.46
2023-02-09,80.62
2023-02-10,80.63
2023-02-13,81.42
2023-02-14,82.02
2023-02-15,80.47
2023-02-16,81.54
2023-02-17,79.79
2023-02-20,79.85
2023-02-21,80.05
2023-02-22,78.61
2023-02-23,77.05
2023-02-24,79.33
2023-02-27,79.08
2023-02-28,78.81
2023-03-01,80.02
2023-03-02,80.06
2023-03-03,80.52
2023-03-06,81.53
2023-03-07,82.12
2023-03-08,79.48
2023-03-09,79.03
2023-03-10,76.97
2023-03-13,78.67
2023-03-14,75.41
2023-03-15,74.32
2023-03-16,70.35
2023-03-17,71.3
2023-03-20,66.65
2023-03-21,70.48
2023-03-22,71.11
2023-03-23,72.37
2023-03-24,71.68
2023-03-27,71.54
2023-03-28,74.43
2023-03-29,74.52
2023-03-30,74.25
2023-03-31,74.3
2023-04-03,80.13
2023-04-04,81.43
2023-04-05,81.39
2023-04-06,80.77
2023-04-10,80.99
2023-04-11,80.9
2023-04-12,81.48
2023-04-13,83.0
2023-04-14,82.09
2023-04-17,81.91
2023-04-18,80.93
2023-04-19,79.91
2023-04-20,78.08
2023-04-21,77.36
2023-04-24,77.62
2023-04-25,79.19
2023-04-26,77.21
2023-04-27,74.89
2023-04-28,75.16
2023-05-02,75.17
2023-05-03,70.44
2023-05-04,69.28
2023-05-05,69.52
2023-05-08,72.6
2023-05-09,72.18
2023-05-10,72.51
2023-05-11,73.24
2023-05-12,70.65
2023-05-15,70.41
2023-05-16,71.75
2023-05-17,70.72
2023-05-18,73.13
2023-05-19,72.46
2023-05-22,71.56
2023-05-23,72.32
2023-05-24,73.85
2023-05-25,74.03
2023-05-26,72.91
2023-05-29,73.82
2023-05-30,72.57
2023-05-31,70.16
2023-06-01,69.54
2023-06-05,73.92
2023-06-06,71.6
2023-06-07,72.15
2023-06-08,73.24
2023-06-09,72.38
2023-06-12,69.92
2023-06-13,69.27
2023-06-14,71.66
2023-06-15,70.35
2023-06-16,72.36
2023-06-19,72.95
2023-06-20,73.25
2023-06-21,72.77
2023-06-22,73.64
2023-06-23,70.16
2023-06-26,70.71
2023-06-27,71.52
2023-06-28,70.23
2023-06-30,71.81
2023-07-03,71.56
2023-07-04,71.68
2023-07-05,71.95
2023-07-06,73.23
2023-07-07,73.03
2023-07-10,74.45
2023-07-11,74.94
2023-07-12,76.03
2023-07-13,77.3
2023-07-14,77.74
2023-07-17,75.54
2023-07-18,75.58
2023-07-19,76.57
2023-07-20,76.63
2023-07-21,76.96
2023-07-24,77.77
2023-07-25,79.41
2023-07-26,79.87
2023-07-27,80.38
2023-07-28,80.9
2023-07-31,81.57
2023-08-01,81.94
2023-08-02,82.18
2023-08-03,79.49
