指标名称,美元指数
2010-01-04,77.51
2010-01-05,77.63
2010-01-06,77.47
2010-01-07,77.99
2010-01-08,77.48
2010-01-11,77.02
2010-01-12,77.0
2010-01-13,76.84
2010-01-14,76.76
2010-01-15,77.2
2010-01-18,77.11
2010-01-19,77.53
2010-01-20,78.36
2010-01-21,78.43
2010-01-22,78.27
2010-01-25,78.2
2010-01-26,78.5
2010-01-27,78.72
2010-01-28,78.93
2010-01-29,79.49
2010-02-01,79.19
2010-02-02,79.0
2010-02-03,79.41
2010-02-04,80.0
2010-02-05,80.25
2010-02-08,80.38
2010-02-09,79.77
2010-02-10,80.04
2010-02-11,79.99
2010-02-12,80.24
2010-02-15,80.38
2010-02-16,79.64
2010-02-17,80.47
2010-02-18,80.92
2010-02-19,80.53
2010-02-22,80.56
2010-02-23,80.92
2010-02-24,80.77
2010-02-25,80.74
2010-02-26,80.35
2010-03-01,80.72
2010-03-02,80.47
2010-03-03,80.01
2010-03-04,80.55
2010-03-05,80.44
2010-03-08,80.43
2010-03-09,80.56
2010-03-10,80.4
2010-03-11,80.26
2010-03-12,79.8
2010-03-15,80.23
2010-03-16,79.67
2010-03-17,79.75
2010-03-18,80.31
2010-03-19,80.77
2010-03-22,80.53
2010-03-23,80.88
2010-03-24,81.91
2010-03-25,82.15
2010-03-26,81.62
2010-03-29,81.29
2010-03-30,81.47
2010-03-31,81.07
2010-04-01,80.72
2010-04-02,81.18
2010-04-05,81.11
2010-04-06,81.39
2010-04-07,81.61
2010-04-08,81.5
2010-04-09,80.88
2010-04-12,80.58
2010-04-13,80.42
2010-04-14,80.22
2010-04-15,80.47
2010-04-16,80.8
2010-04-19,80.92
2010-04-20,81.04
2010-04-21,81.23
2010-04-22,81.69
2010-04-23,81.36
2010-04-26,81.28
2010-04-27,82.33
2010-04-28,82.29
2010-04-29,82.01
2010-04-30,81.91
2010-05-03,82.38
2010-05-04,83.47
2010-05-05,84.15
2010-05-06,84.95
2010-05-07,84.39
2010-05-10,84.25
2010-05-11,84.73
2010-05-12,84.84
2010-05-13,85.43
2010-05-14,86.29
2010-05-17,86.14
2010-05-18,87.31
2010-05-19,86.12
2010-05-20,85.95
2010-05-21,85.46
2010-05-24,86.48
2010-05-25,86.39
2010-05-26,87.36
2010-05-27,86.3
2010-05-28,86.77
2010-05-31,86.47
2010-06-01,86.88
2010-06-02,86.74
2010-06-03,87.21
2010-06-04,88.3
2010-06-07,88.49
2010-06-08,88.15
2010-06-09,87.92
2010-06-10,87.11
2010-06-11,87.28
2010-06-14,86.7
2010-06-15,86.05
2010-06-16,86.2
2010-06-17,85.69
2010-06-18,85.57
2010-06-21,85.94
2010-06-22,86.11
2010-06-23,85.82
2010-06-24,85.76
2010-06-25,85.35
2010-06-28,85.69
2010-06-29,86.13
2010-06-30,86.05
2010-07-01,84.55
2010-07-02,84.37
2010-07-05,84.56
2010-07-06,84.05
2010-07-07,83.96
2010-07-08,83.86
2010-07-09,83.98
2010-07-12,84.25
2010-07-13,83.52
2010-07-14,83.35
2010-07-15,82.35
2010-07-16,82.57
2010-07-19,82.56
2010-07-20,82.75
2010-07-21,83.34
2010-07-22,82.64
2010-07-23,82.52
2010-07-26,82.07
2010-07-27,82.13
2010-07-28,82.13
2010-07-29,81.62
2010-07-30,81.57
2010-08-02,80.9
2010-08-03,80.6
2010-08-04,80.99
2010-08-05,80.78
2010-08-06,80.41
2010-08-09,80.71
2010-08-10,80.89
2010-08-11,82.46
2010-08-12,82.58
2010-08-13,82.92
2010-08-16,82.46
2010-08-17,82.24
2010-08-18,82.27
2010-08-19,82.47
2010-08-20,83.02
2010-08-23,83.26
2010-08-24,83.34
2010-08-25,83.19
2010-08-26,82.9
2010-08-27,82.74
2010-08-30,83.16
2010-08-31,83.07
2010-09-01,82.48
2010-09-02,82.4
2010-09-03,82.01
2010-09-06,82.05
2010-09-07,82.89
2010-09-08,82.57
2010-09-09,82.68
2010-09-10,82.86
2010-09-13,81.88
2010-09-14,81.23
2010-09-15,81.46
2010-09-16,81.27
2010-09-17,81.41
2010-09-20,81.32
2010-09-21,80.44
2010-09-22,79.8
2010-09-23,80.11
2010-09-24,79.28
2010-09-27,79.53
2010-09-28,78.92
2010-09-29,78.78
2010-09-30,78.8
2010-10-01,78.03
2010-10-04,78.49
2010-10-05,77.81
2010-10-06,77.43
2010-10-07,77.42
2010-10-08,77.2
2010-10-11,77.47
2010-10-12,77.33
2010-10-13,77.08
2010-10-14,76.53
2010-10-15,76.97
2010-10-18,77.15
2010-10-19,78.19
2010-10-20,77.17
2010-10-21,77.44
2010-10-22,77.37
2010-10-25,77.19
2010-10-26,77.65
2010-10-27,78.06
2010-10-28,77.28
2010-10-29,77.05
2010-11-01,77.23
2010-11-02,76.72
2010-11-03,76.39
2010-11-04,75.85
2010-11-05,76.59
2010-11-08,77.03
2010-11-09,77.74
2010-11-10,77.64
2010-11-11,78.12
2010-11-12,78.14
2010-11-15,78.62
2010-11-16,79.21
2010-11-17,79.05
2010-11-18,78.57
2010-11-19,78.49
2010-11-22,78.64
2010-11-23,79.71
2010-11-24,79.76
2010-11-25,79.68
2010-11-26,80.39
2010-11-29,80.76
2010-11-30,81.3
2010-12-01,80.7
2010-12-02,80.23
2010-12-03,79.17
2010-12-06,79.64
2010-12-07,79.97
2010-12-08,80.0
2010-12-09,80.05
2010-12-10,80.11
2010-12-13,79.34
2010-12-14,79.42
2010-12-15,80.24
2010-12-16,80.02
2010-12-17,80.36
2010-12-20,80.57
2010-12-21,80.67
2010-12-22,80.67
2010-12-23,80.49
2010-12-24,80.45
2010-12-27,80.27
2010-12-28,80.38
2010-12-29,79.76
2010-12-30,79.52
2010-12-31,78.96
2011-01-03,79.17
2011-01-04,79.43
2011-01-05,80.23
2011-01-06,80.84
2011-01-07,81.14
2011-01-10,80.88
2011-01-11,80.83
2011-01-12,80.02
2011-01-13,79.16
2011-01-14,79.07
2011-01-17,79.34
2011-01-18,78.97
2011-01-19,78.56
2011-01-20,78.83
2011-01-21,78.11
2011-01-24,78.04
2011-01-25,77.93
2011-01-26,77.7
2011-01-27,77.72
2011-01-28,78.15
2011-01-31,77.75
2011-02-01,77.0
2011-02-02,77.08
2011-02-03,77.76
2011-02-04,78.02
2011-02-07,78.05
2011-02-08,77.99
2011-02-09,77.59
2011-02-10,78.2
2011-02-11,78.42
2011-02-14,78.58
2011-02-15,78.59
2011-02-16,78.23
2011-02-17,77.97
2011-02-18,77.62
2011-02-21,77.69
2011-02-22,77.82
2011-02-23,77.38
2011-02-24,77.1
2011-02-25,77.25
2011-02-28,76.9
2011-03-01,77.02
2011-03-02,76.65
2011-03-03,76.46
2011-03-04,76.38
2011-03-07,76.48
2011-03-08,76.78
2011-03-09,76.69
2011-03-10,77.26
2011-03-11,76.71
2011-03-14,76.36
2011-03-15,76.35
2011-03-16,76.18
2011-03-17,75.99
2011-03-18,75.56
2011-03-21,75.45
2011-03-22,75.47
2011-03-23,75.9
2011-03-24,75.7
2011-03-25,76.14
2011-03-28,76.21
2011-03-29,76.17
2011-03-30,76.09
2011-03-31,75.98
2011-04-01,75.82
2011-04-04,75.92
2011-04-05,75.92
2011-04-06,75.55
2011-04-07,75.57
2011-04-08,74.85
2011-04-11,75.06
2011-04-12,74.87
2011-04-13,74.99
2011-04-14,74.71
2011-04-15,74.83
2011-04-18,75.49
2011-04-19,75.07
2011-04-20,74.35
2011-04-21,74.11
2011-04-22,74.11
2011-04-25,74.02
2011-04-26,73.76
2011-04-27,73.38
2011-04-28,73.11
2011-04-29,73.03
2011-05-02,73.05
2011-05-03,73.13
2011-05-04,73.13
2011-05-05,74.12
2011-05-06,74.91
2011-05-09,74.67
2011-05-10,74.54
2011-05-11,75.32
2011-05-12,75.21
2011-05-13,75.71
2011-05-16,75.59
2011-05-17,75.36
2011-05-18,75.37
2011-05-19,75.11
2011-05-20,75.43
2011-05-23,76.15
2011-05-24,75.92
2011-05-25,75.92
2011-05-26,75.58
2011-05-27,74.76
2011-05-30,74.92
2011-05-31,74.63
2011-06-01,74.85
2011-06-02,74.32
2011-06-03,73.78
2011-06-06,73.96
2011-06-07,73.55
2011-06-08,73.92
2011-06-09,74.18
2011-06-10,74.83
2011-06-13,74.48
2011-06-14,74.43
2011-06-15,75.62
2011-06-16,75.4
2011-06-17,74.99
2011-06-20,75.01
2011-06-21,74.63
2011-06-22,74.94
2011-06-23,75.25
2011-06-24,75.58
2011-06-27,75.3
2011-06-28,75.02
2011-06-29,74.68
2011-06-30,74.42
2011-07-01,74.3
2011-07-04,74.24
2011-07-05,74.65
2011-07-06,75.02
2011-07-07,74.92
2011-07-08,75.08
2011-07-11,75.94
2011-07-12,75.97
2011-07-13,74.94
2011-07-14,75.2
2011-07-15,75.13
2011-07-18,75.4
2011-07-19,75.15
2011-07-20,74.82
2011-07-21,73.99
2011-07-22,74.24
2011-07-25,74.11
2011-07-26,73.5
2011-07-27,74.06
2011-07-28,74.13
2011-07-29,73.86
2011-08-01,74.32
2011-08-02,74.56
2011-08-03,73.94
2011-08-04,75.29
2011-08-05,74.6
2011-08-08,74.9
2011-08-09,73.88
2011-08-10,74.82
2011-08-11,74.56
2011-08-12,74.57
2011-08-15,73.83
2011-08-16,74.02
2011-08-17,73.79
2011-08-18,74.24
2011-08-19,73.99
2011-08-22,74.15
2011-08-23,73.85
2011-08-24,74.05
2011-08-25,74.26
2011-08-26,73.71
2011-08-29,73.67
2011-08-30,73.99
2011-08-31,74.13
2011-09-01,74.55
2011-09-02,74.7
2011-09-05,75.18
2011-09-06,75.89
2011-09-07,75.43
2011-09-08,76.26
2011-09-09,77.2
2011-09-12,77.17
2011-09-13,77.05
2011-09-14,76.87
2011-09-15,76.28
2011-09-16,76.6
2011-09-19,77.11
2011-09-20,77.0
2011-09-21,77.71
2011-09-22,78.48
2011-09-23,78.3
2011-09-26,78.02
2011-09-27,77.76
2011-09-28,78.11
2011-09-29,77.94
2011-09-30,78.79
2011-10-03,79.61
2011-10-04,79.04
2011-10-05,79.11
2011-10-06,78.63
2011-10-07,78.75
2011-10-10,77.6
2011-10-11,77.62
2011-10-12,77.04
2011-10-13,77.05
2011-10-14,76.61
2011-10-17,77.22
2011-10-18,77.16
2011-10-19,77.08
2011-10-20,76.97
2011-10-21,76.39
2011-10-24,76.09
2011-10-25,76.24
2011-10-26,76.25
2011-10-27,74.97
2011-10-28,75.09
2011-10-31,76.48
2011-11-01,77.32
2011-11-02,77.08
2011-11-03,76.72
2011-11-04,76.91
2011-11-07,76.94
2011-11-08,76.63
2011-11-09,77.91
2011-11-10,77.63
2011-11-11,76.91
2011-11-14,77.46
2011-11-15,77.9
2011-11-16,78.28
2011-11-17,78.32
2011-11-18,78.04
2011-11-21,78.33
2011-11-22,78.27
2011-11-23,79.06
2011-11-24,79.04
2011-11-25,79.61
2011-11-28,79.19
2011-11-29,79.08
2011-11-30,78.34
2011-12-01,78.29
2011-12-02,78.62
2011-12-05,78.58
2011-12-06,78.54
2011-12-07,78.41
2011-12-08,78.83
2011-12-09,78.59
2011-12-12,79.53
2011-12-13,80.27
2011-12-14,80.53
2011-12-15,80.29
2011-12-16,80.15
2011-12-19,80.37
2011-12-20,79.86
2011-12-21,79.99
2011-12-22,79.95
2011-12-23,79.99
2011-12-26,79.91
2011-12-27,79.8
2011-12-28,80.5
2011-12-29,80.36
2011-12-30,80.22
2012-01-02,80.28
2012-01-03,79.65
2012-01-04,80.08
2012-01-05,80.91
2012-01-06,81.27
2012-01-09,80.98
2012-01-10,80.87
2012-01-11,81.29
2012-01-12,80.84
2012-01-13,81.45
2012-01-16,81.44
2012-01-17,81.12
2012-01-18,80.48
2012-01-19,80.05
2012-01-20,80.14
2012-01-23,79.8
2012-01-24,79.79
2012-01-25,79.48
2012-01-26,79.4
2012-01-27,78.83
2012-01-30,79.08
2012-01-31,79.28
2012-02-01,78.91
2012-02-02,78.99
2012-02-03,78.94
2012-02-06,79.03
2012-02-07,78.52
2012-02-08,78.61
2012-02-09,78.59
2012-02-10,79.02
2012-02-13,79.01
2012-02-14,79.38
2012-02-15,79.64
2012-02-16,79.37
2012-02-17,79.42
2012-02-20,78.99
2012-02-21,79.1
2012-02-22,79.2
2012-02-23,78.65
2012-02-24,78.39
2012-02-27,78.58
2012-02-28,78.23
2012-02-29,78.8
2012-03-01,78.8
2012-03-02,79.43
2012-03-05,79.35
2012-03-06,79.83
2012-03-07,79.68
2012-03-08,79.13
2012-03-09,79.97
2012-03-12,79.9
2012-03-13,80.13
2012-03-14,80.54
2012-03-15,80.25
2012-03-16,79.78
2012-03-19,79.47
2012-03-20,79.62
2012-03-21,79.61
2012-03-22,79.68
2012-03-23,79.32
2012-03-26,78.92
2012-03-27,79.15
2012-03-28,79.17
2012-03-29,79.11
2012-03-30,78.95
2012-04-02,78.88
2012-04-03,79.36
2012-04-04,79.75
2012-04-05,80.06
2012-04-06,79.84
2012-04-09,79.77
2012-04-10,79.86
2012-04-11,79.75
2012-04-12,79.34
2012-04-13,79.88
2012-04-16,79.54
2012-04-17,79.55
2012-04-18,79.58
2012-04-19,79.57
2012-04-20,79.14
2012-04-23,79.36
2012-04-24,79.2
2012-04-25,79.05
2012-04-26,79.14
2012-04-27,78.71
2012-04-30,78.76
2012-05-01,78.82
2012-05-02,79.16
2012-05-03,79.21
2012-05-04,79.51
2012-05-07,79.56
2012-05-08,79.87
2012-05-09,80.13
2012-05-10,80.22
2012-05-11,80.26
2012-05-14,80.68
2012-05-15,81.23
2012-05-16,81.42
2012-05-17,81.55
2012-05-18,81.09
2012-05-21,80.97
2012-05-22,81.65
2012-05-23,82.02
2012-05-24,82.28
2012-05-25,82.4
2012-05-28,82.21
2012-05-29,82.48
2012-05-30,83.07
2012-05-31,83.08
2012-06-01,82.89
2012-06-04,82.56
2012-06-05,82.79
2012-06-06,82.18
2012-06-07,82.26
2012-06-08,82.51
2012-06-11,82.67
2012-06-12,82.42
2012-06-13,82.19
2012-06-14,81.85
2012-06-15,81.59
2012-06-18,81.95
2012-06-19,81.39
2012-06-20,81.42
2012-06-21,82.3
2012-06-22,82.21
2012-06-25,82.44
2012-06-26,82.39
2012-06-27,82.55
2012-06-28,82.72
2012-06-29,81.58
2012-07-02,81.87
2012-07-03,81.79
2012-07-04,82.17
2012-07-05,82.82
2012-07-06,83.28
2012-07-09,83.13
2012-07-10,83.38
2012-07-11,83.48
2012-07-12,83.63
2012-07-13,83.29
2012-07-16,83.13
2012-07-17,83.03
2012-07-18,82.98
2012-07-19,82.91
2012-07-20,83.49
2012-07-23,83.77
2012-07-24,84.02
2012-07-25,83.59
2012-07-26,82.85
2012-07-27,82.64
2012-07-30,82.81
2012-07-31,82.68
2012-08-01,83.1
2012-08-02,83.31
2012-08-03,82.32
2012-08-06,82.27
2012-08-07,82.28
2012-08-08,82.34
2012-08-09,82.6
2012-08-10,82.56
2012-08-13,82.43
2012-08-14,82.54
2012-08-15,82.67
2012-08-16,82.39
2012-08-17,82.55
2012-08-20,82.47
2012-08-21,81.89
2012-08-22,81.49
2012-08-23,81.37
2012-08-24,81.62
2012-08-27,81.68
2012-08-28,81.34
2012-08-29,81.54
2012-08-30,81.69
2012-08-31,81.25
2012-09-03,81.21
2012-09-04,81.34
2012-09-05,81.23
2012-09-06,81.11
2012-09-07,80.17
2012-09-10,80.41
2012-09-11,79.89
2012-09-12,79.69
2012-09-13,79.26
2012-09-14,78.84
2012-09-17,78.95
2012-09-18,79.19
2012-09-19,79.11
2012-09-20,79.43
2012-09-21,79.37
2012-09-24,79.53
2012-09-25,79.65
2012-09-26,79.82
2012-09-27,79.55
2012-09-28,79.88
2012-10-01,79.81
2012-10-02,79.75
2012-10-03,79.91
2012-10-04,79.35
2012-10-05,79.33
2012-10-08,79.6
2012-10-09,79.97
2012-10-10,80.11
2012-10-11,79.78
2012-10-12,79.7
2012-10-15,79.74
2012-10-16,79.19
2012-10-17,79.06
2012-10-18,79.36
2012-10-19,79.63
2012-10-22,79.55
2012-10-23,79.91
2012-10-24,79.94
2012-10-25,80.1
2012-10-26,80.01
2012-10-29,80.24
2012-10-30,79.93
2012-10-31,79.95
2012-11-01,80.04
2012-11-02,80.56
2012-11-05,80.71
2012-11-06,80.6
2012-11-07,80.76
2012-11-08,80.8
2012-11-09,81.03
2012-11-12,81.06
2012-11-13,81.1
2012-11-14,81.13
2012-11-15,81.03
2012-11-16,81.2
2012-11-19,80.85
2012-11-20,80.89
2012-11-21,80.92
2012-11-22,80.69
2012-11-23,80.2
2012-11-26,80.18
2012-11-27,80.36
2012-11-28,80.3
2012-11-29,80.18
2012-11-30,80.23
2012-12-03,79.9
2012-12-04,79.66
2012-12-05,79.84
2012-12-06,80.23
2012-12-07,80.41
2012-12-10,80.32
2012-12-11,80.05
2012-12-12,79.86
2012-12-13,79.92
2012-12-14,79.57
2012-12-17,79.57
2012-12-18,79.33
2012-12-19,79.35
2012-12-20,79.24
2012-12-21,79.58
2012-12-24,79.66
2012-12-25,79.67
2012-12-26,79.6
2012-12-27,79.65
2012-12-28,79.68
2012-12-31,79.76
2013-01-02,79.82
2013-01-03,80.43
2013-01-04,80.5
2013-01-07,80.22
2013-01-08,80.34
2013-01-09,80.54
2013-01-10,79.75
2013-01-11,79.55
2013-01-14,79.49
2013-01-15,79.73
2013-01-16,79.79
2013-01-17,79.67
2013-01-18,80.05
2013-01-21,80.04
2013-01-22,79.85
2013-01-23,79.91
2013-01-24,79.97
2013-01-25,79.75
2013-01-28,79.79
2013-01-29,79.53
2013-01-30,79.26
2013-01-31,79.24
2013-02-01,79.21
2013-02-04,79.57
2013-02-05,79.52
2013-02-06,79.76
2013-02-07,80.22
2013-02-08,80.23
2013-02-11,80.36
2013-02-12,80.04
2013-02-13,80.07
2013-02-14,80.37
2013-02-15,80.46
2013-02-18,80.65
2013-02-19,80.47
2013-02-20,81.04
2013-02-21,81.37
2013-02-22,81.46
2013-02-25,81.8
2013-02-26,81.84
2013-02-27,81.54
2013-02-28,81.96
2013-03-01,82.27
2013-03-04,82.18
2013-03-05,82.03
2013-03-06,82.57
2013-03-07,82.08
2013-03-08,82.74
2013-03-11,82.57
2013-03-12,82.6
2013-03-13,82.9
2013-03-14,82.58
2013-03-15,82.14
2013-03-18,82.62
2013-03-19,83.03
2013-03-20,82.83
2013-03-21,82.85
2013-03-22,82.37
2013-03-25,82.93
2013-03-26,82.89
2013-03-27,83.21
2013-03-28,83.0
2013-03-29,82.99
2013-04-01,82.73
2013-04-02,82.89
2013-04-03,82.76
2013-04-04,82.72
2013-04-05,82.56
2013-04-08,82.71
2013-04-09,82.39
2013-04-10,82.49
2013-04-11,82.25
2013-04-12,82.1
2013-04-15,82.3
2013-04-16,81.83
2013-04-17,82.65
2013-04-18,82.56
2013-04-19,82.75
2013-04-22,82.65
2013-04-23,83.0
2013-04-24,82.95
2013-04-25,82.78
2013-04-26,82.49
2013-04-29,82.14
2013-04-30,81.72
2013-05-01,81.62
2013-05-02,82.23
2013-05-03,82.08
2013-05-06,82.33
2013-05-07,82.28
2013-05-08,81.9
2013-05-09,82.68
2013-05-10,83.1
2013-05-13,83.2
2013-05-14,83.62
2013-05-15,83.79
2013-05-16,83.74
2013-05-17,84.21
2013-05-20,83.82
2013-05-21,83.84
2013-05-22,84.29
2013-05-23,83.75
2013-05-24,83.65
2013-05-27,83.64
2013-05-28,84.26
2013-05-29,83.62
2013-05-30,83.0
2013-05-31,83.27
2013-06-03,82.67
2013-06-04,82.75
2013-06-05,82.56
2013-06-06,81.62
2013-06-07,81.69
2013-06-10,81.7
2013-06-11,81.07
2013-06-12,80.93
2013-06-13,80.7
2013-06-14,80.61
2013-06-17,80.65
2013-06-18,80.67
2013-06-19,81.31
2013-06-20,81.77
2013-06-21,82.41
2013-06-24,82.44
2013-06-25,82.61
2013-06-26,82.95
2013-06-27,82.96
2013-06-28,83.18
2013-07-01,83.02
2013-07-02,83.53
2013-07-03,83.21
2013-07-04,83.77
2013-07-05,84.44
2013-07-08,84.22
2013-07-09,84.6
2013-07-10,83.25
2013-07-11,82.74
2013-07-12,82.93
2013-07-15,83.08
2013-07-16,82.5
2013-07-17,82.65
2013-07-18,82.78
2013-07-19,82.61
2013-07-22,82.23
2013-07-23,82.01
2013-07-24,82.27
2013-07-25,81.79
2013-07-26,81.65
2013-07-29,81.71
2013-07-30,81.84
2013-07-31,81.67
2013-08-01,82.36
2013-08-02,81.92
2013-08-05,81.84
2013-08-06,81.62
2013-08-07,81.27
2013-08-08,81.02
2013-08-09,81.12
2013-08-12,81.45
2013-08-13,81.77
2013-08-14,81.71
2013-08-15,81.14
2013-08-16,81.29
2013-08-19,81.27
2013-08-20,80.94
2013-08-21,81.32
2013-08-22,81.49
2013-08-23,81.36
2013-08-26,81.39
2013-08-27,81.14
2013-08-28,81.43
2013-08-29,81.97
2013-08-30,82.04
2013-09-02,82.24
2013-09-03,82.39
2013-09-04,82.18
2013-09-05,82.64
2013-09-06,82.15
2013-09-09,81.83
2013-09-10,81.83
2013-09-11,81.51
2013-09-12,81.51
2013-09-13,81.52
2013-09-16,81.27
2013-09-17,81.14
2013-09-18,80.23
2013-09-19,80.38
2013-09-20,80.44
2013-09-23,80.46
2013-09-24,80.59
2013-09-25,80.34
2013-09-26,80.54
2013-09-27,80.27
2013-09-30,80.23
2013-10-01,80.19
2013-10-02,79.9
2013-10-03,79.75
2013-10-04,80.13
2013-10-07,79.93
2013-10-08,80.01
2013-10-09,80.37
2013-10-10,80.48
2013-10-11,80.42
2013-10-14,80.34
2013-10-15,80.44
2013-10-16,80.46
2013-10-17,79.66
2013-10-18,79.61
2013-10-21,79.7
2013-10-22,79.26
2013-10-23,79.28
2013-10-24,79.19
2013-10-25,79.21
2013-10-28,79.33
2013-10-29,79.62
2013-10-30,79.7
2013-10-31,80.23
2013-11-01,80.72
2013-11-04,80.57
2013-11-05,80.7
2013-11-06,80.51
2013-11-07,80.83
2013-11-08,81.22
2013-11-11,81.09
2013-11-12,81.15
2013-11-13,80.78
2013-11-14,80.99
2013-11-15,80.81
2013-11-18,80.73
2013-11-19,80.66
2013-11-20,81.0
2013-11-21,80.98
2013-11-22,80.66
2013-11-25,80.91
2013-11-26,80.62
2013-11-27,80.7
2013-11-28,80.55
2013-11-29,80.62
2013-12-02,80.9
2013-12-03,80.64
2013-12-04,80.61
2013-12-05,80.29
2013-12-06,80.26
2013-12-09,80.13
2013-12-10,79.98
2013-12-11,79.88
2013-12-12,80.18
2013-12-13,80.19
2013-12-16,80.09
2013-12-17,80.05
2013-12-18,80.51
2013-12-19,80.6
2013-12-20,80.55
2013-12-23,80.43
2013-12-24,80.52
2013-12-25,80.53
2013-12-26,80.5
2013-12-27,80.33
2013-12-30,80.04
2013-12-31,80.2
2014-01-02,80.57
2014-01-03,80.87
2014-01-06,80.68
2014-01-07,80.85
2014-01-08,81.07
2014-01-09,80.94
2014-01-10,80.63
2014-01-13,80.53
2014-01-14,80.64
2014-01-15,80.99
2014-01-16,80.91
2014-01-17,81.19
2014-01-20,81.11
2014-01-21,81.08
2014-01-22,81.2
2014-01-23,80.44
2014-01-24,80.47
2014-01-27,80.48
2014-01-28,80.57
2014-01-29,80.53
2014-01-30,81.05
2014-01-31,81.25
2014-02-03,81.04
2014-02-04,81.12
2014-02-05,81.06
2014-02-06,80.9
2014-02-07,80.67
2014-02-10,80.65
2014-02-11,80.63
2014-02-12,80.69
2014-02-13,80.3
2014-02-14,80.15
2014-02-17,80.13
2014-02-18,80.01
2014-02-19,80.19
2014-02-20,80.28
2014-02-21,80.27
2014-02-24,80.22
2014-02-25,80.14
2014-02-26,80.41
2014-02-27,80.28
2014-02-28,79.78
2014-03-03,80.07
2014-03-04,80.13
2014-03-05,80.09
2014-03-06,79.67
2014-03-07,79.71
2014-03-10,79.74
2014-03-11,79.79
2014-03-12,79.62
2014-03-13,79.58
2014-03-14,79.41
2014-03-17,79.4
2014-03-18,79.37
2014-03-19,80.05
2014-03-20,80.19
2014-03-21,80.13
2014-03-24,79.94
2014-03-25,80.03
2014-03-26,80.02
2014-03-27,80.15
2014-03-28,80.19
2014-03-31,80.11
2014-04-01,80.08
2014-04-02,80.23
2014-04-03,80.46
2014-04-04,80.44
2014-04-07,80.22
2014-04-08,79.78
2014-04-09,79.52
2014-04-10,79.41
2014-04-11,79.49
2014-04-14,79.76
2014-04-15,79.79
2014-04-16,79.82
2014-04-17,79.85
2014-04-18,79.88
2014-04-21,79.95
2014-04-22,79.9
2014-04-23,79.87
2014-04-24,79.79
2014-04-25,79.76
2014-04-28,79.71
2014-04-29,79.81
2014-04-30,79.53
2014-05-01,79.52
2014-05-02,79.5
2014-05-05,79.51
2014-05-06,79.15
2014-05-07,79.23
2014-05-08,79.45
2014-05-09,79.87
2014-05-12,79.89
2014-05-13,80.12
2014-05-14,80.06
2014-05-15,80.03
2014-05-16,80.06
2014-05-19,80.03
2014-05-20,80.05
2014-05-21,80.08
2014-05-22,80.22
2014-05-23,80.38
2014-05-26,80.29
2014-05-27,80.37
2014-05-28,80.56
2014-05-29,80.49
2014-05-30,80.39
2014-06-02,80.63
2014-06-03,80.54
2014-06-04,80.66
2014-06-05,80.35
2014-06-06,80.43
2014-06-09,80.63
2014-06-10,80.81
2014-06-11,80.77
2014-06-12,80.59
2014-06-13,80.61
2014-06-16,80.44
2014-06-17,80.61
2014-06-18,80.4
2014-06-19,80.33
2014-06-20,80.34
2014-06-23,80.27
2014-06-24,80.32
2014-06-25,80.21
2014-06-26,80.21
2014-06-27,80.02
2014-06-30,79.79
2014-07-01,79.82
2014-07-02,79.95
2014-07-03,80.21
2014-07-04,80.28
2014-07-07,80.21
2014-07-08,80.18
2014-07-09,80.09
2014-07-10,80.12
2014-07-11,80.19
2014-07-14,80.17
2014-07-15,80.38
2014-07-16,80.54
2014-07-17,80.51
2014-07-18,80.54
2014-07-21,80.56
2014-07-22,80.78
2014-07-23,80.8
2014-07-24,80.87
2014-07-25,81.05
2014-07-28,81.0
2014-07-29,81.21
2014-07-30,81.42
2014-07-31,81.46
2014-08-01,81.31
2014-08-04,81.32
2014-08-05,81.54
2014-08-06,81.42
2014-08-07,81.53
2014-08-08,81.4
2014-08-11,81.46
2014-08-12,81.51
2014-08-13,81.61
2014-08-14,81.6
2014-08-15,81.43
2014-08-18,81.58
2014-08-19,81.89
2014-08-20,82.25
2014-08-21,82.16
2014-08-22,82.33
2014-08-25,82.58
2014-08-26,82.67
2014-08-27,82.46
2014-08-28,82.49
2014-08-29,82.72
2014-09-01,82.78
2014-09-02,82.97
2014-09-03,82.86
2014-09-04,83.84
2014-09-05,83.76
2014-09-08,84.31
2014-09-09,84.14
2014-09-10,84.23
2014-09-11,84.24
2014-09-12,84.16
2014-09-15,84.24
2014-09-16,84.08
2014-09-17,84.75
2014-09-18,84.27
2014-09-19,84.79
2014-09-22,84.71
2014-09-23,84.7
2014-09-24,85.07
2014-09-25,85.2
2014-09-26,85.64
2014-09-29,85.62
2014-09-30,85.91
2014-10-01,85.9
2014-10-02,85.61
2014-10-03,86.65
2014-10-06,85.64
2014-10-07,85.66
2014-10-08,85.3
2014-10-09,85.54
2014-10-10,85.81
2014-10-13,85.21
2014-10-14,85.81
2014-10-15,84.92
2014-10-16,84.95
2014-10-17,85.2
2014-10-20,85.03
2014-10-21,85.4
2014-10-22,85.77
2014-10-23,85.88
2014-10-24,85.72
2014-10-27,85.59
2014-10-28,85.41
2014-10-29,85.99
2014-10-30,86.12
2014-10-31,86.92
2014-11-03,87.39
2014-11-04,87.05
2014-11-05,87.41
2014-11-06,88.09
2014-11-07,87.59
2014-11-10,87.81
2014-11-11,87.59
2014-11-12,87.8
2014-11-13,87.75
2014-11-14,87.55
2014-11-17,87.95
2014-11-18,87.58
2014-11-19,87.62
2014-11-20,87.68
2014-11-21,88.29
2014-11-24,88.1
2014-11-25,87.91
2014-11-26,87.67
2014-11-27,87.95
2014-11-28,88.24
2014-12-01,88.01
2014-12-02,88.64
2014-12-03,88.95
2014-12-04,88.65
2014-12-05,89.35
2014-12-08,89.11
2014-12-09,88.73
2014-12-10,88.21
2014-12-11,88.46
2014-12-12,88.33
2014-12-15,88.48
2014-12-16,87.91
2014-12-17,88.22
2014-12-18,89.21
2014-12-19,89.59
2014-12-22,89.72
2014-12-23,90.08
2014-12-24,89.91
2014-12-25,89.81
2014-12-26,90.03
2014-12-29,90.19
2014-12-30,89.97
2014-12-31,90.27
2015-01-02,91.15
2015-01-05,91.42
2015-01-06,91.61
2015-01-07,91.9892
2015-01-08,92.2916
2015-01-09,91.9444
2015-01-12,92.03
2015-01-13,92.28
2015-01-14,92.0981
2015-01-15,92.0813
2015-01-16,92.69
2015-01-19,92.56
2015-01-20,93.03
2015-01-21,92.77
2015-01-22,94.1813
2015-01-23,95.011
2015-01-26,94.952
2015-01-27,94.0169
2015-01-28,94.6236
2015-01-29,94.7276
2015-01-30,94.8737
2015-02-02,94.59
2015-02-03,93.63
2015-02-04,94.42
2015-02-05,93.54
2015-02-06,94.69
2015-02-09,94.5716
2015-02-10,94.7304
2015-02-11,94.8317
2015-02-12,94.1922
2015-02-13,94.1781
2015-02-16,94.3524
2015-02-17,94.0935
2015-02-18,94.1335
2015-02-19,94.3843
2015-02-20,94.3069
2015-02-23,94.54
2015-02-24,94.49
2015-02-25,94.4
2015-02-26,95.2796
2015-02-27,95.25
2015-03-02,95.47
2015-03-03,95.41
2015-03-04,95.9405
2015-03-05,96.3528
2015-03-06,97.7051
2015-03-09,97.6496
2015-03-10,98.7554
2015-03-11,99.7229
2015-03-12,99.2242
2015-03-13,100.1485
2015-03-16,99.6996
2015-03-17,99.6036
2015-03-18,97.8016
2015-03-19,99.1017
2015-03-20,97.8557
2015-03-23,97.0081
2015-03-24,97.2054
2015-03-25,96.874
2015-03-26,97.4193
2015-03-27,97.358
2015-03-30,97.976
2015-03-31,98.4117
2015-04-01,98.1771
2015-04-02,97.5097
2015-04-03,96.8164
2015-04-06,97.0478
2015-04-07,97.9562
2015-04-08,98.0676
2015-04-09,98.9915
2015-04-10,99.386
2015-04-13,99.513
2015-04-14,98.7565
2015-04-15,98.3698
2015-04-16,97.6466
2015-04-17,97.4538
2015-04-20,97.9102
2015-04-21,97.9716
2015-04-22,98.0628
2015-04-23,97.3056
2015-04-24,96.9079
2015-04-27,96.7557
2015-04-28,96.0838
2015-04-29,95.1982
2015-04-30,94.8313
2015-05-01,95.2404
2015-05-04,95.4227
2015-05-05,95.1201
2015-05-06,94.147
2015-05-07,94.6012
2015-05-08,94.8102
2015-05-11,95.0363
2015-05-12,94.5413
2015-05-13,93.6716
2015-05-14,93.3873
2015-05-15,93.2684
2015-05-18,94.1663
2015-05-19,95.3066
2015-05-20,95.6257
2015-05-21,95.4099
2015-05-22,96.2011
2015-05-25,96.3832
2015-05-26,97.2944
2015-05-27,97.2726
2015-05-28,96.9465
2015-05-29,96.86
2015-06-01,97.46
2015-06-02,95.93
2015-06-03,95.35
2015-06-04,95.59
2015-06-05,96.37
2015-06-08,95.24
2015-06-09,95.18
2015-06-10,94.66
2015-06-11,95.14
2015-06-12,94.97
2015-06-15,94.7943
2015-06-16,94.9454
2015-06-17,94.2461
2015-06-18,94.0267
2015-06-19,94.1
2015-06-22,94.3404
2015-06-23,95.4184
2015-06-24,95.2772
2015-06-25,95.2119
2015-06-26,95.4284
2015-06-29,94.9534
2015-06-30,95.5016
2015-07-01,96.2528
2015-07-02,96.1261
2015-07-03,95.9509
2015-07-06,96.2564
2015-07-07,96.7403
2015-07-08,96.2079
2015-07-09,96.4315
2015-07-10,95.8468
2015-07-13,96.7929
2015-07-14,96.6523
2015-07-15,97.1565
2015-07-16,97.6552
2015-07-17,97.9635
2015-07-20,98.0731
2015-07-21,97.3371
2015-07-22,97.4347
2015-07-23,97.2223
2015-07-24,97.2414
2015-07-27,96.5452
2015-07-28,96.6519
2015-07-29,97.1898
2015-07-30,97.485
2015-07-31,97.2276
2015-08-03,97.4863
2015-08-04,97.9392
2015-08-05,97.9178
2015-08-06,97.8139
2015-08-07,97.6178
2015-08-10,97.1855
2015-08-11,97.198
2015-08-12,96.3251
2015-08-13,96.3754
2015-08-14,96.6024
2015-08-17,96.819
2015-08-18,97.0017
2015-08-19,96.4418
2015-08-20,95.7787
2015-08-21,94.8598
2015-08-24,93.5158
2015-08-25,94.0134
2015-08-26,95.34
2015-08-27,95.7701
2015-08-28,95.7727
2015-08-31,95.9885
2015-09-01,95.32
2015-09-02,95.911
2015-09-03,96.4019
2015-09-04,96.2546
2015-09-07,96.1471
2015-09-08,95.8817
2015-09-09,95.8939
2015-09-10,95.547
2015-09-11,95.1718
2015-09-14,95.258
2015-09-15,95.6286
2015-09-16,95.3398
2015-09-17,94.5509
2015-09-18,95.1593
2015-09-21,95.9249
2015-09-22,96.3323
2015-09-23,96.1849
2015-09-24,96.2721
2015-09-25,96.2585
2015-09-28,95.9687
2015-09-29,95.9103
2015-09-30,96.2692
2015-10-01,96.1548
2015-10-02,95.9187
2015-10-05,96.0788
2015-10-06,95.4556
2015-10-07,95.5902
2015-10-08,95.2894
2015-10-09,94.9041
2015-10-12,94.8782
2015-10-13,94.7781
2015-10-14,93.9143
2015-10-15,94.448
2015-10-16,94.7346
2015-10-19,94.9176
2015-10-20,94.8602
2015-10-21,95.0499
2015-10-22,96.366
2015-10-23,97.0584
2015-10-26,96.8048
2015-10-27,96.8792
2015-10-28,97.6195
2015-10-29,97.2199
2015-10-30,96.8961
2015-11-02,96.9097
2015-11-03,97.1675
2015-11-04,97.8856
2015-11-05,97.9926
2015-11-06,99.1658
2015-11-09,99.0496
2015-11-10,99.1696
2015-11-11,98.9696
2015-11-12,98.5095
2015-11-13,99.1003
2015-11-16,99.3841
2015-11-17,99.6525
2015-11-18,99.5715
2015-11-19,98.9779
2015-11-20,99.6025
2015-11-23,99.7298
2015-11-24,99.6308
2015-11-25,99.7437
2015-11-26,99.8394
2015-11-27,100.0768
2015-11-30,100.2351
2015-12-01,99.7855
2015-12-02,99.9883
2015-12-03,97.8693
2015-12-04,98.3092
2015-12-07,98.7079
2015-12-08,98.4238
2015-12-09,97.343
2015-12-10,97.9263
2015-12-11,97.5761
2015-12-14,97.6446
2015-12-15,98.1777
2015-12-16,98.3706
2015-12-17,99.0758
2015-12-18,98.7112
2015-12-21,98.4536
2015-12-22,98.1859
2015-12-23,98.3578
2015-12-24,97.939
2015-12-25,97.8487
2015-12-28,97.9719
2015-12-29,98.2621
2015-12-30,98.2344
2015-12-31,98.7044
2016-01-04,98.8466
2016-01-05,99.3634
2016-01-06,99.2229
2016-01-07,98.2844
2016-01-08,98.3897
2016-01-11,98.8438
2016-01-12,98.9391
2016-01-13,98.9575
2016-01-14,99.0721
2016-01-15,98.9195
2016-01-18,99.0998
2016-01-19,99.1251
2016-01-20,99.0828
2016-01-21,99.0836
2016-01-22,99.5279
2016-01-25,99.2929
2016-01-26,99.0243
2016-01-27,98.9821
2016-01-28,98.5974
2016-01-29,99.5558
2016-02-01,99.0258
2016-02-02,98.8701
2016-02-03,97.2096
2016-02-04,96.5033
2016-02-05,96.9734
2016-02-08,96.7299
2016-02-09,96.0238
2016-02-10,95.7935
2016-02-11,95.5945
2016-02-12,95.9536
2016-02-15,96.7358
2016-02-16,96.8637
2016-02-17,96.8524
2016-02-18,96.8293
2016-02-19,96.6038
2016-02-22,97.3696
2016-02-23,97.4617
2016-02-24,97.5089
2016-02-25,97.4384
2016-02-26,98.1378
2016-02-29,98.2616
2016-03-01,98.3451
2016-03-02,98.1782
2016-03-03,97.599
2016-03-04,97.2084
2016-03-07,97.116
2016-03-08,97.1908
2016-03-09,97.1776
2016-03-10,96.1966
2016-03-11,96.2259
2016-03-14,96.581
2016-03-15,96.6511
2016-03-16,95.7504
2016-03-17,94.8074
2016-03-18,95.0613
2016-03-21,95.4094
2016-03-22,95.6661
2016-03-23,96.0527
2016-03-24,96.1199
2016-03-25,96.2626
2016-03-28,95.9617
2016-03-29,95.177
2016-03-30,94.8412
2016-03-31,94.6281
2016-04-01,94.5626
2016-04-04,94.5767
2016-04-05,94.6133
2016-04-06,94.3598
2016-04-07,94.5356
2016-04-08,94.2109
2016-04-11,94.0088
2016-04-12,94.044
2016-04-13,94.8021
2016-04-14,94.944
2016-04-15,94.7018
2016-04-18,94.4656
2016-04-19,94.1132
2016-04-20,94.537
2016-04-21,94.6499
2016-04-22,95.0753
2016-04-25,94.757
2016-04-26,94.5137
2016-04-27,94.4046
2016-04-28,93.7716
2016-04-29,93.0482
2016-05-02,92.6008
2016-05-03,93.074
2016-05-04,93.2766
2016-05-05,93.7589
2016-05-06,93.851
2016-05-09,94.1528
2016-05-10,94.2693
2016-05-11,93.842
2016-05-12,94.1655
2016-05-13,94.6182
2016-05-16,94.5681
2016-05-17,94.5705
2016-05-18,95.196
2016-05-19,95.3061
2016-05-20,95.2969
2016-05-23,95.244
2016-05-24,95.632
2016-05-25,95.3895
2016-05-26,95.1449
2016-05-27,95.7397
2016-05-30,95.7093
2016-05-31,95.8412
2016-06-01,95.4214
2016-06-02,95.5545
2016-06-03,93.9222
2016-06-06,94.0234
2016-06-07,93.8621
2016-06-08,93.5436
2016-06-09,94.0911
2016-06-10,94.6582
2016-06-13,94.4217
2016-06-14,94.9158
2016-06-15,94.6106
2016-06-16,94.6095
2016-06-17,94.1537
2016-06-20,93.6532
2016-06-21,94.069
2016-06-22,93.5461
2016-06-23,93.0873
2016-06-24,95.4392
2016-06-27,96.3817
2016-06-28,96.0549
2016-06-29,95.6621
2016-06-30,95.9526
2016-07-01,95.6655
2016-07-04,95.5253
2016-07-05,96.2122
2016-07-06,96.1037
2016-07-07,96.258
2016-07-08,96.2966
2016-07-11,96.5512
2016-07-12,96.5086
2016-07-13,96.3202
2016-07-14,96.123
2016-07-15,96.6855
2016-07-18,96.5465
2016-07-19,97.0385
2016-07-20,97.1415
2016-07-21,96.9488
2016-07-22,97.3526
2016-07-25,97.2587
2016-07-26,97.1654
2016-07-27,96.7846
2016-07-28,96.6868
2016-07-29,95.5534
2016-08-01,95.7776
2016-08-02,95.0976
2016-08-03,95.5488
2016-08-04,95.778
2016-08-05,96.2846
2016-08-08,96.3728
2016-08-09,96.1306
2016-08-10,95.5912
2016-08-11,95.9312
2016-08-12,95.7057
2016-08-15,95.6205
2016-08-16,94.7949
2016-08-17,94.7246
2016-08-18,94.1869
2016-08-19,94.4965
2016-08-22,94.5381
2016-08-23,94.5258
2016-08-24,94.7748
2016-08-25,94.7254
2016-08-26,95.47
2016-08-29,95.5805
2016-08-30,96.0527
2016-08-31,95.9868
2016-09-01,95.6454
2016-09-02,95.8821
2016-09-05,95.7791
2016-09-06,94.8647
2016-09-07,94.963
2016-09-08,95.01
2016-09-09,95.3598
2016-09-12,95.1432
2016-09-13,95.5621
2016-09-14,95.3221
2016-09-15,95.2628
2016-09-16,96.0335
2016-09-19,95.8503
2016-09-20,96.0086
2016-09-21,95.5055
2016-09-22,95.3801
2016-09-23,95.5001
2016-09-26,95.2986
2016-09-27,95.4499
2016-09-28,95.4275
2016-09-29,95.5172
2016-09-30,95.4426
2016-10-03,95.7612
2016-10-04,96.1234
2016-10-05,96.1463
2016-10-06,96.681
2016-10-07,96.4912
2016-10-10,96.9018
2016-10-11,97.7289
2016-10-12,98.0003
2016-10-13,97.535
2016-10-14,98.1056
2016-10-17,97.8774
2016-10-18,97.8764
2016-10-19,97.8686
2016-10-20,98.3289
2016-10-21,98.6259
2016-10-24,98.7556
2016-10-25,98.7254
2016-10-26,98.6148
2016-10-27,98.916
2016-10-28,98.3022
2016-10-31,98.3517
2016-11-01,97.735
2016-11-02,97.3731
2016-11-03,97.1597
2016-11-04,96.9016
2016-11-07,97.7372
2016-11-08,97.873
2016-11-09,98.6637
2016-11-10,98.7808
2016-11-11,98.9723
2016-11-14,100.0214
2016-11-15,100.1967
2016-11-16,100.3785
2016-11-17,100.9524
2016-11-18,101.342
2016-11-21,100.8917
2016-11-22,101.0194
2016-11-23,101.6664
2016-11-24,101.7389
2016-11-25,101.4994
2016-11-28,101.1817
2016-11-29,100.9546
2016-11-30,101.5732
2016-12-01,100.9476
2016-12-02,100.6946
2016-12-05,100.1328
2016-12-06,100.4803
2016-12-07,100.2326
2016-12-08,101.099
2016-12-09,101.5704
2016-12-12,100.9709
2016-12-13,101.0507
2016-12-14,102.041
2016-12-15,103.1514
2016-12-16,102.8025
2016-12-19,103.1349
2016-12-20,103.3035
2016-12-21,103.0385
2016-12-22,103.0759
2016-12-23,102.9873
2016-12-26,102.9391
2016-12-27,103.0346
2016-12-28,103.2914
2016-12-29,102.624
2016-12-30,102.3837
2017-01-02,102.9075
2017-01-03,103.2815
2017-01-04,102.5107
2017-01-05,101.4003
2017-01-06,102.1866
2017-01-09,101.9569
2017-01-10,102.0389
2017-01-11,101.73
2017-01-12,101.4542
2017-01-13,101.1871
2017-01-16,101.6064
2017-01-17,100.2688
2017-01-18,101.3372
2017-01-19,101.13
2017-01-20,100.7929
2017-01-23,100.2768
2017-01-24,99.934
2017-01-25,99.934
2017-01-26,100.5069
2017-01-27,100.5728
2017-01-30,100.4497
2017-01-31,99.5669
2017-02-01,99.7332
2017-02-02,99.8403
2017-02-03,99.7261
2017-02-06,99.878
2017-02-07,100.4001
2017-02-08,100.1742
2017-02-09,100.6636
2017-02-10,100.7145
2017-02-13,101.0038
2017-02-14,101.2211
2017-02-15,101.0881
2017-02-16,100.4815
2017-02-17,100.8875
2017-02-20,100.9062
2017-02-21,101.4555
2017-02-22,101.3301
2017-02-23,100.9732
2017-02-24,101.1199
2017-02-27,101.1551
2017-02-28,101.3437
2017-03-01,101.7407
2017-03-02,102.1495
2017-03-03,101.3417
2017-03-06,101.6753
2017-03-07,101.8206
2017-03-08,102.1101
2017-03-09,101.9874
2017-03-10,101.3831
2017-03-13,101.379
2017-03-14,101.7612
2017-03-15,100.5385
2017-03-16,100.2705
2017-03-17,100.3413
2017-03-20,100.3544
2017-03-21,99.7274
2017-03-22,99.6992
2017-03-23,99.7485
2017-03-24,99.7709
2017-03-27,99.2249
2017-03-28,99.701
2017-03-29,99.9462
2017-03-30,100.5813
2017-03-31,100.5451
2017-04-03,100.49
2017-04-04,100.5376
2017-04-05,100.5789
2017-04-06,100.7086
2017-04-07,101.1647
2017-04-10,101.0184
2017-04-11,100.7202
2017-04-12,100.165
2017-04-13,100.5836
2017-04-14,100.5123
2017-04-17,100.3134
2017-04-18,99.513
2017-04-19,99.8171
2017-04-20,99.8058
2017-04-21,99.7403
2017-04-24,99.0265
2017-04-25,98.8372
2017-04-26,98.978
2017-04-27,99.1631
2017-04-28,99.0368
2017-05-01,99.1446
2017-05-02,98.9325
2017-05-03,99.0878
2017-05-04,98.7511
2017-05-05,98.584
2017-05-08,99.151
2017-05-09,99.5734
2017-05-10,99.6212
2017-05-11,99.6579
2017-05-12,99.1858
2017-05-15,98.9346
2017-05-16,98.2139
2017-05-17,97.4353
2017-05-18,97.8725
2017-05-19,97.1115
2017-05-22,96.9833
2017-05-23,97.3714
2017-05-24,97.0466
2017-05-25,97.2128
2017-05-26,97.4092
2017-05-29,97.4795
2017-05-30,97.2993
2017-05-31,96.9672
2017-06-01,97.2179
2017-06-02,96.6578
2017-06-05,96.8166
2017-06-06,96.5493
2017-06-07,96.7215
2017-06-08,96.97
2017-06-09,97.277
2017-06-12,97.1883
2017-06-13,96.9989
2017-06-14,96.9185
2017-06-15,97.5066
2017-06-16,97.1413
2017-06-19,97.5345
2017-06-20,97.7437
2017-06-21,97.5393
2017-06-22,97.5421
2017-06-23,97.3036
2017-06-26,97.4164
2017-06-27,96.4852
2017-06-28,96.049
2017-06-29,95.5782
2017-06-30,95.6309
2017-07-03,96.1937
2017-07-04,96.28
2017-07-05,96.2116
2017-07-06,95.8078
2017-07-07,96.0148
2017-07-10,96.0471
2017-07-11,95.7363
2017-07-12,95.7885
2017-07-13,95.781
2017-07-14,95.1254
2017-07-17,95.1459
2017-07-18,94.6651
2017-07-19,94.8471
2017-07-20,94.271
2017-07-21,93.9659
2017-07-24,94.0031
2017-07-25,94.0928
2017-07-26,93.4542
2017-07-27,93.9235
2017-07-28,93.3462
2017-07-31,92.8091
2017-08-01,93.0739
2017-08-02,92.8846
2017-08-03,92.8244
2017-08-04,93.4882
2017-08-07,93.4194
2017-08-08,93.6178
2017-08-09,93.5315
2017-08-10,93.4009
2017-08-11,93.0967
2017-08-14,93.4316
2017-08-15,93.8514
2017-08-16,93.5111
2017-08-17,93.7214
2017-08-18,93.4448
2017-08-21,93.091
2017-08-22,93.499
2017-08-23,93.2228
2017-08-24,93.2973
2017-08-25,92.5451
2017-08-28,92.2466
2017-08-29,92.3366
2017-08-30,92.9046
2017-08-31,92.6243
2017-09-01,92.8562
2017-09-04,92.6314
2017-09-05,92.3102
2017-09-06,92.2454
2017-09-07,91.5168
2017-09-08,91.3261
2017-09-11,91.9411
2017-09-12,91.9157
2017-09-13,92.4112
2017-09-14,92.05
2017-09-15,91.8458
2017-09-18,92.0294
2017-09-19,91.8377
2017-09-20,92.4524
2017-09-21,92.1717
2017-09-22,92.1699
2017-09-25,92.6519
2017-09-26,92.9924
2017-09-27,93.4568
2017-09-28,93.1026
2017-09-29,93.0711
2017-10-02,93.6406
2017-10-03,93.5926
2017-10-04,93.4795
2017-10-05,93.907
2017-10-06,93.7978
2017-10-09,93.7317
2017-10-10,93.2796
2017-10-11,92.9779
2017-10-12,93.1063
2017-10-13,93.0662
2017-10-16,93.2807
2017-10-17,93.507
2017-10-18,93.4479
2017-10-19,93.1283
2017-10-20,93.6925
2017-10-23,93.8421
2017-10-24,93.9471
2017-10-25,93.6546
2017-10-26,94.6412
2017-10-27,94.8144
2017-10-30,94.4935
2017-10-31,94.5674
2017-11-01,94.8026
2017-11-02,94.7096
2017-11-03,94.9225
2017-11-06,94.7371
2017-11-07,94.8989
2017-11-08,94.8489
2017-11-09,94.5085
2017-11-10,94.3822
2017-11-13,94.5013
2017-11-14,93.8166
2017-11-15,93.8102
2017-11-16,93.9119
2017-11-17,93.6868
2017-11-20,94.0791
2017-11-21,93.9702
2017-11-22,93.2385
2017-11-23,93.1272
2017-11-24,92.7527
2017-11-27,92.923
2017-11-28,93.2754
2017-11-29,93.2756
2017-11-30,93.0139
2017-12-01,92.8789
2017-12-04,93.0878
2017-12-05,93.3116
2017-12-06,93.5703
2017-12-07,93.7786
2017-12-08,93.8722
2017-12-11,93.9567
2017-12-12,94.066
2017-12-13,93.4266
2017-12-14,93.629
2017-12-15,93.9475
2017-12-18,93.7026
2017-12-19,93.4576
2017-12-20,93.3607
2017-12-21,93.2662
2017-12-22,93.2987
2017-12-25,93.2437
2017-12-26,93.287
2017-12-27,93.0742
2017-12-28,92.6468
2017-12-29,92.2574
2018-01-01,92.2574
2018-01-02,91.8616
2018-01-03,92.1708
2018-01-04,91.8691
2018-01-05,92.0268
2018-01-08,92.3351
2018-01-09,92.5063
2018-01-10,92.3791
2018-01-11,91.9163
2018-01-12,90.8615
2018-01-15,90.4354
2018-01-16,90.4671
2018-01-17,90.8823
2018-01-18,90.5232
2018-01-19,90.7025
2018-01-22,90.3726
2018-01-23,90.0919
2018-01-24,89.2033
2018-01-25,89.3528
2018-01-26,89.0205
2018-01-29,89.3578
2018-01-30,89.1844
2018-01-31,89.1201
2018-02-01,88.6486
2018-02-02,89.1901
2018-02-05,89.6852
2018-02-06,89.6655
2018-02-07,90.3016
2018-02-08,90.3033
2018-02-09,90.3347
2018-02-12,90.1347
2018-02-13,89.7212
2018-02-14,89.0168
2018-02-15,88.5685
2018-02-16,89.1333
2018-02-19,89.2083
2018-02-20,89.718
2018-02-21,90.1088
2018-02-22,89.7418
2018-02-23,89.8892
2018-02-26,89.871
2018-02-27,90.379
2018-02-28,90.6693
2018-03-01,90.2646
2018-03-02,89.9991
2018-03-05,89.9968
2018-03-06,89.5933
2018-03-07,89.5903
2018-03-08,90.1302
2018-03-09,90.1342
2018-03-12,89.9221
2018-03-13,89.7235
2018-03-14,89.766
2018-03-15,90.1284
2018-03-16,90.1899
2018-03-19,89.9199
2018-03-20,90.4277
2018-03-21,89.708
2018-03-22,89.8605
2018-03-23,89.5147
2018-03-26,89.0738
2018-03-27,89.3451
2018-03-28,90.0856
2018-03-29,90.0937
2018-03-30,89.9829
2018-04-02,90.0335
2018-04-03,90.1819
2018-04-04,90.1421
2018-04-05,90.4383
2018-04-06,90.1366
2018-04-09,89.8399
2018-04-10,89.6213
2018-04-11,89.5242
2018-04-12,89.7856
2018-04-13,89.805
2018-04-16,89.4372
2018-04-17,89.5012
2018-04-18,89.6321
2018-04-19,89.8928
2018-04-20,90.3313
2018-04-23,90.9279
2018-04-24,90.7981
2018-04-25,91.2584
2018-04-26,91.5845
2018-04-27,91.511
2018-04-30,91.8378
2018-05-01,92.4711
2018-05-02,92.7494
2018-05-03,92.4228
2018-05-04,92.581
2018-05-07,92.7726
2018-05-08,93.0814
2018-05-09,93.1134
2018-05-10,92.7175
2018-05-11,92.5769
2018-05-14,92.6826
2018-05-15,93.2779
2018-05-16,93.3775
2018-05-17,93.4842
2018-05-18,93.6896
2018-05-21,93.5508
2018-05-22,93.6027
2018-05-23,93.9976
2018-05-24,93.7907
2018-05-25,94.2705
2018-05-28,94.4202
2018-05-29,94.8624
2018-05-30,94.0998
2018-05-31,93.9859
2018-06-01,94.1982
2018-06-04,94.0243
2018-06-05,93.8748
2018-06-06,93.6355
2018-06-07,93.4379
2018-06-08,93.5504
2018-06-11,93.5841
2018-06-12,93.8341
2018-06-13,93.5677
2018-06-14,94.9264
2018-06-15,94.8066
2018-06-18,94.7543
2018-06-19,95.0029
2018-06-20,95.1234
2018-06-21,94.8833
2018-06-22,94.5456
2018-06-25,94.299
2018-06-26,94.6765
2018-06-27,95.3278
2018-06-28,95.2788
2018-06-29,94.5183
2018-07-02,94.854
2018-07-03,94.5893
2018-07-04,94.5441
2018-07-05,94.3866
2018-07-06,94.0193
2018-07-09,94.073
2018-07-10,94.1122
2018-07-11,94.7371
2018-07-12,94.8081
2018-07-13,94.7016
2018-07-16,94.5135
2018-07-17,94.9727
2018-07-18,95.1047
2018-07-19,95.1939
2018-07-20,94.4722
2018-07-23,94.6368
2018-07-24,94.5978
2018-07-25,94.2175
2018-07-26,94.7715
2018-07-27,94.6902
2018-07-30,94.2849
2018-07-31,94.5372
2018-08-01,94.6703
2018-08-02,95.1767
2018-08-03,95.2173
2018-08-06,95.3709
2018-08-07,95.1809
2018-08-08,95.1103
2018-08-09,95.6187
2018-08-10,96.329
2018-08-13,96.2934
2018-08-14,96.6668
2018-08-15,96.7211
2018-08-16,96.5895
2018-08-17,96.1236
2018-08-20,95.7935
2018-08-21,95.2557
2018-08-22,95.0982
2018-08-23,95.636
2018-08-24,95.1737
2018-08-27,94.7774
2018-08-28,94.715
2018-08-29,94.54
2018-08-30,94.6792
2018-08-31,95.1213
2018-09-03,95.1228
2018-09-04,95.4349
2018-09-05,95.1148
2018-09-06,95.0357
2018-09-07,95.4137
2018-09-10,95.1642
2018-09-11,95.0799
2018-09-12,94.8474
2018-09-13,94.5379
2018-09-14,94.9766
2018-09-17,94.52
2018-09-18,94.6383
2018-09-19,94.5516
2018-09-20,93.9024
2018-09-21,94.2118
2018-09-24,94.2622
2018-09-25,94.154
2018-09-26,94.3075
2018-09-27,94.9888
2018-09-28,95.1904
2018-10-01,95.2898
2018-10-02,95.4888
2018-10-03,96.0361
2018-10-04,95.7639
2018-10-05,95.6546
2018-10-08,95.7697
2018-10-09,95.7095
2018-10-10,95.5296
2018-10-11,95.029
2018-10-12,95.2616
2018-10-15,95.0703
2018-10-16,95.0824
2018-10-17,95.6375
2018-10-18,95.9724
2018-10-19,95.6668
2018-10-22,96.0334
2018-10-23,95.9466
2018-10-24,96.431
2018-10-25,96.5938
2018-10-26,96.407
2018-10-29,96.6906
2018-10-30,96.9917
2018-10-31,97.1301
2018-11-01,96.2899
2018-11-02,96.5097
2018-11-05,96.3465
2018-11-06,96.2318
2018-11-07,96.1946
2018-11-08,96.6624
2018-11-09,96.9083
2018-11-12,97.6889
2018-11-13,97.1441
2018-11-14,97.0442
2018-11-15,97.0715
2018-11-16,96.4179
2018-11-19,96.2076
2018-11-20,96.8155
2018-11-21,96.7376
2018-11-22,96.4915
2018-11-23,96.9526
2018-11-26,97.0837
2018-11-27,97.3512
2018-11-28,96.8641
2018-11-29,96.7661
2018-11-30,97.1997
2018-12-03,96.9673
2018-12-04,96.9723
2018-12-05,97.0312
2018-12-06,96.7716
2018-12-07,96.7226
2018-12-10,97.2071
2018-12-11,97.4722
2018-12-12,97.0508
2018-12-13,97.0971
2018-12-14,97.4449
2018-12-17,97.1349
2018-12-18,97.0587
2018-12-19,97.0264
2018-12-20,96.4473
2018-12-21,96.9549
2018-12-24,96.5814
2018-12-25,96.6675
2018-12-26,97.0593
2018-12-27,96.585
2018-12-28,96.3738
2018-12-31,96.0741
2019-01-01,96.1223
2019-01-02,96.7825
2019-01-03,96.2734
2019-01-04,96.2149
2019-01-07,95.6951
2019-01-08,95.9168
2019-01-09,95.2032
2019-01-10,95.5394
2019-01-11,95.6584
2019-01-14,95.5973
2019-01-15,95.952
2019-01-16,96.1044
2019-01-17,96.0801
2019-01-18,96.3694
2019-01-21,96.3519
2019-01-22,96.3232
2019-01-23,96.1397
2019-01-24,96.5469
2019-01-25,95.8193
2019-01-28,95.7562
2019-01-29,95.8337
2019-01-30,95.4278
2019-01-31,95.5533
2019-02-01,95.61
2019-02-04,95.8244
2019-02-05,96.0881
2019-02-06,96.4194
2019-02-07,96.5849
2019-02-08,96.638
2019-02-11,97.0593
2019-02-12,96.7336
2019-02-13,97.1903
2019-02-14,97.0177
2019-02-15,96.9181
2019-02-18,96.8024
2019-02-19,96.5187
2019-02-20,96.5589
2019-02-21,96.6191
2019-02-22,96.5418
2019-02-25,96.439
2019-02-26,96.0739
2019-02-27,96.1537
2019-02-28,96.2218
2019-03-01,96.4637
2019-03-04,96.6204
2019-03-05,96.8389
2019-03-06,96.8877
2019-03-07,97.612
2019-03-08,97.3722
2019-03-11,97.1805
2019-03-12,97.008
2019-03-13,96.4689
2019-03-14,96.7571
2019-03-15,96.5434
2019-03-18,96.5008
2019-03-19,96.4032
2019-03-20,96.0136
2019-03-21,96.3545
2019-03-22,96.6066
2019-03-25,96.5353
2019-03-26,96.8234
2019-03-27,96.9658
2019-03-28,97.2479
2019-03-29,97.2456
2019-04-01,97.2437
2019-04-02,97.2934
2019-04-03,97.1373
2019-04-04,97.3158
2019-04-05,97.4157
2019-04-08,97.0592
2019-04-09,97.0363
2019-04-10,96.9309
2019-04-11,97.2004
2019-04-12,96.9491
2019-04-15,96.937
2019-04-16,97.0847
2019-04-17,97.0334
2019-04-18,97.4526
2019-04-19,97.375
2019-04-22,97.2956
2019-04-23,97.5748
2019-04-24,98.0905
2019-04-25,98.1789
2019-04-26,98.033
2019-04-29,97.8394
2019-04-30,97.5235
2019-05-01,97.6534
2019-05-02,97.8454
2019-05-03,97.4619
2019-05-06,97.5324
2019-05-07,97.5656
2019-05-08,97.6226
2019-05-09,97.463
2019-05-10,97.3356
2019-05-13,97.3815
2019-05-14,97.5378
2019-05-15,97.5889
2019-05-16,97.8354
2019-05-17,98.0264
2019-05-20,97.9454
2019-05-21,98.04
2019-05-22,98.1173
2019-05-23,97.874
2019-05-24,97.6021
2019-05-27,97.7507
2019-05-28,97.9751
2019-05-29,98.1732
2019-05-30,98.1825
2019-05-31,97.774
2019-06-03,97.2363
2019-06-04,97.1364
2019-06-05,97.3606
2019-06-06,97.0232
2019-06-07,96.591
2019-06-10,96.7855
2019-06-11,96.7189
2019-06-12,97.0029
2019-06-13,97.0413
2019-06-14,97.5614
2019-06-17,97.557
2019-06-18,97.6464
2019-06-19,97.26
2019-06-20,96.6437
2019-06-21,96.202
2019-06-24,95.9843
2019-06-25,96.1886
2019-06-26,96.2205
2019-06-27,96.2102
2019-06-28,96.193
2019-07-01,96.8288
2019-07-02,96.7702
2019-07-03,96.7788
2019-07-04,96.7281
2019-07-05,97.2614
2019-07-08,97.3728
2019-07-09,97.498
2019-07-10,97.1326
2019-07-11,97.0721
2019-07-12,96.8225
2019-07-15,96.9483
2019-07-16,97.376
2019-07-17,97.2121
2019-07-18,96.705
2019-07-19,97.1245
2019-07-22,97.2795
2019-07-23,97.7003
2019-07-24,97.6896
2019-07-25,97.7953
2019-07-26,97.9996
2019-07-29,98.0549
2019-07-30,98.0727
2019-07-31,98.5667
2019-08-01,98.3697
2019-08-02,98.0843
2019-08-05,97.5065
2019-08-06,97.608
2019-08-07,97.6404
2019-08-08,97.6605
2019-08-09,97.571
2019-08-12,97.418
2019-08-13,97.8363
2019-08-14,97.9925
2019-08-15,98.0978
2019-08-16,98.2049
2019-08-19,98.3806
2019-08-20,98.1593
2019-08-21,98.2978
2019-08-22,98.2136
2019-08-23,97.652
2019-08-26,98.0482
2019-08-27,98.0177
2019-08-28,98.2418
2019-08-29,98.4574
2019-08-30,98.8366
2019-09-02,99.0527
2019-09-03,98.9535
2019-09-04,98.4002
2019-09-05,98.3982
2019-09-06,98.4188
2019-09-09,98.3237
2019-09-10,98.3749
2019-09-11,98.6267
2019-09-12,98.3636
2019-09-13,98.2038
2019-09-16,98.6328
2019-09-17,98.2172
2019-09-18,98.5757
2019-09-19,98.3674
2019-09-20,98.4779
2019-09-23,98.6343
2019-09-24,98.3339
2019-09-25,99.0438
2019-09-26,99.206
2019-09-27,99.111
2019-09-30,99.4021
2019-10-01,99.1588
2019-10-02,99.028
2019-10-03,98.9542
2019-10-04,98.8496
2019-10-07,98.9891
2019-10-08,99.1214
2019-10-09,99.1316
2019-10-10,98.7139
2019-10-11,98.34
2019-10-14,98.461
2019-10-15,98.3012
2019-10-16,98.0165
2019-10-17,97.5847
2019-10-18,97.2032
2019-10-21,97.3236
2019-10-22,97.5334
2019-10-23,97.4772
2019-10-24,97.6695
2019-10-25,97.8447
2019-10-28,97.7495
2019-10-29,97.6833
2019-10-30,97.4695
2019-10-31,97.3133
2019-11-01,97.217
2019-11-04,97.5396
2019-11-05,97.9141
2019-11-06,97.9644
2019-11-07,98.1317
2019-11-08,98.3919
2019-11-11,98.216
2019-11-12,98.3494
2019-11-13,98.3384
2019-11-14,98.1554
2019-11-15,98.0039
2019-11-18,97.8205
2019-11-19,97.8413
2019-11-20,97.9062
2019-11-21,97.9869
2019-11-22,98.2837
2019-11-25,98.2882
2019-11-26,98.2573
2019-11-27,98.3855
2019-11-28,98.3369
2019-11-29,98.2804
2019-12-02,97.8652
2019-12-03,97.7453
2019-12-04,97.6196
2019-12-05,97.3884
2019-12-06,97.6866
2019-12-09,97.655
2019-12-10,97.4825
2019-12-11,97.1558
2019-12-12,97.2845
2019-12-13,97.1841
2019-12-16,97.0547
2019-12-17,97.183
2019-12-18,97.4222
2019-12-19,97.4091
2019-12-20,97.6901
2019-12-23,97.6722
2019-12-24,97.6764
2019-12-25,97.6557
2019-12-26,97.5936
2019-12-27,97.0017
2019-12-30,96.7771
2019-12-31,96.4481
2020-01-01,96.5195
2020-01-02,96.8077
2020-01-03,96.8871
2020-01-06,96.6302
2020-01-07,96.9601
2020-01-08,97.3401
2020-01-09,97.4349
2020-01-10,97.3752
2020-01-13,97.3856
2020-01-14,97.3956
2020-01-15,97.2236
2020-01-16,97.3102
2020-01-17,97.6403
2020-01-20,97.6011
2020-01-21,97.6114
2020-01-22,97.5046
2020-01-23,97.6778
2020-01-24,97.8876
2020-01-27,97.9412
2020-01-28,97.9614
2020-01-29,98.0406
2020-01-30,97.8687
2020-01-31,97.3614
2020-02-03,97.8201
2020-02-04,97.9518
2020-02-05,98.26
2020-02-06,98.4534
2020-02-07,98.7084
2020-02-10,98.8607
2020-02-11,98.7724
2020-02-12,99.0023
2020-02-13,99.1056
2020-02-14,99.1588
2020-02-17,99.1572
2020-02-18,99.4665
2020-02-19,99.6263
2020-02-20,99.8889
2020-02-21,99.3486
2020-02-24,99.2897
2020-02-25,98.9751
2020-02-26,99.1594
2020-02-27,98.411
2020-02-28,98.133
2020-03-02,97.5708
2020-03-03,97.1821
2020-03-04,97.3672
2020-03-05,96.573
2020-03-06,96.1128
2020-03-09,95.0586
2020-03-10,96.5565
2020-03-11,96.5755
2020-03-12,97.445
2020-03-13,98.4888
2020-03-16,97.9874
2020-03-17,99.5935
2020-03-18,100.8817
2020-03-19,102.6881
2020-03-20,102.3871
2020-03-23,102.4528
2020-03-24,101.7874
2020-03-25,100.9413
2020-03-26,99.413
2020-03-27,98.3187
2020-03-30,99.0275
2020-03-31,98.9636
2020-04-01,98.9506
2020-04-02,100.1006
2020-04-03,100.6305
2020-04-06,100.7991
2020-04-07,99.9657
2020-04-08,99.9657
2020-04-09,99.5416
2020-04-10,99.5179
2020-04-13,99.4842
2020-04-14,98.8832
2020-04-15,99.5956
2020-04-16,100.072
2020-04-17,99.7177
2020-04-20,99.9676
2020-04-21,100.2257
2020-04-22,100.3417
2020-04-23,100.5039
2020-04-24,100.2433
2020-04-27,100.0465
2020-04-28,99.9769
2020-04-29,99.5183
2020-04-30,99.0167
2020-05-01,99.0536
2020-05-04,99.498
2020-05-05,99.8401
2020-05-06,100.1789
2020-05-07,99.8327
2020-05-08,99.7539
2020-05-11,100.2242
2020-05-12,100.0071
2020-05-13,100.2228
2020-05-14,100.2835
2020-05-15,100.3774
2020-05-18,99.6347
2020-05-19,99.5668
2020-05-20,99.1809
2020-05-21,99.4148
2020-05-22,99.7794
2020-05-25,99.791
2020-05-26,98.9978
2020-05-27,98.959
2020-05-28,98.4743
2020-05-29,98.2628
2020-06-01,97.8111
2020-06-02,97.6722
2020-06-03,97.3181
2020-06-04,96.763
2020-06-05,96.9357
2020-06-08,96.6976
2020-06-09,96.3851
2020-06-10,96.0923
2020-06-11,96.762
2020-06-12,97.1012
2020-06-15,96.662
2020-06-16,97.003
2020-06-17,97.0671
2020-06-18,97.4554
2020-06-19,97.6842
2020-06-22,97.0517
2020-06-23,96.6879
2020-06-24,97.2286
2020-06-25,97.3943
2020-06-26,97.499
2020-06-29,97.4605
2020-06-30,97.3841
2020-07-01,97.162
2020-07-02,97.2151
2020-07-03,97.1846
2020-07-06,96.7759
2020-07-07,96.9713
2020-07-08,96.4959
2020-07-09,96.8028
2020-07-10,96.6719
2020-07-13,96.5586
2020-07-14,96.2365
2020-07-15,96.0418
2020-07-16,96.3048
2020-07-17,96.014
2020-07-20,95.7972
2020-07-21,95.182
2020-07-22,94.9758
2020-07-23,94.7841
2020-07-24,94.347
2020-07-27,93.6508
2020-07-28,93.7655
2020-07-29,93.2803
2020-07-30,92.9366
2020-07-31,93.4841
2020-08-03,93.5238
2020-08-04,93.2411
2020-08-05,92.839
2020-08-06,92.7899
2020-08-07,93.4133
2020-08-10,93.6157
2020-08-11,93.6583
2020-08-12,93.4328
2020-08-13,93.247
2020-08-14,93.0995
2020-08-17,92.8361
2020-08-18,92.3213
2020-08-19,93.0313
2020-08-20,92.7612
2020-08-21,93.2062
2020-08-24,93.3056
2020-08-25,93.0093
2020-08-26,92.8985
2020-08-27,93.0114
2020-08-28,92.2833
2020-08-31,92.1711
2020-09-01,92.3205
2020-09-02,92.6407
2020-09-03,92.7687
2020-09-04,92.8208
2020-09-07,93.0623
2020-09-08,93.5006
2020-09-09,93.2478
2020-09-10,93.3956
2020-09-11,93.2511
2020-09-14,93.0748
2020-09-15,93.0933
2020-09-16,93.1108
2020-09-17,92.9098
2020-09-18,93.0081
2020-09-21,93.5296
2020-09-22,93.9739
2020-09-23,94.3688
2020-09-24,94.3552
2020-09-25,94.5871
2020-09-28,94.2656
2020-09-29,93.8597
2020-09-30,93.848
2020-10-01,93.7081
2020-10-02,93.8073
2020-10-05,93.4594
2020-10-06,93.8352
2020-10-07,93.6403
2020-10-08,93.6012
2020-10-09,93.0109
2020-10-12,93.0443
2020-10-13,93.5336
2020-10-14,93.42
2020-10-15,93.7954
2020-10-16,93.7064
2020-10-19,93.4231
2020-10-20,93.1005
2020-10-21,92.6577
2020-10-22,92.9446
2020-10-23,92.7367
2020-10-26,93.0667
2020-10-27,93.0389
2020-10-28,93.4498
2020-10-29,93.9325
2020-10-30,94.0175
2020-11-02,94.0506
2020-11-03,93.4093
2020-11-04,93.442
2020-11-05,92.5833
2020-11-06,92.3246
2020-11-09,92.8361
2020-11-10,92.72
2020-11-11,93.0081
2020-11-12,92.9748
2020-11-13,92.7279
2020-11-16,92.5551
2020-11-17,92.4564
2020-11-18,92.4043
2020-11-19,92.3035
2020-11-20,92.3912
2020-11-23,92.5197
2020-11-24,92.1403
2020-11-25,92.0138
2020-11-26,92.0194
2020-11-27,91.7845
2020-11-30,92.033
2020-12-01,91.1801
2020-12-02,91.0183
2020-12-03,90.6749
2020-12-04,90.8034
2020-12-07,90.865
2020-12-08,90.9495
2020-12-09,91.0342
2020-12-10,90.7779
2020-12-11,90.9743
2020-12-14,90.7283
2020-12-15,90.5843
2020-12-16,90.22
2020-12-17,89.77
2020-12-18,89.92
2020-12-21,90.0816
2020-12-22,90.6334
2020-12-23,90.3475
2020-12-24,90.3026
2020-12-25,90.3331
2020-12-28,90.2841
2020-12-29,90.004
2020-12-30,89.6001
2020-12-31,89.9583
2021-01-04,89.8778
2021-01-05,89.4754
2021-01-06,89.4167
2021-01-07,89.827
2021-01-08,90.0651
2021-01-11,90.55
2021-01-12,90.04
2021-01-13,90.32
2021-01-14,90.25
2021-01-15,90.79
2021-01-18,90.7716
2021-01-19,90.4882
2021-01-20,90.4601
2021-01-21,90.0839
2021-01-22,90.2112
2021-01-25,90.351
2021-01-26,90.1869
2021-01-27,90.5917
2021-01-28,90.5405
2021-01-29,90.5382
2021-02-01,91.0272
2021-02-02,91.0431
2021-02-03,91.1129
2021-02-04,91.5513
2021-02-05,90.9921
2021-02-08,90.9682
2021-02-09,90.44
2021-02-10,90.4287
2021-02-11,90.4038
2021-02-12,90.4443
2021-02-15,90.3644
2021-02-16,90.5987
2021-02-17,90.9146
2021-02-18,90.5555
2021-02-19,90.3398
2021-02-22,90.0869
2021-02-23,90.1173
2021-02-24,90.0435
2021-02-25,90.2149
2021-02-26,90.9399
2021-03-01,91.0173
2021-03-02,90.7646
2021-03-03,90.9909
2021-03-04,91.6141
2021-03-05,91.997
2021-03-08,92.4074
2021-03-09,91.9696
2021-03-10,91.7818
2021-03-11,91.4172
2021-03-12,91.6676
2021-03-15,91.8032
2021-03-16,91.8752
2021-03-17,91.9738
2021-03-18,91.8283
2021-03-19,91.9493
2021-03-22,91.8031
2021-03-23,92.3527
2021-03-24,92.5886
2021-03-25,92.8846
2021-03-26,92.7252
2021-03-29,92.9354
2021-03-30,93.286
2021-03-31,93.1839
2021-04-01,92.8963
2021-04-02,92.9977
2021-04-05,92.5911
2021-04-06,92.2895
2021-04-07,92.4201
2021-04-08,92.0645
2021-04-09,92.1766
2021-04-12,92.1065
2021-04-13,91.8444
2021-04-14,91.6507
2021-04-15,91.6795
2021-04-16,91.5363
2021-04-19,91.0992
2021-04-20,91.1943
2021-04-21,91.1151
2021-04-22,91.2774
2021-04-23,90.8295
2021-04-26,90.8405
2021-04-27,90.8749
2021-04-28,90.6064
2021-04-29,90.6555
2021-04-30,91.2985
2021-05-03,90.9698
2021-05-04,91.2831
2021-05-05,91.267
2021-05-06,90.8715
2021-05-07,90.2395
2021-05-10,90.3102
2021-05-11,90.1777
2021-05-12,90.8033
2021-05-13,90.737
2021-05-14,90.3094
2021-05-17,90.2163
2021-05-18,89.795
2021-05-19,90.1828
2021-05-20,89.7602
2021-05-21,90.0432
2021-05-24,89.8363
2021-05-25,89.6685
2021-05-26,90.0576
2021-05-27,90.0015
2021-05-28,90.0547
2021-05-31,89.8467
2021-06-01,89.9314
2021-06-02,89.8985
2021-06-03,90.495
2021-06-04,90.1393
2021-06-07,89.9816
2021-06-08,90.1144
2021-06-09,90.1324
2021-06-10,90.0465
2021-06-11,90.5093
2021-06-14,90.5077
2021-06-15,90.522
2021-06-16,91.4019
2021-06-17,91.9096
2021-06-18,92.3217
2021-06-21,91.8554
2021-06-22,91.7193
2021-06-23,91.8138
2021-06-24,91.8153
2021-06-25,91.8057
2021-06-28,91.8795
2021-06-29,92.0941
2021-06-30,92.3671
2021-07-01,92.5361
2021-07-02,92.2452
2021-07-05,92.2566
2021-07-06,92.5395
2021-07-07,92.7206
2021-07-08,92.3757
2021-07-09,92.1012
2021-07-12,92.24
2021-07-13,92.7873
2021-07-14,92.3701
2021-07-15,92.5861
2021-07-16,92.7143
2021-07-19,92.8327
2021-07-20,92.9695
2021-07-21,92.7903
2021-07-22,92.8377
2021-07-23,92.9084
2021-07-26,92.6325
2021-07-27,92.4901
2021-07-28,92.2871
2021-07-29,91.9077
2021-07-30,92.1032
2021-08-02,92.0886
2021-08-03,92.0668
2021-08-04,92.2753
2021-08-05,92.2726
2021-08-06,92.7824
2021-08-09,92.9766
2021-08-10,93.0629
2021-08-11,92.9175
2021-08-12,93.025
2021-08-13,92.5226
2021-08-16,92.6184
2021-08-17,93.1443
2021-08-18,93.157
2021-08-19,93.5586
2021-08-20,93.4571
2021-08-23,92.9875
2021-08-24,92.884
2021-08-25,92.822
2021-08-26,93.0585
2021-08-27,92.7007
2021-08-30,92.7007
2021-08-31,92.654
2021-09-01,92.5027
2021-09-02,92.2167
2021-09-03,92.1331
2021-09-06,92.2235
2021-09-07,92.5393
2021-09-08,92.7157
2021-09-09,92.5094
2021-09-10,92.6398
2021-09-13,92.6151
2021-09-14,92.6639
2021-09-15,92.4895
2021-09-16,92.8677
2021-09-17,93.2563
2021-09-20,93.2498
2021-09-21,93.2172
2021-09-22,93.4763
2021-09-23,93.0987
2021-09-24,93.271
2021-09-27,93.4227
2021-09-28,93.7215
2021-09-29,94.3703
2021-09-30,94.2638
2021-10-01,94.0747
2021-10-04,93.8182
2021-10-05,93.9797
2021-10-06,94.2243
2021-10-07,94.2227
2021-10-08,94.1027
2021-10-11,94.3669
2021-10-12,94.5196
2021-10-13,94.0244
2021-10-14,93.9823
2021-10-15,93.9657
2021-10-18,93.9591
2021-10-19,93.7797
2021-10-20,93.6112
2021-10-21,93.7562
2021-10-22,93.6116
2021-10-25,93.8393
2021-10-26,93.9591
2021-10-27,93.8649
2021-10-28,93.3606
2021-10-29,94.1408
2021-11-01,93.8717
2021-11-02,94.107
2021-11-03,93.8671
2021-11-04,94.3281
2021-11-05,94.2241
2021-11-08,94.0493
2021-11-09,93.972
2021-11-10,94.8998
2021-11-11,95.1507
2021-11-12,95.1166
2021-11-15,95.5242
2021-11-16,95.9116
2021-11-17,95.7991
2021-11-18,95.5414
2021-11-19,96.0672
2021-11-22,96.5036
2021-11-23,96.4934
2021-11-24,96.843
2021-11-25,96.786
2021-11-26,96.064
2021-11-29,96.172
2021-11-30,95.897
2021-12-01,96.0407
2021-12-02,96.1246
2021-12-03,96.1715
2021-12-06,96.2777
2021-12-07,96.3046
2021-12-08,95.9604
2021-12-09,96.2233
2021-12-10,96.0496
2021-12-13,96.3529
2021-12-14,96.5608
2021-12-15,96.3421
2021-12-16,95.99
2021-12-17,96.6756
2021-12-20,96.516
2021-12-21,96.4557
2021-12-22,96.4557
2021-12-23,96.0602
2021-12-24,96.1327
2021-12-27,96.0724
2021-12-28,96.1703
2021-12-29,95.9059
2021-12-30,95.9701
2021-12-31,95.9701
2022-01-03,96.2181
2022-01-04,96.2685
2022-01-05,96.1734
2022-01-06,96.2316
2022-01-07,95.7388
2022-01-10,95.953
2022-01-11,95.5957
2022-01-12,94.9984
2022-01-13,94.8822
2022-01-14,95.1606
2022-01-17,95.259
2022-01-18,95.7298
2022-01-19,95.6069
2022-01-20,95.7948
2022-01-21,95.6317
2022-01-24,95.8958
2022-01-25,95.9975
2022-01-26,96.4886
2022-01-27,97.2288
2022-01-28,97.2135
2022-01-31,96.6369
2022-02-01,96.253
2022-02-02,95.9872
2022-02-03,95.341
2022-02-04,95.4683
2022-02-07,95.412
2022-02-08,95.6095
2022-02-09,95.5588
2022-02-10,95.6799
2022-02-11,96.0309
2022-02-14,96.2789
2022-02-15,95.9863
2022-02-16,95.8266
2022-02-17,95.8216
2022-02-18,96.1024
2022-02-21,96.1321
2022-02-22,96.0844
2022-02-23,96.2042
2022-02-24,97.0908
2022-02-25,96.5433
2022-02-28,96.7063
2022-03-01,97.4044
2022-03-02,97.3539
2022-03-03,97.7267
2022-03-04,98.5113
2022-03-07,99.2599
2022-03-08,99.1289
2022-03-09,97.9601
2022-03-10,98.516
2022-03-11,99.1263
2022-03-14,99.1193
2022-03-15,98.9916
2022-03-16,98.3755
2022-03-17,98.0175
2022-03-18,98.2282
2022-03-21,98.4923
2022-03-22,98.4386
2022-03-23,98.647
2022-03-24,98.7894
2022-03-25,98.8103
2022-03-28,99.152
2022-03-29,98.4257
2022-03-30,97.8297
2022-03-31,98.3618
2022-04-01,98.5709
2022-04-04,99.0122
2022-04-05,99.4903
2022-04-06,99.6457
2022-04-07,99.7712
2022-04-08,99.843
2022-04-11,99.9775
2022-04-12,100.3367
2022-04-13,99.8387
2022-04-14,100.3048
2022-04-15,100.5201
2022-04-18,100.7877
2022-04-19,100.9863
2022-04-20,100.3037
2022-04-21,100.6273
2022-04-22,101.1233
2022-04-25,101.7435
2022-04-26,101.7393
2022-04-27,102.9669
2022-04-28,103.6704
2022-04-29,103.2173
2022-05-02,103.6027
2022-05-03,103.4861
2022-05-04,102.5122
2022-05-05,103.5715
2022-05-06,103.6617
2022-05-09,103.7264
2022-05-10,103.9278
2022-05-11,104.02
2022-05-12,104.7536
2022-05-13,104.4509
2022-05-16,104.223
2022-05-17,103.2971
2022-05-18,103.9245
2022-05-19,102.8934
2022-05-20,103.0334
2022-05-23,102.0767
2022-05-24,101.7692
2022-05-25,102.1262
2022-05-26,101.7557
2022-05-27,101.6429
2022-05-30,101.6454
2022-05-31,101.7679
2022-06-01,102.5679
2022-06-02,101.7797
2022-06-03,102.1704
2022-06-06,102.3982
2022-06-07,102.3352
2022-06-08,102.5613
2022-06-09,103.3279
2022-06-10,104.1926
2022-06-13,105.2277
2022-06-14,105.4807
2022-06-15,104.8694
2022-06-16,103.8326
2022-06-17,104.6682
2022-06-20,104.5045
2022-06-21,104.4244
2022-06-22,104.2163
2022-06-23,104.4105
2022-06-24,104.1303
2022-06-27,103.9569
2022-06-28,104.5001
2022-06-29,105.1129
2022-06-30,104.7057
2022-07-01,105.116
2022-07-04,105.1764
2022-07-05,106.521
2022-07-06,107.0829
2022-07-07,107.0716
2022-07-08,106.8951
2022-07-11,108.2193
2022-07-12,108.1571
2022-07-13,108.0452
2022-07-14,108.6379
2022-07-15,107.9817
2022-07-18,107.46
2022-07-19,106.7089
2022-07-20,107.0345
2022-07-21,106.5673
2022-07-22,106.5518
2022-07-25,106.5518
2022-07-26,107.2352
2022-07-27,106.4861
2022-07-28,106.1656
2022-07-29,105.8361
2022-08-01,105.3887
2022-08-02,106.3267
2022-08-03,106.4004
2022-08-04,105.7453
2022-08-05,106.5714
2022-08-08,106.3827
2022-08-09,106.3112
2022-08-10,105.223
2022-08-11,105.1061
2022-08-12,105.6788
2022-08-15,106.5155
2022-08-16,106.4602
2022-08-17,106.6483
2022-08-18,107.517
2022-08-19,108.1102
2022-08-22,108.9728
2022-08-23,108.5394
2022-08-24,108.6456
2022-08-25,108.4253
2022-08-26,108.8564
2022-08-29,108.7816
2022-08-30,108.8249
2022-08-31,108.6796
2022-09-01,109.6649
2022-09-02,109.6121
2022-09-05,109.819
2022-09-06,110.2383
2022-09-07,109.5831
2022-09-08,109.6528
2022-09-09,108.9655
2022-09-12,108.3076
2022-09-13,109.9188
2022-09-14,109.6461
2022-09-15,109.6856
2022-09-16,109.6597
2022-09-19,109.5949
2022-09-20,110.1986
2022-09-21,111.3731
2022-09-22,111.2889
2022-09-23,113.0324
2022-09-26,114.1146
2022-09-27,114.1596
2022-09-28,112.7177
2022-09-29,111.9699
2022-09-30,112.1511
2022-10-03,111.6392
2022-10-04,110.1798
2022-10-05,111.1992
2022-10-06,112.2612
2022-10-07,112.7562
2022-10-10,113.1571
2022-10-11,113.2941
2022-10-12,113.2668
2022-10-13,112.4601
2022-10-14,113.3095
2022-10-17,112.0931
2022-10-18,112.0303
2022-10-19,112.9089
2022-10-20,112.8273
2022-10-21,111.8505
2022-10-24,112.0087
2022-10-25,110.8775
2022-10-26,109.6982
2022-10-27,110.5894
2022-10-28,110.6763
2022-10-31,111.6036
2022-11-01,111.5609
2022-11-02,112.1193
2022-11-03,112.9842
2022-11-04,110.7839
2022-11-07,110.1872
2022-11-08,109.6342
2022-11-09,110.4278
2022-11-10,107.8847
2022-11-11,106.4083
2022-11-14,106.8986
2022-11-15,106.5629
2022-11-16,106.2934
2022-11-17,106.6784
2022-11-18,106.9678
2022-11-21,107.8226
2022-11-22,107.1687
2022-11-23,106.1437
2022-11-24,105.8617
2022-11-25,106.0724
2022-11-28,106.6752
2022-11-29,106.8126
2022-11-30,105.9765
2022-12-01,104.7036
2022-12-02,104.5098
2022-12-05,105.272
2022-12-06,105.5641
2022-12-07,105.1983
2022-12-08,104.8156
2022-12-09,104.9257
2022-12-12,105.0116
2022-12-13,104.0158
2022-12-14,103.6286
2022-12-15,104.6057
2022-12-16,104.8466
2022-12-19,104.6791
2022-12-20,103.9665
2022-12-21,104.2598
2022-12-22,104.381
2022-12-23,104.3235
2022-12-26,104.1681
2022-12-27,104.2013
2022-12-28,104.5291
2022-12-29,103.9747
2022-12-30,103.4895
2023-01-02,103.7683
2023-01-03,104.6744
2023-01-04,104.2669
2023-01-05,105.1228
2023-01-06,103.9091
2023-01-09,103.1892
2023-01-10,103.2895
2023-01-11,103.2472
2023-01-12,102.2542
2023-01-13,102.1682
2023-01-16,102.364
2023-01-17,102.3894
2023-01-18,102.4052
2023-01-19,102.0712
2023-01-20,101.9966
2023-01-23,102.0318
2023-01-24,101.9081
2023-01-25,101.6427
2023-01-26,101.8167
2023-01-27,101.922
2023-01-30,102.2304
2023-01-31,102.1037
2023-02-01,101.1547
2023-02-02,101.7478
2023-02-03,102.9959
2023-02-06,103.6333
2023-02-07,103.3461
2023-02-08,103.4794
2023-02-09,103.221
2023-02-10,103.5757
2023-02-13,103.2717
2023-02-14,103.2603
2023-02-15,103.862
2023-02-16,104.0246
2023-02-17,103.8812
2023-02-20,103.8903
2023-02-21,104.2043
2023-02-22,104.5281
2023-02-23,104.6105
2023-02-24,105.2618
2023-02-27,104.6522
2023-02-28,104.9868
2023-03-01,104.3862
2023-03-02,104.9795
2023-03-03,104.5288
2023-03-06,104.2694
2023-03-07,105.6286
2023-03-08,105.6928
2023-03-09,105.2432
2023-03-10,104.6502
2023-03-13,103.6186
2023-03-14,103.6712
2023-03-15,104.7549
2023-03-16,104.4472
2023-03-17,103.8637
2023-03-20,103.2992
2023-03-21,103.2197
2023-03-22,102.5608
2023-03-23,102.6068
2023-03-24,103.106
2023-03-27,102.8444
2023-03-28,102.422
2023-03-29,102.6526
2023-03-30,102.1786
2023-03-31,102.597
2023-04-03,102.0654
2023-04-04,101.5788
2023-04-05,101.8959
2023-04-06,101.9172
2023-04-07,102.1053
2023-04-10,102.5529
2023-04-11,102.1513
2023-04-12,101.5297
2023-04-13,101.0148
2023-04-14,101.5775
2023-04-17,102.1041
2023-04-18,101.7368
2023-04-19,101.95
2023-04-20,101.7879
2023-04-21,101.7201
2023-04-24,101.3411
2023-04-25,101.8476
2023-04-26,101.4453
2023-04-27,101.4812
2023-04-28,101.6645
2023-05-01,102.1007
2023-05-02,101.9535
2023-05-03,101.2728
2023-05-04,101.4337
2023-05-05,101.2904
2023-05-08,101.3908
2023-05-09,101.6549
2023-05-10,101.4375
2023-05-11,102.0789
2023-05-12,102.704
2023-05-15,102.4377
2023-05-16,102.6049
2023-05-17,102.8832
2023-05-18,103.5529
2023-05-19,103.1921
2023-05-22,103.2461
2023-05-23,103.5299
2023-05-24,103.9102
2023-05-25,104.2269
2023-05-26,104.2134
2023-05-29,104.2907
2023-05-30,104.0494
2023-05-31,104.2208
2023-06-01,103.5515
2023-06-02,104.046
2023-06-05,104.0115
2023-06-06,104.1508
2023-06-07,104.1241
2023-06-08,103.3204
2023-06-09,103.5562
2023-06-12,103.6275
2023-06-13,103.2885
2023-06-14,103.0139
2023-06-15,102.1415
2023-06-16,102.3153
2023-06-19,102.4969
2023-06-20,102.5394
2023-06-21,102.0859
2023-06-22,102.4009
2023-06-23,102.8817
2023-06-26,102.7006
2023-06-27,102.508
2023-06-28,102.9984
2023-06-29,103.3788
2023-06-30,103.3788
2023-07-03,102.973
2023-07-04,103.10419999999999
2023-07-05,103.36099999999999
2023-07-06,103.1126
2023-07-07,102.22543
2023-07-10,101.9527
2023-07-11,101.65090000000001
